ISO-10303-21;
HEADER;
/* Generated by software containing ST-Developer
 * from STEP Tools, Inc. (www.steptools.com) 
 */

FILE_DESCRIPTION(
/* description */ (''),
/* implementation_level */ '2;1');

FILE_NAME(
/* name */ 'XacPAD v2 case TOP.step',
/* time_stamp */ '2026-08-18T18:41:31+02:00',
/* author */ (''),
/* organization */ (''),
/* preprocessor_version */ 'ST-DEVELOPER v20.1',
/* originating_system */ 'Autodesk Translation Framework v15.8.0.0',
/* authorisation */ '');

FILE_SCHEMA (('AUTOMOTIVE_DESIGN { 1 0 10303 214 3 1 1 }'));
ENDSEC;

DATA;
#10=MECHANICAL_DESIGN_GEOMETRIC_PRESENTATION_REPRESENTATION('',(#13),#3278);
#11=SHAPE_REPRESENTATION_RELATIONSHIP('SRR','None',#3285,#12);
#12=ADVANCED_BREP_SHAPE_REPRESENTATION('',(#14),#3277);
#13=STYLED_ITEM('',(#3294),#14);
#14=MANIFOLD_SOLID_BREP('Cuerpo2',#1938);
#15=FACE_BOUND('',#190,.T.);
#16=FACE_BOUND('',#191,.T.);
#17=FACE_BOUND('',#192,.T.);
#18=FACE_BOUND('',#193,.T.);
#19=FACE_BOUND('',#194,.T.);
#20=FACE_BOUND('',#195,.T.);
#21=FACE_BOUND('',#196,.T.);
#22=FACE_BOUND('',#197,.T.);
#23=FACE_BOUND('',#198,.T.);
#24=FACE_BOUND('',#199,.T.);
#25=FACE_BOUND('',#200,.T.);
#26=FACE_BOUND('',#201,.T.);
#27=FACE_BOUND('',#202,.T.);
#28=FACE_BOUND('',#203,.T.);
#29=FACE_BOUND('',#204,.T.);
#30=FACE_BOUND('',#296,.T.);
#31=FACE_BOUND('',#297,.T.);
#32=FACE_BOUND('',#298,.T.);
#33=FACE_BOUND('',#299,.T.);
#34=FACE_BOUND('',#300,.T.);
#35=FACE_BOUND('',#301,.T.);
#36=FACE_BOUND('',#302,.T.);
#37=FACE_BOUND('',#303,.T.);
#38=FACE_BOUND('',#304,.T.);
#39=FACE_BOUND('',#305,.T.);
#40=FACE_BOUND('',#306,.T.);
#41=FACE_BOUND('',#307,.T.);
#42=FACE_BOUND('',#308,.T.);
#43=FACE_BOUND('',#309,.T.);
#44=FACE_BOUND('',#310,.T.);
#45=PLANE('',#1958);
#46=PLANE('',#1959);
#47=PLANE('',#2009);
#48=PLANE('',#2012);
#49=PLANE('',#2017);
#50=PLANE('',#2020);
#51=PLANE('',#2023);
#52=PLANE('',#2026);
#53=PLANE('',#2029);
#54=PLANE('',#2032);
#55=PLANE('',#2035);
#56=PLANE('',#2038);
#57=PLANE('',#2047);
#58=PLANE('',#2048);
#59=PLANE('',#2051);
#60=PLANE('',#2054);
#61=PLANE('',#2057);
#62=PLANE('',#2060);
#63=PLANE('',#2063);
#64=PLANE('',#2066);
#65=PLANE('',#2069);
#66=PLANE('',#2072);
#67=PLANE('',#2075);
#68=PLANE('',#2078);
#69=PLANE('',#2081);
#70=PLANE('',#2084);
#71=PLANE('',#2087);
#72=PLANE('',#2090);
#73=PLANE('',#2093);
#74=PLANE('',#2096);
#75=PLANE('',#2099);
#76=PLANE('',#2102);
#77=PLANE('',#2105);
#78=PLANE('',#2108);
#79=PLANE('',#2111);
#80=PLANE('',#2114);
#81=PLANE('',#2117);
#82=PLANE('',#2120);
#83=PLANE('',#2123);
#84=PLANE('',#2126);
#85=PLANE('',#2129);
#86=PLANE('',#2132);
#87=PLANE('',#2135);
#88=PLANE('',#2138);
#89=PLANE('',#2141);
#90=PLANE('',#2144);
#91=FACE_OUTER_BOUND('',#186,.T.);
#92=FACE_OUTER_BOUND('',#187,.T.);
#93=FACE_OUTER_BOUND('',#188,.T.);
#94=FACE_OUTER_BOUND('',#189,.T.);
#95=FACE_OUTER_BOUND('',#205,.T.);
#96=FACE_OUTER_BOUND('',#206,.T.);
#97=FACE_OUTER_BOUND('',#207,.T.);
#98=FACE_OUTER_BOUND('',#208,.T.);
#99=FACE_OUTER_BOUND('',#209,.T.);
#100=FACE_OUTER_BOUND('',#210,.T.);
#101=FACE_OUTER_BOUND('',#211,.T.);
#102=FACE_OUTER_BOUND('',#212,.T.);
#103=FACE_OUTER_BOUND('',#213,.T.);
#104=FACE_OUTER_BOUND('',#214,.T.);
#105=FACE_OUTER_BOUND('',#215,.T.);
#106=FACE_OUTER_BOUND('',#216,.T.);
#107=FACE_OUTER_BOUND('',#217,.T.);
#108=FACE_OUTER_BOUND('',#218,.T.);
#109=FACE_OUTER_BOUND('',#219,.T.);
#110=FACE_OUTER_BOUND('',#220,.T.);
#111=FACE_OUTER_BOUND('',#221,.T.);
#112=FACE_OUTER_BOUND('',#222,.T.);
#113=FACE_OUTER_BOUND('',#223,.T.);
#114=FACE_OUTER_BOUND('',#224,.T.);
#115=FACE_OUTER_BOUND('',#225,.T.);
#116=FACE_OUTER_BOUND('',#226,.T.);
#117=FACE_OUTER_BOUND('',#227,.T.);
#118=FACE_OUTER_BOUND('',#228,.T.);
#119=FACE_OUTER_BOUND('',#229,.T.);
#120=FACE_OUTER_BOUND('',#230,.T.);
#121=FACE_OUTER_BOUND('',#231,.T.);
#122=FACE_OUTER_BOUND('',#232,.T.);
#123=FACE_OUTER_BOUND('',#233,.T.);
#124=FACE_OUTER_BOUND('',#234,.T.);
#125=FACE_OUTER_BOUND('',#235,.T.);
#126=FACE_OUTER_BOUND('',#236,.T.);
#127=FACE_OUTER_BOUND('',#237,.T.);
#128=FACE_OUTER_BOUND('',#238,.T.);
#129=FACE_OUTER_BOUND('',#239,.T.);
#130=FACE_OUTER_BOUND('',#240,.T.);
#131=FACE_OUTER_BOUND('',#241,.T.);
#132=FACE_OUTER_BOUND('',#242,.T.);
#133=FACE_OUTER_BOUND('',#243,.T.);
#134=FACE_OUTER_BOUND('',#244,.T.);
#135=FACE_OUTER_BOUND('',#245,.T.);
#136=FACE_OUTER_BOUND('',#246,.T.);
#137=FACE_OUTER_BOUND('',#247,.T.);
#138=FACE_OUTER_BOUND('',#248,.T.);
#139=FACE_OUTER_BOUND('',#249,.T.);
#140=FACE_OUTER_BOUND('',#250,.T.);
#141=FACE_OUTER_BOUND('',#251,.T.);
#142=FACE_OUTER_BOUND('',#252,.T.);
#143=FACE_OUTER_BOUND('',#253,.T.);
#144=FACE_OUTER_BOUND('',#254,.T.);
#145=FACE_OUTER_BOUND('',#255,.T.);
#146=FACE_OUTER_BOUND('',#256,.T.);
#147=FACE_OUTER_BOUND('',#257,.T.);
#148=FACE_OUTER_BOUND('',#258,.T.);
#149=FACE_OUTER_BOUND('',#259,.T.);
#150=FACE_OUTER_BOUND('',#260,.T.);
#151=FACE_OUTER_BOUND('',#261,.T.);
#152=FACE_OUTER_BOUND('',#262,.T.);
#153=FACE_OUTER_BOUND('',#263,.T.);
#154=FACE_OUTER_BOUND('',#264,.T.);
#155=FACE_OUTER_BOUND('',#265,.T.);
#156=FACE_OUTER_BOUND('',#266,.T.);
#157=FACE_OUTER_BOUND('',#267,.T.);
#158=FACE_OUTER_BOUND('',#268,.T.);
#159=FACE_OUTER_BOUND('',#269,.T.);
#160=FACE_OUTER_BOUND('',#270,.T.);
#161=FACE_OUTER_BOUND('',#271,.T.);
#162=FACE_OUTER_BOUND('',#272,.T.);
#163=FACE_OUTER_BOUND('',#273,.T.);
#164=FACE_OUTER_BOUND('',#274,.T.);
#165=FACE_OUTER_BOUND('',#275,.T.);
#166=FACE_OUTER_BOUND('',#276,.T.);
#167=FACE_OUTER_BOUND('',#277,.T.);
#168=FACE_OUTER_BOUND('',#278,.T.);
#169=FACE_OUTER_BOUND('',#279,.T.);
#170=FACE_OUTER_BOUND('',#280,.T.);
#171=FACE_OUTER_BOUND('',#281,.T.);
#172=FACE_OUTER_BOUND('',#282,.T.);
#173=FACE_OUTER_BOUND('',#283,.T.);
#174=FACE_OUTER_BOUND('',#284,.T.);
#175=FACE_OUTER_BOUND('',#285,.T.);
#176=FACE_OUTER_BOUND('',#286,.T.);
#177=FACE_OUTER_BOUND('',#287,.T.);
#178=FACE_OUTER_BOUND('',#288,.T.);
#179=FACE_OUTER_BOUND('',#289,.T.);
#180=FACE_OUTER_BOUND('',#290,.T.);
#181=FACE_OUTER_BOUND('',#291,.T.);
#182=FACE_OUTER_BOUND('',#292,.T.);
#183=FACE_OUTER_BOUND('',#293,.T.);
#184=FACE_OUTER_BOUND('',#294,.T.);
#185=FACE_OUTER_BOUND('',#295,.T.);
#186=EDGE_LOOP('',(#1236,#1237,#1238,#1239));
#187=EDGE_LOOP('',(#1240,#1241,#1242,#1243));
#188=EDGE_LOOP('',(#1244,#1245,#1246,#1247));
#189=EDGE_LOOP('',(#1248,#1249,#1250,#1251,#1252,#1253,#1254,#1255));
#190=EDGE_LOOP('',(#1256,#1257,#1258,#1259,#1260,#1261,#1262,#1263));
#191=EDGE_LOOP('',(#1264,#1265,#1266,#1267,#1268,#1269,#1270,#1271));
#192=EDGE_LOOP('',(#1272,#1273,#1274,#1275,#1276,#1277,#1278,#1279));
#193=EDGE_LOOP('',(#1280,#1281,#1282,#1283,#1284,#1285,#1286,#1287));
#194=EDGE_LOOP('',(#1288,#1289,#1290,#1291,#1292,#1293,#1294,#1295));
#195=EDGE_LOOP('',(#1296,#1297,#1298,#1299,#1300,#1301,#1302,#1303));
#196=EDGE_LOOP('',(#1304,#1305,#1306,#1307,#1308,#1309,#1310,#1311));
#197=EDGE_LOOP('',(#1312,#1313,#1314,#1315,#1316,#1317,#1318,#1319));
#198=EDGE_LOOP('',(#1320));
#199=EDGE_LOOP('',(#1321));
#200=EDGE_LOOP('',(#1322));
#201=EDGE_LOOP('',(#1323));
#202=EDGE_LOOP('',(#1324,#1325,#1326,#1327,#1328,#1329,#1330,#1331));
#203=EDGE_LOOP('',(#1332,#1333,#1334,#1335,#1336,#1337,#1338,#1339));
#204=EDGE_LOOP('',(#1340));
#205=EDGE_LOOP('',(#1341,#1342,#1343,#1344));
#206=EDGE_LOOP('',(#1345,#1346,#1347,#1348));
#207=EDGE_LOOP('',(#1349,#1350,#1351,#1352));
#208=EDGE_LOOP('',(#1353,#1354,#1355,#1356));
#209=EDGE_LOOP('',(#1357,#1358,#1359,#1360));
#210=EDGE_LOOP('',(#1361,#1362,#1363,#1364));
#211=EDGE_LOOP('',(#1365,#1366,#1367,#1368));
#212=EDGE_LOOP('',(#1369,#1370,#1371,#1372));
#213=EDGE_LOOP('',(#1373,#1374,#1375,#1376));
#214=EDGE_LOOP('',(#1377,#1378,#1379,#1380));
#215=EDGE_LOOP('',(#1381,#1382,#1383,#1384));
#216=EDGE_LOOP('',(#1385,#1386,#1387,#1388));
#217=EDGE_LOOP('',(#1389,#1390,#1391,#1392));
#218=EDGE_LOOP('',(#1393,#1394,#1395,#1396));
#219=EDGE_LOOP('',(#1397,#1398,#1399,#1400));
#220=EDGE_LOOP('',(#1401,#1402,#1403,#1404));
#221=EDGE_LOOP('',(#1405,#1406,#1407,#1408));
#222=EDGE_LOOP('',(#1409,#1410,#1411,#1412));
#223=EDGE_LOOP('',(#1413,#1414,#1415,#1416));
#224=EDGE_LOOP('',(#1417,#1418,#1419,#1420));
#225=EDGE_LOOP('',(#1421,#1422,#1423,#1424));
#226=EDGE_LOOP('',(#1425,#1426,#1427,#1428));
#227=EDGE_LOOP('',(#1429,#1430,#1431,#1432));
#228=EDGE_LOOP('',(#1433,#1434,#1435,#1436));
#229=EDGE_LOOP('',(#1437,#1438,#1439,#1440));
#230=EDGE_LOOP('',(#1441,#1442,#1443,#1444));
#231=EDGE_LOOP('',(#1445,#1446,#1447,#1448));
#232=EDGE_LOOP('',(#1449,#1450,#1451,#1452));
#233=EDGE_LOOP('',(#1453,#1454,#1455,#1456));
#234=EDGE_LOOP('',(#1457,#1458,#1459,#1460));
#235=EDGE_LOOP('',(#1461,#1462,#1463,#1464));
#236=EDGE_LOOP('',(#1465,#1466,#1467,#1468));
#237=EDGE_LOOP('',(#1469,#1470,#1471,#1472));
#238=EDGE_LOOP('',(#1473,#1474,#1475,#1476));
#239=EDGE_LOOP('',(#1477,#1478,#1479,#1480));
#240=EDGE_LOOP('',(#1481,#1482,#1483,#1484));
#241=EDGE_LOOP('',(#1485,#1486,#1487,#1488));
#242=EDGE_LOOP('',(#1489,#1490,#1491,#1492));
#243=EDGE_LOOP('',(#1493,#1494,#1495,#1496));
#244=EDGE_LOOP('',(#1497,#1498,#1499,#1500));
#245=EDGE_LOOP('',(#1501,#1502,#1503,#1504));
#246=EDGE_LOOP('',(#1505,#1506,#1507,#1508));
#247=EDGE_LOOP('',(#1509,#1510,#1511,#1512));
#248=EDGE_LOOP('',(#1513,#1514,#1515,#1516));
#249=EDGE_LOOP('',(#1517,#1518,#1519,#1520));
#250=EDGE_LOOP('',(#1521,#1522,#1523,#1524));
#251=EDGE_LOOP('',(#1525,#1526,#1527,#1528));
#252=EDGE_LOOP('',(#1529,#1530,#1531,#1532));
#253=EDGE_LOOP('',(#1533,#1534,#1535,#1536));
#254=EDGE_LOOP('',(#1537,#1538,#1539,#1540));
#255=EDGE_LOOP('',(#1541,#1542,#1543,#1544));
#256=EDGE_LOOP('',(#1545,#1546,#1547,#1548));
#257=EDGE_LOOP('',(#1549,#1550,#1551,#1552));
#258=EDGE_LOOP('',(#1553,#1554,#1555,#1556));
#259=EDGE_LOOP('',(#1557,#1558,#1559,#1560));
#260=EDGE_LOOP('',(#1561,#1562,#1563,#1564));
#261=EDGE_LOOP('',(#1565,#1566,#1567,#1568));
#262=EDGE_LOOP('',(#1569,#1570,#1571,#1572));
#263=EDGE_LOOP('',(#1573,#1574,#1575,#1576));
#264=EDGE_LOOP('',(#1577,#1578,#1579,#1580));
#265=EDGE_LOOP('',(#1581,#1582,#1583,#1584));
#266=EDGE_LOOP('',(#1585,#1586,#1587,#1588));
#267=EDGE_LOOP('',(#1589,#1590,#1591,#1592));
#268=EDGE_LOOP('',(#1593,#1594,#1595,#1596));
#269=EDGE_LOOP('',(#1597,#1598,#1599,#1600));
#270=EDGE_LOOP('',(#1601,#1602,#1603,#1604));
#271=EDGE_LOOP('',(#1605,#1606,#1607,#1608));
#272=EDGE_LOOP('',(#1609,#1610,#1611,#1612));
#273=EDGE_LOOP('',(#1613,#1614,#1615,#1616));
#274=EDGE_LOOP('',(#1617,#1618,#1619,#1620));
#275=EDGE_LOOP('',(#1621,#1622,#1623,#1624));
#276=EDGE_LOOP('',(#1625,#1626,#1627,#1628));
#277=EDGE_LOOP('',(#1629,#1630,#1631,#1632));
#278=EDGE_LOOP('',(#1633,#1634,#1635,#1636));
#279=EDGE_LOOP('',(#1637,#1638,#1639,#1640));
#280=EDGE_LOOP('',(#1641,#1642,#1643,#1644));
#281=EDGE_LOOP('',(#1645,#1646,#1647,#1648));
#282=EDGE_LOOP('',(#1649,#1650,#1651,#1652));
#283=EDGE_LOOP('',(#1653,#1654,#1655,#1656));
#284=EDGE_LOOP('',(#1657,#1658,#1659,#1660));
#285=EDGE_LOOP('',(#1661,#1662,#1663,#1664));
#286=EDGE_LOOP('',(#1665,#1666,#1667,#1668));
#287=EDGE_LOOP('',(#1669,#1670,#1671,#1672));
#288=EDGE_LOOP('',(#1673,#1674,#1675,#1676));
#289=EDGE_LOOP('',(#1677,#1678,#1679,#1680));
#290=EDGE_LOOP('',(#1681,#1682,#1683,#1684));
#291=EDGE_LOOP('',(#1685,#1686,#1687,#1688));
#292=EDGE_LOOP('',(#1689,#1690,#1691,#1692));
#293=EDGE_LOOP('',(#1693,#1694,#1695,#1696));
#294=EDGE_LOOP('',(#1697,#1698,#1699,#1700));
#295=EDGE_LOOP('',(#1701,#1702,#1703,#1704,#1705,#1706,#1707,#1708));
#296=EDGE_LOOP('',(#1709,#1710,#1711,#1712,#1713,#1714,#1715,#1716));
#297=EDGE_LOOP('',(#1717,#1718,#1719,#1720,#1721,#1722,#1723,#1724));
#298=EDGE_LOOP('',(#1725,#1726,#1727,#1728,#1729,#1730,#1731,#1732));
#299=EDGE_LOOP('',(#1733,#1734,#1735,#1736,#1737,#1738,#1739,#1740));
#300=EDGE_LOOP('',(#1741,#1742,#1743,#1744,#1745,#1746,#1747,#1748));
#301=EDGE_LOOP('',(#1749,#1750,#1751,#1752,#1753,#1754,#1755,#1756));
#302=EDGE_LOOP('',(#1757,#1758,#1759,#1760,#1761,#1762,#1763,#1764));
#303=EDGE_LOOP('',(#1765,#1766,#1767,#1768,#1769,#1770,#1771,#1772));
#304=EDGE_LOOP('',(#1773));
#305=EDGE_LOOP('',(#1774));
#306=EDGE_LOOP('',(#1775));
#307=EDGE_LOOP('',(#1776));
#308=EDGE_LOOP('',(#1777,#1778,#1779,#1780,#1781,#1782,#1783,#1784));
#309=EDGE_LOOP('',(#1785,#1786,#1787,#1788,#1789,#1790,#1791,#1792));
#310=EDGE_LOOP('',(#1793));
#311=LINE('',#2719,#492);
#312=LINE('',#2726,#493);
#313=LINE('',#2729,#494);
#314=LINE('',#2732,#495);
#315=LINE('',#2734,#496);
#316=LINE('',#2735,#497);
#317=LINE('',#2738,#498);
#318=LINE('',#2742,#499);
#319=LINE('',#2746,#500);
#320=LINE('',#2752,#501);
#321=LINE('',#2756,#502);
#322=LINE('',#2760,#503);
#323=LINE('',#2763,#504);
#324=LINE('',#2768,#505);
#325=LINE('',#2772,#506);
#326=LINE('',#2776,#507);
#327=LINE('',#2779,#508);
#328=LINE('',#2784,#509);
#329=LINE('',#2788,#510);
#330=LINE('',#2792,#511);
#331=LINE('',#2795,#512);
#332=LINE('',#2800,#513);
#333=LINE('',#2804,#514);
#334=LINE('',#2808,#515);
#335=LINE('',#2811,#516);
#336=LINE('',#2816,#517);
#337=LINE('',#2820,#518);
#338=LINE('',#2824,#519);
#339=LINE('',#2827,#520);
#340=LINE('',#2832,#521);
#341=LINE('',#2836,#522);
#342=LINE('',#2840,#523);
#343=LINE('',#2843,#524);
#344=LINE('',#2848,#525);
#345=LINE('',#2852,#526);
#346=LINE('',#2856,#527);
#347=LINE('',#2859,#528);
#348=LINE('',#2864,#529);
#349=LINE('',#2868,#530);
#350=LINE('',#2872,#531);
#351=LINE('',#2875,#532);
#352=LINE('',#2886,#533);
#353=LINE('',#2890,#534);
#354=LINE('',#2894,#535);
#355=LINE('',#2898,#536);
#356=LINE('',#2902,#537);
#357=LINE('',#2906,#538);
#358=LINE('',#2910,#539);
#359=LINE('',#2914,#540);
#360=LINE('',#2918,#541);
#361=LINE('',#2922,#542);
#362=LINE('',#2923,#543);
#363=LINE('',#2926,#544);
#364=LINE('',#2930,#545);
#365=LINE('',#2931,#546);
#366=LINE('',#2935,#547);
#367=LINE('',#2938,#548);
#368=LINE('',#2941,#549);
#369=LINE('',#2944,#550);
#370=LINE('',#2945,#551);
#371=LINE('',#2948,#552);
#372=LINE('',#2952,#553);
#373=LINE('',#2953,#554);
#374=LINE('',#2956,#555);
#375=LINE('',#2960,#556);
#376=LINE('',#2961,#557);
#377=LINE('',#2964,#558);
#378=LINE('',#2967,#559);
#379=LINE('',#2970,#560);
#380=LINE('',#2973,#561);
#381=LINE('',#2976,#562);
#382=LINE('',#2977,#563);
#383=LINE('',#2980,#564);
#384=LINE('',#2983,#565);
#385=LINE('',#2985,#566);
#386=LINE('',#2988,#567);
#387=LINE('',#2991,#568);
#388=LINE('',#2993,#569);
#389=LINE('',#2996,#570);
#390=LINE('',#2999,#571);
#391=LINE('',#3003,#572);
#392=LINE('',#3007,#573);
#393=LINE('',#3011,#574);
#394=LINE('',#3015,#575);
#395=LINE('',#3017,#576);
#396=LINE('',#3021,#577);
#397=LINE('',#3022,#578);
#398=LINE('',#3023,#579);
#399=LINE('',#3027,#580);
#400=LINE('',#3030,#581);
#401=LINE('',#3031,#582);
#402=LINE('',#3035,#583);
#403=LINE('',#3038,#584);
#404=LINE('',#3039,#585);
#405=LINE('',#3043,#586);
#406=LINE('',#3046,#587);
#407=LINE('',#3047,#588);
#408=LINE('',#3053,#589);
#409=LINE('',#3054,#590);
#410=LINE('',#3055,#591);
#411=LINE('',#3059,#592);
#412=LINE('',#3062,#593);
#413=LINE('',#3063,#594);
#414=LINE('',#3067,#595);
#415=LINE('',#3070,#596);
#416=LINE('',#3071,#597);
#417=LINE('',#3075,#598);
#418=LINE('',#3078,#599);
#419=LINE('',#3079,#600);
#420=LINE('',#3085,#601);
#421=LINE('',#3086,#602);
#422=LINE('',#3087,#603);
#423=LINE('',#3091,#604);
#424=LINE('',#3094,#605);
#425=LINE('',#3095,#606);
#426=LINE('',#3099,#607);
#427=LINE('',#3102,#608);
#428=LINE('',#3103,#609);
#429=LINE('',#3107,#610);
#430=LINE('',#3110,#611);
#431=LINE('',#3111,#612);
#432=LINE('',#3117,#613);
#433=LINE('',#3118,#614);
#434=LINE('',#3119,#615);
#435=LINE('',#3123,#616);
#436=LINE('',#3126,#617);
#437=LINE('',#3127,#618);
#438=LINE('',#3131,#619);
#439=LINE('',#3134,#620);
#440=LINE('',#3135,#621);
#441=LINE('',#3139,#622);
#442=LINE('',#3142,#623);
#443=LINE('',#3143,#624);
#444=LINE('',#3149,#625);
#445=LINE('',#3150,#626);
#446=LINE('',#3151,#627);
#447=LINE('',#3155,#628);
#448=LINE('',#3158,#629);
#449=LINE('',#3159,#630);
#450=LINE('',#3163,#631);
#451=LINE('',#3166,#632);
#452=LINE('',#3167,#633);
#453=LINE('',#3171,#634);
#454=LINE('',#3174,#635);
#455=LINE('',#3175,#636);
#456=LINE('',#3181,#637);
#457=LINE('',#3182,#638);
#458=LINE('',#3183,#639);
#459=LINE('',#3187,#640);
#460=LINE('',#3190,#641);
#461=LINE('',#3191,#642);
#462=LINE('',#3195,#643);
#463=LINE('',#3198,#644);
#464=LINE('',#3199,#645);
#465=LINE('',#3203,#646);
#466=LINE('',#3206,#647);
#467=LINE('',#3207,#648);
#468=LINE('',#3213,#649);
#469=LINE('',#3214,#650);
#470=LINE('',#3215,#651);
#471=LINE('',#3219,#652);
#472=LINE('',#3222,#653);
#473=LINE('',#3223,#654);
#474=LINE('',#3227,#655);
#475=LINE('',#3230,#656);
#476=LINE('',#3231,#657);
#477=LINE('',#3235,#658);
#478=LINE('',#3238,#659);
#479=LINE('',#3239,#660);
#480=LINE('',#3245,#661);
#481=LINE('',#3246,#662);
#482=LINE('',#3247,#663);
#483=LINE('',#3251,#664);
#484=LINE('',#3254,#665);
#485=LINE('',#3255,#666);
#486=LINE('',#3259,#667);
#487=LINE('',#3262,#668);
#488=LINE('',#3263,#669);
#489=LINE('',#3267,#670);
#490=LINE('',#3270,#671);
#491=LINE('',#3271,#672);
#492=VECTOR('',#2151,4.);
#493=VECTOR('',#2158,10.);
#494=VECTOR('',#2161,10.);
#495=VECTOR('',#2164,10.);
#496=VECTOR('',#2165,10.);
#497=VECTOR('',#2166,10.);
#498=VECTOR('',#2169,10.);
#499=VECTOR('',#2172,10.);
#500=VECTOR('',#2175,10.);
#501=VECTOR('',#2180,10.);
#502=VECTOR('',#2183,10.);
#503=VECTOR('',#2186,10.);
#504=VECTOR('',#2189,10.);
#505=VECTOR('',#2192,10.);
#506=VECTOR('',#2195,10.);
#507=VECTOR('',#2198,10.);
#508=VECTOR('',#2201,10.);
#509=VECTOR('',#2204,10.);
#510=VECTOR('',#2207,10.);
#511=VECTOR('',#2210,10.);
#512=VECTOR('',#2213,10.);
#513=VECTOR('',#2216,10.);
#514=VECTOR('',#2219,10.);
#515=VECTOR('',#2222,10.);
#516=VECTOR('',#2225,10.);
#517=VECTOR('',#2228,10.);
#518=VECTOR('',#2231,10.);
#519=VECTOR('',#2234,10.);
#520=VECTOR('',#2237,10.);
#521=VECTOR('',#2240,10.);
#522=VECTOR('',#2243,10.);
#523=VECTOR('',#2246,10.);
#524=VECTOR('',#2249,10.);
#525=VECTOR('',#2252,10.);
#526=VECTOR('',#2255,10.);
#527=VECTOR('',#2258,10.);
#528=VECTOR('',#2261,10.);
#529=VECTOR('',#2264,10.);
#530=VECTOR('',#2267,10.);
#531=VECTOR('',#2270,10.);
#532=VECTOR('',#2273,10.);
#533=VECTOR('',#2282,10.);
#534=VECTOR('',#2285,10.);
#535=VECTOR('',#2288,10.);
#536=VECTOR('',#2291,10.);
#537=VECTOR('',#2294,10.);
#538=VECTOR('',#2297,10.);
#539=VECTOR('',#2300,10.);
#540=VECTOR('',#2303,10.);
#541=VECTOR('',#2308,10.);
#542=VECTOR('',#2313,10.);
#543=VECTOR('',#2314,10.);
#544=VECTOR('',#2317,10.);
#545=VECTOR('',#2322,10.);
#546=VECTOR('',#2323,10.);
#547=VECTOR('',#2328,10.);
#548=VECTOR('',#2331,10.);
#549=VECTOR('',#2334,10.);
#550=VECTOR('',#2337,10.);
#551=VECTOR('',#2338,10.);
#552=VECTOR('',#2341,10.);
#553=VECTOR('',#2346,10.);
#554=VECTOR('',#2347,10.);
#555=VECTOR('',#2350,10.);
#556=VECTOR('',#2355,10.);
#557=VECTOR('',#2356,10.);
#558=VECTOR('',#2359,10.);
#559=VECTOR('',#2364,10.);
#560=VECTOR('',#2367,10.);
#561=VECTOR('',#2370,10.);
#562=VECTOR('',#2373,10.);
#563=VECTOR('',#2374,10.);
#564=VECTOR('',#2377,10.);
#565=VECTOR('',#2380,10.);
#566=VECTOR('',#2383,10.);
#567=VECTOR('',#2386,10.);
#568=VECTOR('',#2389,10.);
#569=VECTOR('',#2392,10.);
#570=VECTOR('',#2395,10.);
#571=VECTOR('',#2400,10.);
#572=VECTOR('',#2405,1.45);
#573=VECTOR('',#2410,1.45);
#574=VECTOR('',#2415,1.45);
#575=VECTOR('',#2420,1.45);
#576=VECTOR('',#2423,10.);
#577=VECTOR('',#2426,10.);
#578=VECTOR('',#2427,10.);
#579=VECTOR('',#2428,10.);
#580=VECTOR('',#2433,10.);
#581=VECTOR('',#2436,10.);
#582=VECTOR('',#2437,10.);
#583=VECTOR('',#2442,10.);
#584=VECTOR('',#2445,10.);
#585=VECTOR('',#2446,10.);
#586=VECTOR('',#2451,10.);
#587=VECTOR('',#2454,10.);
#588=VECTOR('',#2455,10.);
#589=VECTOR('',#2462,10.);
#590=VECTOR('',#2463,10.);
#591=VECTOR('',#2464,10.);
#592=VECTOR('',#2469,10.);
#593=VECTOR('',#2472,10.);
#594=VECTOR('',#2473,10.);
#595=VECTOR('',#2478,10.);
#596=VECTOR('',#2481,10.);
#597=VECTOR('',#2482,10.);
#598=VECTOR('',#2487,10.);
#599=VECTOR('',#2490,10.);
#600=VECTOR('',#2491,10.);
#601=VECTOR('',#2498,10.);
#602=VECTOR('',#2499,10.);
#603=VECTOR('',#2500,10.);
#604=VECTOR('',#2505,10.);
#605=VECTOR('',#2508,10.);
#606=VECTOR('',#2509,10.);
#607=VECTOR('',#2514,10.);
#608=VECTOR('',#2517,10.);
#609=VECTOR('',#2518,10.);
#610=VECTOR('',#2523,10.);
#611=VECTOR('',#2526,10.);
#612=VECTOR('',#2527,10.);
#613=VECTOR('',#2534,10.);
#614=VECTOR('',#2535,10.);
#615=VECTOR('',#2536,10.);
#616=VECTOR('',#2541,10.);
#617=VECTOR('',#2544,10.);
#618=VECTOR('',#2545,10.);
#619=VECTOR('',#2550,10.);
#620=VECTOR('',#2553,10.);
#621=VECTOR('',#2554,10.);
#622=VECTOR('',#2559,10.);
#623=VECTOR('',#2562,10.);
#624=VECTOR('',#2563,10.);
#625=VECTOR('',#2570,10.);
#626=VECTOR('',#2571,10.);
#627=VECTOR('',#2572,10.);
#628=VECTOR('',#2577,10.);
#629=VECTOR('',#2580,10.);
#630=VECTOR('',#2581,10.);
#631=VECTOR('',#2586,10.);
#632=VECTOR('',#2589,10.);
#633=VECTOR('',#2590,10.);
#634=VECTOR('',#2595,10.);
#635=VECTOR('',#2598,10.);
#636=VECTOR('',#2599,10.);
#637=VECTOR('',#2606,10.);
#638=VECTOR('',#2607,10.);
#639=VECTOR('',#2608,10.);
#640=VECTOR('',#2613,10.);
#641=VECTOR('',#2616,10.);
#642=VECTOR('',#2617,10.);
#643=VECTOR('',#2622,10.);
#644=VECTOR('',#2625,10.);
#645=VECTOR('',#2626,10.);
#646=VECTOR('',#2631,10.);
#647=VECTOR('',#2634,10.);
#648=VECTOR('',#2635,10.);
#649=VECTOR('',#2642,10.);
#650=VECTOR('',#2643,10.);
#651=VECTOR('',#2644,10.);
#652=VECTOR('',#2649,10.);
#653=VECTOR('',#2652,10.);
#654=VECTOR('',#2653,10.);
#655=VECTOR('',#2658,10.);
#656=VECTOR('',#2661,10.);
#657=VECTOR('',#2662,10.);
#658=VECTOR('',#2667,10.);
#659=VECTOR('',#2670,10.);
#660=VECTOR('',#2671,10.);
#661=VECTOR('',#2678,10.);
#662=VECTOR('',#2679,10.);
#663=VECTOR('',#2680,10.);
#664=VECTOR('',#2685,10.);
#665=VECTOR('',#2688,10.);
#666=VECTOR('',#2689,10.);
#667=VECTOR('',#2694,10.);
#668=VECTOR('',#2697,10.);
#669=VECTOR('',#2698,10.);
#670=VECTOR('',#2703,10.);
#671=VECTOR('',#2706,10.);
#672=VECTOR('',#2707,10.);
#673=CIRCLE('',#1953,4.);
#674=CIRCLE('',#1954,4.);
#675=CIRCLE('',#1956,1.);
#676=CIRCLE('',#1957,1.);
#677=CIRCLE('',#1960,1.);
#678=CIRCLE('',#1961,1.);
#679=CIRCLE('',#1962,1.);
#680=CIRCLE('',#1963,0.499999999999998);
#681=CIRCLE('',#1964,0.499999999999998);
#682=CIRCLE('',#1965,0.500000000000003);
#683=CIRCLE('',#1966,0.499999999999998);
#684=CIRCLE('',#1967,0.499999999999999);
#685=CIRCLE('',#1968,0.500000000000007);
#686=CIRCLE('',#1969,0.499999999999998);
#687=CIRCLE('',#1970,0.499999999999989);
#688=CIRCLE('',#1971,0.499999999999998);
#689=CIRCLE('',#1972,0.499999999999998);
#690=CIRCLE('',#1973,0.500000000000003);
#691=CIRCLE('',#1974,0.499999999999998);
#692=CIRCLE('',#1975,0.499999999999999);
#693=CIRCLE('',#1976,0.499999999999998);
#694=CIRCLE('',#1977,0.499999999999998);
#695=CIRCLE('',#1978,0.499999999999998);
#696=CIRCLE('',#1979,0.499999999999999);
#697=CIRCLE('',#1980,0.499999999999998);
#698=CIRCLE('',#1981,0.499999999999998);
#699=CIRCLE('',#1982,0.499999999999998);
#700=CIRCLE('',#1983,0.499999999999999);
#701=CIRCLE('',#1984,0.499999999999998);
#702=CIRCLE('',#1985,0.499999999999998);
#703=CIRCLE('',#1986,0.499999999999998);
#704=CIRCLE('',#1987,0.499999999999998);
#705=CIRCLE('',#1988,0.499999999999998);
#706=CIRCLE('',#1989,0.500000000000003);
#707=CIRCLE('',#1990,0.499999999999998);
#708=CIRCLE('',#1991,0.499999999999998);
#709=CIRCLE('',#1992,0.500000000000007);
#710=CIRCLE('',#1993,0.500000000000003);
#711=CIRCLE('',#1994,0.499999999999989);
#712=CIRCLE('',#1995,1.45);
#713=CIRCLE('',#1996,1.45);
#714=CIRCLE('',#1997,1.45);
#715=CIRCLE('',#1998,1.45);
#716=CIRCLE('',#1999,1.);
#717=CIRCLE('',#2000,1.);
#718=CIRCLE('',#2001,1.);
#719=CIRCLE('',#2002,1.);
#720=CIRCLE('',#2003,1.);
#721=CIRCLE('',#2004,1.);
#722=CIRCLE('',#2005,1.);
#723=CIRCLE('',#2006,1.);
#724=CIRCLE('',#2008,1.);
#725=CIRCLE('',#2011,1.);
#726=CIRCLE('',#2014,1.);
#727=CIRCLE('',#2016,1.);
#728=CIRCLE('',#2019,1.);
#729=CIRCLE('',#2022,1.);
#730=CIRCLE('',#2025,1.);
#731=CIRCLE('',#2028,1.);
#732=CIRCLE('',#2031,1.);
#733=CIRCLE('',#2034,1.);
#734=CIRCLE('',#2037,1.);
#735=CIRCLE('',#2040,1.45);
#736=CIRCLE('',#2042,1.45);
#737=CIRCLE('',#2044,1.45);
#738=CIRCLE('',#2046,1.45);
#739=CIRCLE('',#2050,0.499999999999989);
#740=CIRCLE('',#2053,0.500000000000003);
#741=CIRCLE('',#2056,0.500000000000007);
#742=CIRCLE('',#2059,0.499999999999998);
#743=CIRCLE('',#2062,0.499999999999998);
#744=CIRCLE('',#2065,0.500000000000003);
#745=CIRCLE('',#2068,0.499999999999998);
#746=CIRCLE('',#2071,0.499999999999998);
#747=CIRCLE('',#2074,0.499999999999998);
#748=CIRCLE('',#2077,0.499999999999998);
#749=CIRCLE('',#2080,0.499999999999998);
#750=CIRCLE('',#2083,0.499999999999999);
#751=CIRCLE('',#2086,0.499999999999998);
#752=CIRCLE('',#2089,0.499999999999998);
#753=CIRCLE('',#2092,0.499999999999998);
#754=CIRCLE('',#2095,0.499999999999999);
#755=CIRCLE('',#2098,0.499999999999998);
#756=CIRCLE('',#2101,0.499999999999998);
#757=CIRCLE('',#2104,0.499999999999998);
#758=CIRCLE('',#2107,0.499999999999999);
#759=CIRCLE('',#2110,0.499999999999998);
#760=CIRCLE('',#2113,0.500000000000003);
#761=CIRCLE('',#2116,0.499999999999998);
#762=CIRCLE('',#2119,0.499999999999998);
#763=CIRCLE('',#2122,0.499999999999989);
#764=CIRCLE('',#2125,0.499999999999998);
#765=CIRCLE('',#2128,0.500000000000007);
#766=CIRCLE('',#2131,0.499999999999999);
#767=CIRCLE('',#2134,0.499999999999998);
#768=CIRCLE('',#2137,0.500000000000003);
#769=CIRCLE('',#2140,0.499999999999998);
#770=CIRCLE('',#2143,0.499999999999998);
#771=VERTEX_POINT('',#2716);
#772=VERTEX_POINT('',#2718);
#773=VERTEX_POINT('',#2722);
#774=VERTEX_POINT('',#2723);
#775=VERTEX_POINT('',#2725);
#776=VERTEX_POINT('',#2727);
#777=VERTEX_POINT('',#2731);
#778=VERTEX_POINT('',#2733);
#779=VERTEX_POINT('',#2737);
#780=VERTEX_POINT('',#2739);
#781=VERTEX_POINT('',#2741);
#782=VERTEX_POINT('',#2743);
#783=VERTEX_POINT('',#2745);
#784=VERTEX_POINT('',#2748);
#785=VERTEX_POINT('',#2749);
#786=VERTEX_POINT('',#2751);
#787=VERTEX_POINT('',#2753);
#788=VERTEX_POINT('',#2755);
#789=VERTEX_POINT('',#2757);
#790=VERTEX_POINT('',#2759);
#791=VERTEX_POINT('',#2761);
#792=VERTEX_POINT('',#2764);
#793=VERTEX_POINT('',#2765);
#794=VERTEX_POINT('',#2767);
#795=VERTEX_POINT('',#2769);
#796=VERTEX_POINT('',#2771);
#797=VERTEX_POINT('',#2773);
#798=VERTEX_POINT('',#2775);
#799=VERTEX_POINT('',#2777);
#800=VERTEX_POINT('',#2780);
#801=VERTEX_POINT('',#2781);
#802=VERTEX_POINT('',#2783);
#803=VERTEX_POINT('',#2785);
#804=VERTEX_POINT('',#2787);
#805=VERTEX_POINT('',#2789);
#806=VERTEX_POINT('',#2791);
#807=VERTEX_POINT('',#2793);
#808=VERTEX_POINT('',#2796);
#809=VERTEX_POINT('',#2797);
#810=VERTEX_POINT('',#2799);
#811=VERTEX_POINT('',#2801);
#812=VERTEX_POINT('',#2803);
#813=VERTEX_POINT('',#2805);
#814=VERTEX_POINT('',#2807);
#815=VERTEX_POINT('',#2809);
#816=VERTEX_POINT('',#2812);
#817=VERTEX_POINT('',#2813);
#818=VERTEX_POINT('',#2815);
#819=VERTEX_POINT('',#2817);
#820=VERTEX_POINT('',#2819);
#821=VERTEX_POINT('',#2821);
#822=VERTEX_POINT('',#2823);
#823=VERTEX_POINT('',#2825);
#824=VERTEX_POINT('',#2828);
#825=VERTEX_POINT('',#2829);
#826=VERTEX_POINT('',#2831);
#827=VERTEX_POINT('',#2833);
#828=VERTEX_POINT('',#2835);
#829=VERTEX_POINT('',#2837);
#830=VERTEX_POINT('',#2839);
#831=VERTEX_POINT('',#2841);
#832=VERTEX_POINT('',#2844);
#833=VERTEX_POINT('',#2845);
#834=VERTEX_POINT('',#2847);
#835=VERTEX_POINT('',#2849);
#836=VERTEX_POINT('',#2851);
#837=VERTEX_POINT('',#2853);
#838=VERTEX_POINT('',#2855);
#839=VERTEX_POINT('',#2857);
#840=VERTEX_POINT('',#2860);
#841=VERTEX_POINT('',#2861);
#842=VERTEX_POINT('',#2863);
#843=VERTEX_POINT('',#2865);
#844=VERTEX_POINT('',#2867);
#845=VERTEX_POINT('',#2869);
#846=VERTEX_POINT('',#2871);
#847=VERTEX_POINT('',#2873);
#848=VERTEX_POINT('',#2876);
#849=VERTEX_POINT('',#2878);
#850=VERTEX_POINT('',#2880);
#851=VERTEX_POINT('',#2882);
#852=VERTEX_POINT('',#2884);
#853=VERTEX_POINT('',#2885);
#854=VERTEX_POINT('',#2887);
#855=VERTEX_POINT('',#2889);
#856=VERTEX_POINT('',#2891);
#857=VERTEX_POINT('',#2893);
#858=VERTEX_POINT('',#2895);
#859=VERTEX_POINT('',#2897);
#860=VERTEX_POINT('',#2900);
#861=VERTEX_POINT('',#2901);
#862=VERTEX_POINT('',#2903);
#863=VERTEX_POINT('',#2905);
#864=VERTEX_POINT('',#2907);
#865=VERTEX_POINT('',#2909);
#866=VERTEX_POINT('',#2911);
#867=VERTEX_POINT('',#2913);
#868=VERTEX_POINT('',#2917);
#869=VERTEX_POINT('',#2921);
#870=VERTEX_POINT('',#2925);
#871=VERTEX_POINT('',#2929);
#872=VERTEX_POINT('',#2933);
#873=VERTEX_POINT('',#2937);
#874=VERTEX_POINT('',#2939);
#875=VERTEX_POINT('',#2943);
#876=VERTEX_POINT('',#2947);
#877=VERTEX_POINT('',#2951);
#878=VERTEX_POINT('',#2955);
#879=VERTEX_POINT('',#2959);
#880=VERTEX_POINT('',#2963);
#881=VERTEX_POINT('',#2969);
#882=VERTEX_POINT('',#2971);
#883=VERTEX_POINT('',#2975);
#884=VERTEX_POINT('',#2979);
#885=VERTEX_POINT('',#2981);
#886=VERTEX_POINT('',#2987);
#887=VERTEX_POINT('',#2989);
#888=VERTEX_POINT('',#2995);
#889=VERTEX_POINT('',#3001);
#890=VERTEX_POINT('',#3005);
#891=VERTEX_POINT('',#3009);
#892=VERTEX_POINT('',#3013);
#893=VERTEX_POINT('',#3019);
#894=VERTEX_POINT('',#3020);
#895=VERTEX_POINT('',#3025);
#896=VERTEX_POINT('',#3029);
#897=VERTEX_POINT('',#3033);
#898=VERTEX_POINT('',#3037);
#899=VERTEX_POINT('',#3041);
#900=VERTEX_POINT('',#3045);
#901=VERTEX_POINT('',#3051);
#902=VERTEX_POINT('',#3052);
#903=VERTEX_POINT('',#3057);
#904=VERTEX_POINT('',#3061);
#905=VERTEX_POINT('',#3065);
#906=VERTEX_POINT('',#3069);
#907=VERTEX_POINT('',#3073);
#908=VERTEX_POINT('',#3077);
#909=VERTEX_POINT('',#3083);
#910=VERTEX_POINT('',#3084);
#911=VERTEX_POINT('',#3089);
#912=VERTEX_POINT('',#3093);
#913=VERTEX_POINT('',#3097);
#914=VERTEX_POINT('',#3101);
#915=VERTEX_POINT('',#3105);
#916=VERTEX_POINT('',#3109);
#917=VERTEX_POINT('',#3115);
#918=VERTEX_POINT('',#3116);
#919=VERTEX_POINT('',#3121);
#920=VERTEX_POINT('',#3125);
#921=VERTEX_POINT('',#3129);
#922=VERTEX_POINT('',#3133);
#923=VERTEX_POINT('',#3137);
#924=VERTEX_POINT('',#3141);
#925=VERTEX_POINT('',#3147);
#926=VERTEX_POINT('',#3148);
#927=VERTEX_POINT('',#3153);
#928=VERTEX_POINT('',#3157);
#929=VERTEX_POINT('',#3161);
#930=VERTEX_POINT('',#3165);
#931=VERTEX_POINT('',#3169);
#932=VERTEX_POINT('',#3173);
#933=VERTEX_POINT('',#3179);
#934=VERTEX_POINT('',#3180);
#935=VERTEX_POINT('',#3185);
#936=VERTEX_POINT('',#3189);
#937=VERTEX_POINT('',#3193);
#938=VERTEX_POINT('',#3197);
#939=VERTEX_POINT('',#3201);
#940=VERTEX_POINT('',#3205);
#941=VERTEX_POINT('',#3211);
#942=VERTEX_POINT('',#3212);
#943=VERTEX_POINT('',#3217);
#944=VERTEX_POINT('',#3221);
#945=VERTEX_POINT('',#3225);
#946=VERTEX_POINT('',#3229);
#947=VERTEX_POINT('',#3233);
#948=VERTEX_POINT('',#3237);
#949=VERTEX_POINT('',#3243);
#950=VERTEX_POINT('',#3244);
#951=VERTEX_POINT('',#3249);
#952=VERTEX_POINT('',#3253);
#953=VERTEX_POINT('',#3257);
#954=VERTEX_POINT('',#3261);
#955=VERTEX_POINT('',#3265);
#956=VERTEX_POINT('',#3269);
#957=EDGE_CURVE('',#771,#771,#673,.T.);
#958=EDGE_CURVE('',#771,#772,#311,.T.);
#959=EDGE_CURVE('',#772,#772,#674,.T.);
#960=EDGE_CURVE('',#773,#774,#675,.T.);
#961=EDGE_CURVE('',#774,#775,#312,.T.);
#962=EDGE_CURVE('',#775,#776,#676,.T.);
#963=EDGE_CURVE('',#776,#773,#313,.T.);
#964=EDGE_CURVE('',#777,#776,#314,.T.);
#965=EDGE_CURVE('',#778,#777,#315,.T.);
#966=EDGE_CURVE('',#773,#778,#316,.T.);
#967=EDGE_CURVE('',#775,#779,#317,.T.);
#968=EDGE_CURVE('',#780,#779,#677,.T.);
#969=EDGE_CURVE('',#781,#780,#318,.T.);
#970=EDGE_CURVE('',#782,#781,#678,.T.);
#971=EDGE_CURVE('',#782,#783,#319,.T.);
#972=EDGE_CURVE('',#777,#783,#679,.T.);
#973=EDGE_CURVE('',#784,#785,#680,.T.);
#974=EDGE_CURVE('',#785,#786,#320,.T.);
#975=EDGE_CURVE('',#786,#787,#681,.T.);
#976=EDGE_CURVE('',#787,#788,#321,.T.);
#977=EDGE_CURVE('',#788,#789,#682,.T.);
#978=EDGE_CURVE('',#789,#790,#322,.T.);
#979=EDGE_CURVE('',#790,#791,#683,.T.);
#980=EDGE_CURVE('',#791,#784,#323,.T.);
#981=EDGE_CURVE('',#792,#793,#684,.T.);
#982=EDGE_CURVE('',#793,#794,#324,.T.);
#983=EDGE_CURVE('',#794,#795,#685,.T.);
#984=EDGE_CURVE('',#795,#796,#325,.T.);
#985=EDGE_CURVE('',#796,#797,#686,.T.);
#986=EDGE_CURVE('',#797,#798,#326,.T.);
#987=EDGE_CURVE('',#798,#799,#687,.T.);
#988=EDGE_CURVE('',#799,#792,#327,.T.);
#989=EDGE_CURVE('',#800,#801,#688,.T.);
#990=EDGE_CURVE('',#801,#802,#328,.T.);
#991=EDGE_CURVE('',#802,#803,#689,.T.);
#992=EDGE_CURVE('',#803,#804,#329,.T.);
#993=EDGE_CURVE('',#804,#805,#690,.T.);
#994=EDGE_CURVE('',#805,#806,#330,.T.);
#995=EDGE_CURVE('',#806,#807,#691,.T.);
#996=EDGE_CURVE('',#807,#800,#331,.T.);
#997=EDGE_CURVE('',#808,#809,#692,.T.);
#998=EDGE_CURVE('',#809,#810,#332,.T.);
#999=EDGE_CURVE('',#810,#811,#693,.T.);
#1000=EDGE_CURVE('',#811,#812,#333,.T.);
#1001=EDGE_CURVE('',#812,#813,#694,.T.);
#1002=EDGE_CURVE('',#813,#814,#334,.T.);
#1003=EDGE_CURVE('',#814,#815,#695,.T.);
#1004=EDGE_CURVE('',#815,#808,#335,.T.);
#1005=EDGE_CURVE('',#816,#817,#696,.T.);
#1006=EDGE_CURVE('',#817,#818,#336,.T.);
#1007=EDGE_CURVE('',#818,#819,#697,.T.);
#1008=EDGE_CURVE('',#819,#820,#337,.T.);
#1009=EDGE_CURVE('',#820,#821,#698,.T.);
#1010=EDGE_CURVE('',#821,#822,#338,.T.);
#1011=EDGE_CURVE('',#822,#823,#699,.T.);
#1012=EDGE_CURVE('',#823,#816,#339,.T.);
#1013=EDGE_CURVE('',#824,#825,#700,.T.);
#1014=EDGE_CURVE('',#825,#826,#340,.T.);
#1015=EDGE_CURVE('',#826,#827,#701,.T.);
#1016=EDGE_CURVE('',#827,#828,#341,.T.);
#1017=EDGE_CURVE('',#828,#829,#702,.T.);
#1018=EDGE_CURVE('',#829,#830,#342,.T.);
#1019=EDGE_CURVE('',#830,#831,#703,.T.);
#1020=EDGE_CURVE('',#831,#824,#343,.T.);
#1021=EDGE_CURVE('',#832,#833,#704,.T.);
#1022=EDGE_CURVE('',#833,#834,#344,.T.);
#1023=EDGE_CURVE('',#834,#835,#705,.T.);
#1024=EDGE_CURVE('',#835,#836,#345,.T.);
#1025=EDGE_CURVE('',#836,#837,#706,.T.);
#1026=EDGE_CURVE('',#837,#838,#346,.T.);
#1027=EDGE_CURVE('',#838,#839,#707,.T.);
#1028=EDGE_CURVE('',#839,#832,#347,.T.);
#1029=EDGE_CURVE('',#840,#841,#708,.T.);
#1030=EDGE_CURVE('',#841,#842,#348,.T.);
#1031=EDGE_CURVE('',#842,#843,#709,.T.);
#1032=EDGE_CURVE('',#843,#844,#349,.T.);
#1033=EDGE_CURVE('',#844,#845,#710,.T.);
#1034=EDGE_CURVE('',#845,#846,#350,.T.);
#1035=EDGE_CURVE('',#846,#847,#711,.T.);
#1036=EDGE_CURVE('',#847,#840,#351,.T.);
#1037=EDGE_CURVE('',#848,#848,#712,.T.);
#1038=EDGE_CURVE('',#849,#849,#713,.T.);
#1039=EDGE_CURVE('',#850,#850,#714,.T.);
#1040=EDGE_CURVE('',#851,#851,#715,.T.);
#1041=EDGE_CURVE('',#852,#853,#352,.T.);
#1042=EDGE_CURVE('',#854,#853,#716,.T.);
#1043=EDGE_CURVE('',#854,#855,#353,.T.);
#1044=EDGE_CURVE('',#856,#855,#717,.T.);
#1045=EDGE_CURVE('',#856,#857,#354,.T.);
#1046=EDGE_CURVE('',#858,#857,#718,.T.);
#1047=EDGE_CURVE('',#858,#859,#355,.T.);
#1048=EDGE_CURVE('',#852,#859,#719,.T.);
#1049=EDGE_CURVE('',#860,#861,#356,.T.);
#1050=EDGE_CURVE('',#862,#861,#720,.T.);
#1051=EDGE_CURVE('',#862,#863,#357,.T.);
#1052=EDGE_CURVE('',#864,#863,#721,.T.);
#1053=EDGE_CURVE('',#864,#865,#358,.T.);
#1054=EDGE_CURVE('',#866,#865,#722,.T.);
#1055=EDGE_CURVE('',#866,#867,#359,.T.);
#1056=EDGE_CURVE('',#860,#867,#723,.T.);
#1057=EDGE_CURVE('',#783,#868,#360,.T.);
#1058=EDGE_CURVE('',#868,#778,#724,.T.);
#1059=EDGE_CURVE('',#869,#782,#361,.T.);
#1060=EDGE_CURVE('',#868,#869,#362,.T.);
#1061=EDGE_CURVE('',#781,#870,#363,.T.);
#1062=EDGE_CURVE('',#870,#869,#725,.T.);
#1063=EDGE_CURVE('',#871,#780,#364,.T.);
#1064=EDGE_CURVE('',#871,#870,#365,.T.);
#1065=EDGE_CURVE('',#872,#871,#726,.T.);
#1066=EDGE_CURVE('',#779,#872,#366,.T.);
#1067=EDGE_CURVE('',#863,#873,#367,.T.);
#1068=EDGE_CURVE('',#873,#874,#727,.T.);
#1069=EDGE_CURVE('',#874,#864,#368,.T.);
#1070=EDGE_CURVE('',#875,#862,#369,.T.);
#1071=EDGE_CURVE('',#873,#875,#370,.T.);
#1072=EDGE_CURVE('',#861,#876,#371,.T.);
#1073=EDGE_CURVE('',#876,#875,#728,.T.);
#1074=EDGE_CURVE('',#877,#860,#372,.T.);
#1075=EDGE_CURVE('',#876,#877,#373,.T.);
#1076=EDGE_CURVE('',#867,#878,#374,.T.);
#1077=EDGE_CURVE('',#878,#877,#729,.T.);
#1078=EDGE_CURVE('',#879,#866,#375,.T.);
#1079=EDGE_CURVE('',#878,#879,#376,.T.);
#1080=EDGE_CURVE('',#865,#880,#377,.T.);
#1081=EDGE_CURVE('',#880,#879,#730,.T.);
#1082=EDGE_CURVE('',#880,#874,#378,.T.);
#1083=EDGE_CURVE('',#857,#881,#379,.T.);
#1084=EDGE_CURVE('',#881,#882,#731,.T.);
#1085=EDGE_CURVE('',#882,#858,#380,.T.);
#1086=EDGE_CURVE('',#883,#856,#381,.T.);
#1087=EDGE_CURVE('',#881,#883,#382,.T.);
#1088=EDGE_CURVE('',#859,#884,#383,.T.);
#1089=EDGE_CURVE('',#884,#885,#732,.T.);
#1090=EDGE_CURVE('',#885,#852,#384,.T.);
#1091=EDGE_CURVE('',#884,#882,#385,.T.);
#1092=EDGE_CURVE('',#853,#886,#386,.T.);
#1093=EDGE_CURVE('',#886,#887,#733,.T.);
#1094=EDGE_CURVE('',#887,#854,#387,.T.);
#1095=EDGE_CURVE('',#886,#885,#388,.T.);
#1096=EDGE_CURVE('',#855,#888,#389,.T.);
#1097=EDGE_CURVE('',#888,#883,#734,.T.);
#1098=EDGE_CURVE('',#888,#887,#390,.T.);
#1099=EDGE_CURVE('',#889,#889,#735,.T.);
#1100=EDGE_CURVE('',#889,#851,#391,.T.);
#1101=EDGE_CURVE('',#890,#890,#736,.T.);
#1102=EDGE_CURVE('',#890,#850,#392,.T.);
#1103=EDGE_CURVE('',#891,#891,#737,.T.);
#1104=EDGE_CURVE('',#891,#849,#393,.T.);
#1105=EDGE_CURVE('',#892,#892,#738,.T.);
#1106=EDGE_CURVE('',#892,#848,#394,.T.);
#1107=EDGE_CURVE('',#872,#774,#395,.T.);
#1108=EDGE_CURVE('',#893,#894,#396,.T.);
#1109=EDGE_CURVE('',#894,#840,#397,.T.);
#1110=EDGE_CURVE('',#893,#847,#398,.T.);
#1111=EDGE_CURVE('',#895,#893,#739,.T.);
#1112=EDGE_CURVE('',#895,#846,#399,.T.);
#1113=EDGE_CURVE('',#896,#895,#400,.T.);
#1114=EDGE_CURVE('',#896,#845,#401,.T.);
#1115=EDGE_CURVE('',#897,#896,#740,.T.);
#1116=EDGE_CURVE('',#897,#844,#402,.T.);
#1117=EDGE_CURVE('',#898,#897,#403,.T.);
#1118=EDGE_CURVE('',#898,#843,#404,.T.);
#1119=EDGE_CURVE('',#899,#898,#741,.T.);
#1120=EDGE_CURVE('',#899,#842,#405,.T.);
#1121=EDGE_CURVE('',#900,#899,#406,.T.);
#1122=EDGE_CURVE('',#900,#841,#407,.T.);
#1123=EDGE_CURVE('',#894,#900,#742,.T.);
#1124=EDGE_CURVE('',#901,#902,#408,.T.);
#1125=EDGE_CURVE('',#902,#832,#409,.T.);
#1126=EDGE_CURVE('',#901,#839,#410,.T.);
#1127=EDGE_CURVE('',#903,#901,#743,.T.);
#1128=EDGE_CURVE('',#903,#838,#411,.T.);
#1129=EDGE_CURVE('',#904,#903,#412,.T.);
#1130=EDGE_CURVE('',#904,#837,#413,.T.);
#1131=EDGE_CURVE('',#905,#904,#744,.T.);
#1132=EDGE_CURVE('',#905,#836,#414,.T.);
#1133=EDGE_CURVE('',#906,#905,#415,.T.);
#1134=EDGE_CURVE('',#906,#835,#416,.T.);
#1135=EDGE_CURVE('',#907,#906,#745,.T.);
#1136=EDGE_CURVE('',#907,#834,#417,.T.);
#1137=EDGE_CURVE('',#908,#907,#418,.T.);
#1138=EDGE_CURVE('',#908,#833,#419,.T.);
#1139=EDGE_CURVE('',#902,#908,#746,.T.);
#1140=EDGE_CURVE('',#909,#910,#420,.T.);
#1141=EDGE_CURVE('',#910,#824,#421,.T.);
#1142=EDGE_CURVE('',#909,#831,#422,.T.);
#1143=EDGE_CURVE('',#911,#909,#747,.T.);
#1144=EDGE_CURVE('',#911,#830,#423,.T.);
#1145=EDGE_CURVE('',#912,#911,#424,.T.);
#1146=EDGE_CURVE('',#912,#829,#425,.T.);
#1147=EDGE_CURVE('',#913,#912,#748,.T.);
#1148=EDGE_CURVE('',#913,#828,#426,.T.);
#1149=EDGE_CURVE('',#914,#913,#427,.T.);
#1150=EDGE_CURVE('',#914,#827,#428,.T.);
#1151=EDGE_CURVE('',#915,#914,#749,.T.);
#1152=EDGE_CURVE('',#915,#826,#429,.T.);
#1153=EDGE_CURVE('',#916,#915,#430,.T.);
#1154=EDGE_CURVE('',#916,#825,#431,.T.);
#1155=EDGE_CURVE('',#910,#916,#750,.T.);
#1156=EDGE_CURVE('',#917,#918,#432,.T.);
#1157=EDGE_CURVE('',#918,#816,#433,.T.);
#1158=EDGE_CURVE('',#917,#823,#434,.T.);
#1159=EDGE_CURVE('',#919,#917,#751,.T.);
#1160=EDGE_CURVE('',#919,#822,#435,.T.);
#1161=EDGE_CURVE('',#920,#919,#436,.T.);
#1162=EDGE_CURVE('',#920,#821,#437,.T.);
#1163=EDGE_CURVE('',#921,#920,#752,.T.);
#1164=EDGE_CURVE('',#921,#820,#438,.T.);
#1165=EDGE_CURVE('',#922,#921,#439,.T.);
#1166=EDGE_CURVE('',#922,#819,#440,.T.);
#1167=EDGE_CURVE('',#923,#922,#753,.T.);
#1168=EDGE_CURVE('',#923,#818,#441,.T.);
#1169=EDGE_CURVE('',#924,#923,#442,.T.);
#1170=EDGE_CURVE('',#924,#817,#443,.T.);
#1171=EDGE_CURVE('',#918,#924,#754,.T.);
#1172=EDGE_CURVE('',#925,#926,#444,.T.);
#1173=EDGE_CURVE('',#926,#808,#445,.T.);
#1174=EDGE_CURVE('',#925,#815,#446,.T.);
#1175=EDGE_CURVE('',#927,#925,#755,.T.);
#1176=EDGE_CURVE('',#927,#814,#447,.T.);
#1177=EDGE_CURVE('',#928,#927,#448,.T.);
#1178=EDGE_CURVE('',#928,#813,#449,.T.);
#1179=EDGE_CURVE('',#929,#928,#756,.T.);
#1180=EDGE_CURVE('',#929,#812,#450,.T.);
#1181=EDGE_CURVE('',#930,#929,#451,.T.);
#1182=EDGE_CURVE('',#930,#811,#452,.T.);
#1183=EDGE_CURVE('',#931,#930,#757,.T.);
#1184=EDGE_CURVE('',#931,#810,#453,.T.);
#1185=EDGE_CURVE('',#932,#931,#454,.T.);
#1186=EDGE_CURVE('',#932,#809,#455,.T.);
#1187=EDGE_CURVE('',#926,#932,#758,.T.);
#1188=EDGE_CURVE('',#933,#934,#456,.T.);
#1189=EDGE_CURVE('',#934,#800,#457,.T.);
#1190=EDGE_CURVE('',#933,#807,#458,.T.);
#1191=EDGE_CURVE('',#935,#933,#759,.T.);
#1192=EDGE_CURVE('',#935,#806,#459,.T.);
#1193=EDGE_CURVE('',#936,#935,#460,.T.);
#1194=EDGE_CURVE('',#936,#805,#461,.T.);
#1195=EDGE_CURVE('',#937,#936,#760,.T.);
#1196=EDGE_CURVE('',#937,#804,#462,.T.);
#1197=EDGE_CURVE('',#938,#937,#463,.T.);
#1198=EDGE_CURVE('',#938,#803,#464,.T.);
#1199=EDGE_CURVE('',#939,#938,#761,.T.);
#1200=EDGE_CURVE('',#939,#802,#465,.T.);
#1201=EDGE_CURVE('',#940,#939,#466,.T.);
#1202=EDGE_CURVE('',#940,#801,#467,.T.);
#1203=EDGE_CURVE('',#934,#940,#762,.T.);
#1204=EDGE_CURVE('',#941,#942,#468,.T.);
#1205=EDGE_CURVE('',#942,#792,#469,.T.);
#1206=EDGE_CURVE('',#941,#799,#470,.T.);
#1207=EDGE_CURVE('',#943,#941,#763,.T.);
#1208=EDGE_CURVE('',#943,#798,#471,.T.);
#1209=EDGE_CURVE('',#944,#943,#472,.T.);
#1210=EDGE_CURVE('',#944,#797,#473,.T.);
#1211=EDGE_CURVE('',#945,#944,#764,.T.);
#1212=EDGE_CURVE('',#945,#796,#474,.T.);
#1213=EDGE_CURVE('',#946,#945,#475,.T.);
#1214=EDGE_CURVE('',#946,#795,#476,.T.);
#1215=EDGE_CURVE('',#947,#946,#765,.T.);
#1216=EDGE_CURVE('',#947,#794,#477,.T.);
#1217=EDGE_CURVE('',#948,#947,#478,.T.);
#1218=EDGE_CURVE('',#948,#793,#479,.T.);
#1219=EDGE_CURVE('',#942,#948,#766,.T.);
#1220=EDGE_CURVE('',#949,#950,#480,.T.);
#1221=EDGE_CURVE('',#950,#784,#481,.T.);
#1222=EDGE_CURVE('',#949,#791,#482,.T.);
#1223=EDGE_CURVE('',#951,#949,#767,.T.);
#1224=EDGE_CURVE('',#951,#790,#483,.T.);
#1225=EDGE_CURVE('',#952,#951,#484,.T.);
#1226=EDGE_CURVE('',#952,#789,#485,.T.);
#1227=EDGE_CURVE('',#953,#952,#768,.T.);
#1228=EDGE_CURVE('',#953,#788,#486,.T.);
#1229=EDGE_CURVE('',#954,#953,#487,.T.);
#1230=EDGE_CURVE('',#954,#787,#488,.T.);
#1231=EDGE_CURVE('',#955,#954,#769,.T.);
#1232=EDGE_CURVE('',#955,#786,#489,.T.);
#1233=EDGE_CURVE('',#956,#955,#490,.T.);
#1234=EDGE_CURVE('',#956,#785,#491,.T.);
#1235=EDGE_CURVE('',#950,#956,#770,.T.);
#1236=ORIENTED_EDGE('',*,*,#957,.F.);
#1237=ORIENTED_EDGE('',*,*,#958,.T.);
#1238=ORIENTED_EDGE('',*,*,#959,.F.);
#1239=ORIENTED_EDGE('',*,*,#958,.F.);
#1240=ORIENTED_EDGE('',*,*,#960,.T.);
#1241=ORIENTED_EDGE('',*,*,#961,.T.);
#1242=ORIENTED_EDGE('',*,*,#962,.T.);
#1243=ORIENTED_EDGE('',*,*,#963,.T.);
#1244=ORIENTED_EDGE('',*,*,#963,.F.);
#1245=ORIENTED_EDGE('',*,*,#964,.F.);
#1246=ORIENTED_EDGE('',*,*,#965,.F.);
#1247=ORIENTED_EDGE('',*,*,#966,.F.);
#1248=ORIENTED_EDGE('',*,*,#962,.F.);
#1249=ORIENTED_EDGE('',*,*,#967,.T.);
#1250=ORIENTED_EDGE('',*,*,#968,.F.);
#1251=ORIENTED_EDGE('',*,*,#969,.F.);
#1252=ORIENTED_EDGE('',*,*,#970,.F.);
#1253=ORIENTED_EDGE('',*,*,#971,.T.);
#1254=ORIENTED_EDGE('',*,*,#972,.F.);
#1255=ORIENTED_EDGE('',*,*,#964,.T.);
#1256=ORIENTED_EDGE('',*,*,#973,.T.);
#1257=ORIENTED_EDGE('',*,*,#974,.T.);
#1258=ORIENTED_EDGE('',*,*,#975,.T.);
#1259=ORIENTED_EDGE('',*,*,#976,.T.);
#1260=ORIENTED_EDGE('',*,*,#977,.T.);
#1261=ORIENTED_EDGE('',*,*,#978,.T.);
#1262=ORIENTED_EDGE('',*,*,#979,.T.);
#1263=ORIENTED_EDGE('',*,*,#980,.T.);
#1264=ORIENTED_EDGE('',*,*,#981,.T.);
#1265=ORIENTED_EDGE('',*,*,#982,.T.);
#1266=ORIENTED_EDGE('',*,*,#983,.T.);
#1267=ORIENTED_EDGE('',*,*,#984,.T.);
#1268=ORIENTED_EDGE('',*,*,#985,.T.);
#1269=ORIENTED_EDGE('',*,*,#986,.T.);
#1270=ORIENTED_EDGE('',*,*,#987,.T.);
#1271=ORIENTED_EDGE('',*,*,#988,.T.);
#1272=ORIENTED_EDGE('',*,*,#989,.T.);
#1273=ORIENTED_EDGE('',*,*,#990,.T.);
#1274=ORIENTED_EDGE('',*,*,#991,.T.);
#1275=ORIENTED_EDGE('',*,*,#992,.T.);
#1276=ORIENTED_EDGE('',*,*,#993,.T.);
#1277=ORIENTED_EDGE('',*,*,#994,.T.);
#1278=ORIENTED_EDGE('',*,*,#995,.T.);
#1279=ORIENTED_EDGE('',*,*,#996,.T.);
#1280=ORIENTED_EDGE('',*,*,#997,.T.);
#1281=ORIENTED_EDGE('',*,*,#998,.T.);
#1282=ORIENTED_EDGE('',*,*,#999,.T.);
#1283=ORIENTED_EDGE('',*,*,#1000,.T.);
#1284=ORIENTED_EDGE('',*,*,#1001,.T.);
#1285=ORIENTED_EDGE('',*,*,#1002,.T.);
#1286=ORIENTED_EDGE('',*,*,#1003,.T.);
#1287=ORIENTED_EDGE('',*,*,#1004,.T.);
#1288=ORIENTED_EDGE('',*,*,#1005,.T.);
#1289=ORIENTED_EDGE('',*,*,#1006,.T.);
#1290=ORIENTED_EDGE('',*,*,#1007,.T.);
#1291=ORIENTED_EDGE('',*,*,#1008,.T.);
#1292=ORIENTED_EDGE('',*,*,#1009,.T.);
#1293=ORIENTED_EDGE('',*,*,#1010,.T.);
#1294=ORIENTED_EDGE('',*,*,#1011,.T.);
#1295=ORIENTED_EDGE('',*,*,#1012,.T.);
#1296=ORIENTED_EDGE('',*,*,#1013,.T.);
#1297=ORIENTED_EDGE('',*,*,#1014,.T.);
#1298=ORIENTED_EDGE('',*,*,#1015,.T.);
#1299=ORIENTED_EDGE('',*,*,#1016,.T.);
#1300=ORIENTED_EDGE('',*,*,#1017,.T.);
#1301=ORIENTED_EDGE('',*,*,#1018,.T.);
#1302=ORIENTED_EDGE('',*,*,#1019,.T.);
#1303=ORIENTED_EDGE('',*,*,#1020,.T.);
#1304=ORIENTED_EDGE('',*,*,#1021,.T.);
#1305=ORIENTED_EDGE('',*,*,#1022,.T.);
#1306=ORIENTED_EDGE('',*,*,#1023,.T.);
#1307=ORIENTED_EDGE('',*,*,#1024,.T.);
#1308=ORIENTED_EDGE('',*,*,#1025,.T.);
#1309=ORIENTED_EDGE('',*,*,#1026,.T.);
#1310=ORIENTED_EDGE('',*,*,#1027,.T.);
#1311=ORIENTED_EDGE('',*,*,#1028,.T.);
#1312=ORIENTED_EDGE('',*,*,#1029,.T.);
#1313=ORIENTED_EDGE('',*,*,#1030,.T.);
#1314=ORIENTED_EDGE('',*,*,#1031,.T.);
#1315=ORIENTED_EDGE('',*,*,#1032,.T.);
#1316=ORIENTED_EDGE('',*,*,#1033,.T.);
#1317=ORIENTED_EDGE('',*,*,#1034,.T.);
#1318=ORIENTED_EDGE('',*,*,#1035,.T.);
#1319=ORIENTED_EDGE('',*,*,#1036,.T.);
#1320=ORIENTED_EDGE('',*,*,#1037,.T.);
#1321=ORIENTED_EDGE('',*,*,#1038,.T.);
#1322=ORIENTED_EDGE('',*,*,#1039,.T.);
#1323=ORIENTED_EDGE('',*,*,#1040,.T.);
#1324=ORIENTED_EDGE('',*,*,#1041,.T.);
#1325=ORIENTED_EDGE('',*,*,#1042,.F.);
#1326=ORIENTED_EDGE('',*,*,#1043,.T.);
#1327=ORIENTED_EDGE('',*,*,#1044,.F.);
#1328=ORIENTED_EDGE('',*,*,#1045,.T.);
#1329=ORIENTED_EDGE('',*,*,#1046,.F.);
#1330=ORIENTED_EDGE('',*,*,#1047,.T.);
#1331=ORIENTED_EDGE('',*,*,#1048,.F.);
#1332=ORIENTED_EDGE('',*,*,#1049,.T.);
#1333=ORIENTED_EDGE('',*,*,#1050,.F.);
#1334=ORIENTED_EDGE('',*,*,#1051,.T.);
#1335=ORIENTED_EDGE('',*,*,#1052,.F.);
#1336=ORIENTED_EDGE('',*,*,#1053,.T.);
#1337=ORIENTED_EDGE('',*,*,#1054,.F.);
#1338=ORIENTED_EDGE('',*,*,#1055,.T.);
#1339=ORIENTED_EDGE('',*,*,#1056,.F.);
#1340=ORIENTED_EDGE('',*,*,#957,.T.);
#1341=ORIENTED_EDGE('',*,*,#972,.T.);
#1342=ORIENTED_EDGE('',*,*,#1057,.T.);
#1343=ORIENTED_EDGE('',*,*,#1058,.T.);
#1344=ORIENTED_EDGE('',*,*,#965,.T.);
#1345=ORIENTED_EDGE('',*,*,#1057,.F.);
#1346=ORIENTED_EDGE('',*,*,#971,.F.);
#1347=ORIENTED_EDGE('',*,*,#1059,.F.);
#1348=ORIENTED_EDGE('',*,*,#1060,.F.);
#1349=ORIENTED_EDGE('',*,*,#970,.T.);
#1350=ORIENTED_EDGE('',*,*,#1061,.T.);
#1351=ORIENTED_EDGE('',*,*,#1062,.T.);
#1352=ORIENTED_EDGE('',*,*,#1059,.T.);
#1353=ORIENTED_EDGE('',*,*,#1061,.F.);
#1354=ORIENTED_EDGE('',*,*,#969,.T.);
#1355=ORIENTED_EDGE('',*,*,#1063,.F.);
#1356=ORIENTED_EDGE('',*,*,#1064,.T.);
#1357=ORIENTED_EDGE('',*,*,#1065,.T.);
#1358=ORIENTED_EDGE('',*,*,#1063,.T.);
#1359=ORIENTED_EDGE('',*,*,#968,.T.);
#1360=ORIENTED_EDGE('',*,*,#1066,.T.);
#1361=ORIENTED_EDGE('',*,*,#1052,.T.);
#1362=ORIENTED_EDGE('',*,*,#1067,.T.);
#1363=ORIENTED_EDGE('',*,*,#1068,.T.);
#1364=ORIENTED_EDGE('',*,*,#1069,.T.);
#1365=ORIENTED_EDGE('',*,*,#1067,.F.);
#1366=ORIENTED_EDGE('',*,*,#1051,.F.);
#1367=ORIENTED_EDGE('',*,*,#1070,.F.);
#1368=ORIENTED_EDGE('',*,*,#1071,.F.);
#1369=ORIENTED_EDGE('',*,*,#1050,.T.);
#1370=ORIENTED_EDGE('',*,*,#1072,.T.);
#1371=ORIENTED_EDGE('',*,*,#1073,.T.);
#1372=ORIENTED_EDGE('',*,*,#1070,.T.);
#1373=ORIENTED_EDGE('',*,*,#1072,.F.);
#1374=ORIENTED_EDGE('',*,*,#1049,.F.);
#1375=ORIENTED_EDGE('',*,*,#1074,.F.);
#1376=ORIENTED_EDGE('',*,*,#1075,.F.);
#1377=ORIENTED_EDGE('',*,*,#1056,.T.);
#1378=ORIENTED_EDGE('',*,*,#1076,.T.);
#1379=ORIENTED_EDGE('',*,*,#1077,.T.);
#1380=ORIENTED_EDGE('',*,*,#1074,.T.);
#1381=ORIENTED_EDGE('',*,*,#1076,.F.);
#1382=ORIENTED_EDGE('',*,*,#1055,.F.);
#1383=ORIENTED_EDGE('',*,*,#1078,.F.);
#1384=ORIENTED_EDGE('',*,*,#1079,.F.);
#1385=ORIENTED_EDGE('',*,*,#1054,.T.);
#1386=ORIENTED_EDGE('',*,*,#1080,.T.);
#1387=ORIENTED_EDGE('',*,*,#1081,.T.);
#1388=ORIENTED_EDGE('',*,*,#1078,.T.);
#1389=ORIENTED_EDGE('',*,*,#1069,.F.);
#1390=ORIENTED_EDGE('',*,*,#1082,.F.);
#1391=ORIENTED_EDGE('',*,*,#1080,.F.);
#1392=ORIENTED_EDGE('',*,*,#1053,.F.);
#1393=ORIENTED_EDGE('',*,*,#1046,.T.);
#1394=ORIENTED_EDGE('',*,*,#1083,.T.);
#1395=ORIENTED_EDGE('',*,*,#1084,.T.);
#1396=ORIENTED_EDGE('',*,*,#1085,.T.);
#1397=ORIENTED_EDGE('',*,*,#1083,.F.);
#1398=ORIENTED_EDGE('',*,*,#1045,.F.);
#1399=ORIENTED_EDGE('',*,*,#1086,.F.);
#1400=ORIENTED_EDGE('',*,*,#1087,.F.);
#1401=ORIENTED_EDGE('',*,*,#1048,.T.);
#1402=ORIENTED_EDGE('',*,*,#1088,.T.);
#1403=ORIENTED_EDGE('',*,*,#1089,.T.);
#1404=ORIENTED_EDGE('',*,*,#1090,.T.);
#1405=ORIENTED_EDGE('',*,*,#1085,.F.);
#1406=ORIENTED_EDGE('',*,*,#1091,.F.);
#1407=ORIENTED_EDGE('',*,*,#1088,.F.);
#1408=ORIENTED_EDGE('',*,*,#1047,.F.);
#1409=ORIENTED_EDGE('',*,*,#1042,.T.);
#1410=ORIENTED_EDGE('',*,*,#1092,.T.);
#1411=ORIENTED_EDGE('',*,*,#1093,.T.);
#1412=ORIENTED_EDGE('',*,*,#1094,.T.);
#1413=ORIENTED_EDGE('',*,*,#1090,.F.);
#1414=ORIENTED_EDGE('',*,*,#1095,.F.);
#1415=ORIENTED_EDGE('',*,*,#1092,.F.);
#1416=ORIENTED_EDGE('',*,*,#1041,.F.);
#1417=ORIENTED_EDGE('',*,*,#1044,.T.);
#1418=ORIENTED_EDGE('',*,*,#1096,.T.);
#1419=ORIENTED_EDGE('',*,*,#1097,.T.);
#1420=ORIENTED_EDGE('',*,*,#1086,.T.);
#1421=ORIENTED_EDGE('',*,*,#1094,.F.);
#1422=ORIENTED_EDGE('',*,*,#1098,.F.);
#1423=ORIENTED_EDGE('',*,*,#1096,.F.);
#1424=ORIENTED_EDGE('',*,*,#1043,.F.);
#1425=ORIENTED_EDGE('',*,*,#1099,.F.);
#1426=ORIENTED_EDGE('',*,*,#1100,.T.);
#1427=ORIENTED_EDGE('',*,*,#1040,.F.);
#1428=ORIENTED_EDGE('',*,*,#1100,.F.);
#1429=ORIENTED_EDGE('',*,*,#1101,.F.);
#1430=ORIENTED_EDGE('',*,*,#1102,.T.);
#1431=ORIENTED_EDGE('',*,*,#1039,.F.);
#1432=ORIENTED_EDGE('',*,*,#1102,.F.);
#1433=ORIENTED_EDGE('',*,*,#1103,.F.);
#1434=ORIENTED_EDGE('',*,*,#1104,.T.);
#1435=ORIENTED_EDGE('',*,*,#1038,.F.);
#1436=ORIENTED_EDGE('',*,*,#1104,.F.);
#1437=ORIENTED_EDGE('',*,*,#1105,.F.);
#1438=ORIENTED_EDGE('',*,*,#1106,.T.);
#1439=ORIENTED_EDGE('',*,*,#1037,.F.);
#1440=ORIENTED_EDGE('',*,*,#1106,.F.);
#1441=ORIENTED_EDGE('',*,*,#961,.F.);
#1442=ORIENTED_EDGE('',*,*,#1107,.F.);
#1443=ORIENTED_EDGE('',*,*,#1066,.F.);
#1444=ORIENTED_EDGE('',*,*,#967,.F.);
#1445=ORIENTED_EDGE('',*,*,#1108,.T.);
#1446=ORIENTED_EDGE('',*,*,#1109,.T.);
#1447=ORIENTED_EDGE('',*,*,#1036,.F.);
#1448=ORIENTED_EDGE('',*,*,#1110,.F.);
#1449=ORIENTED_EDGE('',*,*,#1111,.T.);
#1450=ORIENTED_EDGE('',*,*,#1110,.T.);
#1451=ORIENTED_EDGE('',*,*,#1035,.F.);
#1452=ORIENTED_EDGE('',*,*,#1112,.F.);
#1453=ORIENTED_EDGE('',*,*,#1113,.T.);
#1454=ORIENTED_EDGE('',*,*,#1112,.T.);
#1455=ORIENTED_EDGE('',*,*,#1034,.F.);
#1456=ORIENTED_EDGE('',*,*,#1114,.F.);
#1457=ORIENTED_EDGE('',*,*,#1115,.T.);
#1458=ORIENTED_EDGE('',*,*,#1114,.T.);
#1459=ORIENTED_EDGE('',*,*,#1033,.F.);
#1460=ORIENTED_EDGE('',*,*,#1116,.F.);
#1461=ORIENTED_EDGE('',*,*,#1117,.T.);
#1462=ORIENTED_EDGE('',*,*,#1116,.T.);
#1463=ORIENTED_EDGE('',*,*,#1032,.F.);
#1464=ORIENTED_EDGE('',*,*,#1118,.F.);
#1465=ORIENTED_EDGE('',*,*,#1119,.T.);
#1466=ORIENTED_EDGE('',*,*,#1118,.T.);
#1467=ORIENTED_EDGE('',*,*,#1031,.F.);
#1468=ORIENTED_EDGE('',*,*,#1120,.F.);
#1469=ORIENTED_EDGE('',*,*,#1121,.T.);
#1470=ORIENTED_EDGE('',*,*,#1120,.T.);
#1471=ORIENTED_EDGE('',*,*,#1030,.F.);
#1472=ORIENTED_EDGE('',*,*,#1122,.F.);
#1473=ORIENTED_EDGE('',*,*,#1123,.T.);
#1474=ORIENTED_EDGE('',*,*,#1122,.T.);
#1475=ORIENTED_EDGE('',*,*,#1029,.F.);
#1476=ORIENTED_EDGE('',*,*,#1109,.F.);
#1477=ORIENTED_EDGE('',*,*,#1124,.T.);
#1478=ORIENTED_EDGE('',*,*,#1125,.T.);
#1479=ORIENTED_EDGE('',*,*,#1028,.F.);
#1480=ORIENTED_EDGE('',*,*,#1126,.F.);
#1481=ORIENTED_EDGE('',*,*,#1127,.T.);
#1482=ORIENTED_EDGE('',*,*,#1126,.T.);
#1483=ORIENTED_EDGE('',*,*,#1027,.F.);
#1484=ORIENTED_EDGE('',*,*,#1128,.F.);
#1485=ORIENTED_EDGE('',*,*,#1129,.T.);
#1486=ORIENTED_EDGE('',*,*,#1128,.T.);
#1487=ORIENTED_EDGE('',*,*,#1026,.F.);
#1488=ORIENTED_EDGE('',*,*,#1130,.F.);
#1489=ORIENTED_EDGE('',*,*,#1131,.T.);
#1490=ORIENTED_EDGE('',*,*,#1130,.T.);
#1491=ORIENTED_EDGE('',*,*,#1025,.F.);
#1492=ORIENTED_EDGE('',*,*,#1132,.F.);
#1493=ORIENTED_EDGE('',*,*,#1133,.T.);
#1494=ORIENTED_EDGE('',*,*,#1132,.T.);
#1495=ORIENTED_EDGE('',*,*,#1024,.F.);
#1496=ORIENTED_EDGE('',*,*,#1134,.F.);
#1497=ORIENTED_EDGE('',*,*,#1135,.T.);
#1498=ORIENTED_EDGE('',*,*,#1134,.T.);
#1499=ORIENTED_EDGE('',*,*,#1023,.F.);
#1500=ORIENTED_EDGE('',*,*,#1136,.F.);
#1501=ORIENTED_EDGE('',*,*,#1137,.T.);
#1502=ORIENTED_EDGE('',*,*,#1136,.T.);
#1503=ORIENTED_EDGE('',*,*,#1022,.F.);
#1504=ORIENTED_EDGE('',*,*,#1138,.F.);
#1505=ORIENTED_EDGE('',*,*,#1139,.T.);
#1506=ORIENTED_EDGE('',*,*,#1138,.T.);
#1507=ORIENTED_EDGE('',*,*,#1021,.F.);
#1508=ORIENTED_EDGE('',*,*,#1125,.F.);
#1509=ORIENTED_EDGE('',*,*,#1140,.T.);
#1510=ORIENTED_EDGE('',*,*,#1141,.T.);
#1511=ORIENTED_EDGE('',*,*,#1020,.F.);
#1512=ORIENTED_EDGE('',*,*,#1142,.F.);
#1513=ORIENTED_EDGE('',*,*,#1143,.T.);
#1514=ORIENTED_EDGE('',*,*,#1142,.T.);
#1515=ORIENTED_EDGE('',*,*,#1019,.F.);
#1516=ORIENTED_EDGE('',*,*,#1144,.F.);
#1517=ORIENTED_EDGE('',*,*,#1145,.T.);
#1518=ORIENTED_EDGE('',*,*,#1144,.T.);
#1519=ORIENTED_EDGE('',*,*,#1018,.F.);
#1520=ORIENTED_EDGE('',*,*,#1146,.F.);
#1521=ORIENTED_EDGE('',*,*,#1147,.T.);
#1522=ORIENTED_EDGE('',*,*,#1146,.T.);
#1523=ORIENTED_EDGE('',*,*,#1017,.F.);
#1524=ORIENTED_EDGE('',*,*,#1148,.F.);
#1525=ORIENTED_EDGE('',*,*,#1149,.T.);
#1526=ORIENTED_EDGE('',*,*,#1148,.T.);
#1527=ORIENTED_EDGE('',*,*,#1016,.F.);
#1528=ORIENTED_EDGE('',*,*,#1150,.F.);
#1529=ORIENTED_EDGE('',*,*,#1151,.T.);
#1530=ORIENTED_EDGE('',*,*,#1150,.T.);
#1531=ORIENTED_EDGE('',*,*,#1015,.F.);
#1532=ORIENTED_EDGE('',*,*,#1152,.F.);
#1533=ORIENTED_EDGE('',*,*,#1153,.T.);
#1534=ORIENTED_EDGE('',*,*,#1152,.T.);
#1535=ORIENTED_EDGE('',*,*,#1014,.F.);
#1536=ORIENTED_EDGE('',*,*,#1154,.F.);
#1537=ORIENTED_EDGE('',*,*,#1155,.T.);
#1538=ORIENTED_EDGE('',*,*,#1154,.T.);
#1539=ORIENTED_EDGE('',*,*,#1013,.F.);
#1540=ORIENTED_EDGE('',*,*,#1141,.F.);
#1541=ORIENTED_EDGE('',*,*,#1156,.T.);
#1542=ORIENTED_EDGE('',*,*,#1157,.T.);
#1543=ORIENTED_EDGE('',*,*,#1012,.F.);
#1544=ORIENTED_EDGE('',*,*,#1158,.F.);
#1545=ORIENTED_EDGE('',*,*,#1159,.T.);
#1546=ORIENTED_EDGE('',*,*,#1158,.T.);
#1547=ORIENTED_EDGE('',*,*,#1011,.F.);
#1548=ORIENTED_EDGE('',*,*,#1160,.F.);
#1549=ORIENTED_EDGE('',*,*,#1161,.T.);
#1550=ORIENTED_EDGE('',*,*,#1160,.T.);
#1551=ORIENTED_EDGE('',*,*,#1010,.F.);
#1552=ORIENTED_EDGE('',*,*,#1162,.F.);
#1553=ORIENTED_EDGE('',*,*,#1163,.T.);
#1554=ORIENTED_EDGE('',*,*,#1162,.T.);
#1555=ORIENTED_EDGE('',*,*,#1009,.F.);
#1556=ORIENTED_EDGE('',*,*,#1164,.F.);
#1557=ORIENTED_EDGE('',*,*,#1165,.T.);
#1558=ORIENTED_EDGE('',*,*,#1164,.T.);
#1559=ORIENTED_EDGE('',*,*,#1008,.F.);
#1560=ORIENTED_EDGE('',*,*,#1166,.F.);
#1561=ORIENTED_EDGE('',*,*,#1167,.T.);
#1562=ORIENTED_EDGE('',*,*,#1166,.T.);
#1563=ORIENTED_EDGE('',*,*,#1007,.F.);
#1564=ORIENTED_EDGE('',*,*,#1168,.F.);
#1565=ORIENTED_EDGE('',*,*,#1169,.T.);
#1566=ORIENTED_EDGE('',*,*,#1168,.T.);
#1567=ORIENTED_EDGE('',*,*,#1006,.F.);
#1568=ORIENTED_EDGE('',*,*,#1170,.F.);
#1569=ORIENTED_EDGE('',*,*,#1171,.T.);
#1570=ORIENTED_EDGE('',*,*,#1170,.T.);
#1571=ORIENTED_EDGE('',*,*,#1005,.F.);
#1572=ORIENTED_EDGE('',*,*,#1157,.F.);
#1573=ORIENTED_EDGE('',*,*,#1172,.T.);
#1574=ORIENTED_EDGE('',*,*,#1173,.T.);
#1575=ORIENTED_EDGE('',*,*,#1004,.F.);
#1576=ORIENTED_EDGE('',*,*,#1174,.F.);
#1577=ORIENTED_EDGE('',*,*,#1175,.T.);
#1578=ORIENTED_EDGE('',*,*,#1174,.T.);
#1579=ORIENTED_EDGE('',*,*,#1003,.F.);
#1580=ORIENTED_EDGE('',*,*,#1176,.F.);
#1581=ORIENTED_EDGE('',*,*,#1177,.T.);
#1582=ORIENTED_EDGE('',*,*,#1176,.T.);
#1583=ORIENTED_EDGE('',*,*,#1002,.F.);
#1584=ORIENTED_EDGE('',*,*,#1178,.F.);
#1585=ORIENTED_EDGE('',*,*,#1179,.T.);
#1586=ORIENTED_EDGE('',*,*,#1178,.T.);
#1587=ORIENTED_EDGE('',*,*,#1001,.F.);
#1588=ORIENTED_EDGE('',*,*,#1180,.F.);
#1589=ORIENTED_EDGE('',*,*,#1181,.T.);
#1590=ORIENTED_EDGE('',*,*,#1180,.T.);
#1591=ORIENTED_EDGE('',*,*,#1000,.F.);
#1592=ORIENTED_EDGE('',*,*,#1182,.F.);
#1593=ORIENTED_EDGE('',*,*,#1183,.T.);
#1594=ORIENTED_EDGE('',*,*,#1182,.T.);
#1595=ORIENTED_EDGE('',*,*,#999,.F.);
#1596=ORIENTED_EDGE('',*,*,#1184,.F.);
#1597=ORIENTED_EDGE('',*,*,#1185,.T.);
#1598=ORIENTED_EDGE('',*,*,#1184,.T.);
#1599=ORIENTED_EDGE('',*,*,#998,.F.);
#1600=ORIENTED_EDGE('',*,*,#1186,.F.);
#1601=ORIENTED_EDGE('',*,*,#1187,.T.);
#1602=ORIENTED_EDGE('',*,*,#1186,.T.);
#1603=ORIENTED_EDGE('',*,*,#997,.F.);
#1604=ORIENTED_EDGE('',*,*,#1173,.F.);
#1605=ORIENTED_EDGE('',*,*,#1188,.T.);
#1606=ORIENTED_EDGE('',*,*,#1189,.T.);
#1607=ORIENTED_EDGE('',*,*,#996,.F.);
#1608=ORIENTED_EDGE('',*,*,#1190,.F.);
#1609=ORIENTED_EDGE('',*,*,#1191,.T.);
#1610=ORIENTED_EDGE('',*,*,#1190,.T.);
#1611=ORIENTED_EDGE('',*,*,#995,.F.);
#1612=ORIENTED_EDGE('',*,*,#1192,.F.);
#1613=ORIENTED_EDGE('',*,*,#1193,.T.);
#1614=ORIENTED_EDGE('',*,*,#1192,.T.);
#1615=ORIENTED_EDGE('',*,*,#994,.F.);
#1616=ORIENTED_EDGE('',*,*,#1194,.F.);
#1617=ORIENTED_EDGE('',*,*,#1195,.T.);
#1618=ORIENTED_EDGE('',*,*,#1194,.T.);
#1619=ORIENTED_EDGE('',*,*,#993,.F.);
#1620=ORIENTED_EDGE('',*,*,#1196,.F.);
#1621=ORIENTED_EDGE('',*,*,#1197,.T.);
#1622=ORIENTED_EDGE('',*,*,#1196,.T.);
#1623=ORIENTED_EDGE('',*,*,#992,.F.);
#1624=ORIENTED_EDGE('',*,*,#1198,.F.);
#1625=ORIENTED_EDGE('',*,*,#1199,.T.);
#1626=ORIENTED_EDGE('',*,*,#1198,.T.);
#1627=ORIENTED_EDGE('',*,*,#991,.F.);
#1628=ORIENTED_EDGE('',*,*,#1200,.F.);
#1629=ORIENTED_EDGE('',*,*,#1201,.T.);
#1630=ORIENTED_EDGE('',*,*,#1200,.T.);
#1631=ORIENTED_EDGE('',*,*,#990,.F.);
#1632=ORIENTED_EDGE('',*,*,#1202,.F.);
#1633=ORIENTED_EDGE('',*,*,#1203,.T.);
#1634=ORIENTED_EDGE('',*,*,#1202,.T.);
#1635=ORIENTED_EDGE('',*,*,#989,.F.);
#1636=ORIENTED_EDGE('',*,*,#1189,.F.);
#1637=ORIENTED_EDGE('',*,*,#1204,.T.);
#1638=ORIENTED_EDGE('',*,*,#1205,.T.);
#1639=ORIENTED_EDGE('',*,*,#988,.F.);
#1640=ORIENTED_EDGE('',*,*,#1206,.F.);
#1641=ORIENTED_EDGE('',*,*,#1207,.T.);
#1642=ORIENTED_EDGE('',*,*,#1206,.T.);
#1643=ORIENTED_EDGE('',*,*,#987,.F.);
#1644=ORIENTED_EDGE('',*,*,#1208,.F.);
#1645=ORIENTED_EDGE('',*,*,#1209,.T.);
#1646=ORIENTED_EDGE('',*,*,#1208,.T.);
#1647=ORIENTED_EDGE('',*,*,#986,.F.);
#1648=ORIENTED_EDGE('',*,*,#1210,.F.);
#1649=ORIENTED_EDGE('',*,*,#1211,.T.);
#1650=ORIENTED_EDGE('',*,*,#1210,.T.);
#1651=ORIENTED_EDGE('',*,*,#985,.F.);
#1652=ORIENTED_EDGE('',*,*,#1212,.F.);
#1653=ORIENTED_EDGE('',*,*,#1213,.T.);
#1654=ORIENTED_EDGE('',*,*,#1212,.T.);
#1655=ORIENTED_EDGE('',*,*,#984,.F.);
#1656=ORIENTED_EDGE('',*,*,#1214,.F.);
#1657=ORIENTED_EDGE('',*,*,#1215,.T.);
#1658=ORIENTED_EDGE('',*,*,#1214,.T.);
#1659=ORIENTED_EDGE('',*,*,#983,.F.);
#1660=ORIENTED_EDGE('',*,*,#1216,.F.);
#1661=ORIENTED_EDGE('',*,*,#1217,.T.);
#1662=ORIENTED_EDGE('',*,*,#1216,.T.);
#1663=ORIENTED_EDGE('',*,*,#982,.F.);
#1664=ORIENTED_EDGE('',*,*,#1218,.F.);
#1665=ORIENTED_EDGE('',*,*,#1219,.T.);
#1666=ORIENTED_EDGE('',*,*,#1218,.T.);
#1667=ORIENTED_EDGE('',*,*,#981,.F.);
#1668=ORIENTED_EDGE('',*,*,#1205,.F.);
#1669=ORIENTED_EDGE('',*,*,#1220,.T.);
#1670=ORIENTED_EDGE('',*,*,#1221,.T.);
#1671=ORIENTED_EDGE('',*,*,#980,.F.);
#1672=ORIENTED_EDGE('',*,*,#1222,.F.);
#1673=ORIENTED_EDGE('',*,*,#1223,.T.);
#1674=ORIENTED_EDGE('',*,*,#1222,.T.);
#1675=ORIENTED_EDGE('',*,*,#979,.F.);
#1676=ORIENTED_EDGE('',*,*,#1224,.F.);
#1677=ORIENTED_EDGE('',*,*,#1225,.T.);
#1678=ORIENTED_EDGE('',*,*,#1224,.T.);
#1679=ORIENTED_EDGE('',*,*,#978,.F.);
#1680=ORIENTED_EDGE('',*,*,#1226,.F.);
#1681=ORIENTED_EDGE('',*,*,#1227,.T.);
#1682=ORIENTED_EDGE('',*,*,#1226,.T.);
#1683=ORIENTED_EDGE('',*,*,#977,.F.);
#1684=ORIENTED_EDGE('',*,*,#1228,.F.);
#1685=ORIENTED_EDGE('',*,*,#1229,.T.);
#1686=ORIENTED_EDGE('',*,*,#1228,.T.);
#1687=ORIENTED_EDGE('',*,*,#976,.F.);
#1688=ORIENTED_EDGE('',*,*,#1230,.F.);
#1689=ORIENTED_EDGE('',*,*,#1231,.T.);
#1690=ORIENTED_EDGE('',*,*,#1230,.T.);
#1691=ORIENTED_EDGE('',*,*,#975,.F.);
#1692=ORIENTED_EDGE('',*,*,#1232,.F.);
#1693=ORIENTED_EDGE('',*,*,#1233,.T.);
#1694=ORIENTED_EDGE('',*,*,#1232,.T.);
#1695=ORIENTED_EDGE('',*,*,#974,.F.);
#1696=ORIENTED_EDGE('',*,*,#1234,.F.);
#1697=ORIENTED_EDGE('',*,*,#1235,.T.);
#1698=ORIENTED_EDGE('',*,*,#1234,.T.);
#1699=ORIENTED_EDGE('',*,*,#973,.F.);
#1700=ORIENTED_EDGE('',*,*,#1221,.F.);
#1701=ORIENTED_EDGE('',*,*,#960,.F.);
#1702=ORIENTED_EDGE('',*,*,#966,.T.);
#1703=ORIENTED_EDGE('',*,*,#1058,.F.);
#1704=ORIENTED_EDGE('',*,*,#1060,.T.);
#1705=ORIENTED_EDGE('',*,*,#1062,.F.);
#1706=ORIENTED_EDGE('',*,*,#1064,.F.);
#1707=ORIENTED_EDGE('',*,*,#1065,.F.);
#1708=ORIENTED_EDGE('',*,*,#1107,.T.);
#1709=ORIENTED_EDGE('',*,*,#1123,.F.);
#1710=ORIENTED_EDGE('',*,*,#1108,.F.);
#1711=ORIENTED_EDGE('',*,*,#1111,.F.);
#1712=ORIENTED_EDGE('',*,*,#1113,.F.);
#1713=ORIENTED_EDGE('',*,*,#1115,.F.);
#1714=ORIENTED_EDGE('',*,*,#1117,.F.);
#1715=ORIENTED_EDGE('',*,*,#1119,.F.);
#1716=ORIENTED_EDGE('',*,*,#1121,.F.);
#1717=ORIENTED_EDGE('',*,*,#1139,.F.);
#1718=ORIENTED_EDGE('',*,*,#1124,.F.);
#1719=ORIENTED_EDGE('',*,*,#1127,.F.);
#1720=ORIENTED_EDGE('',*,*,#1129,.F.);
#1721=ORIENTED_EDGE('',*,*,#1131,.F.);
#1722=ORIENTED_EDGE('',*,*,#1133,.F.);
#1723=ORIENTED_EDGE('',*,*,#1135,.F.);
#1724=ORIENTED_EDGE('',*,*,#1137,.F.);
#1725=ORIENTED_EDGE('',*,*,#1155,.F.);
#1726=ORIENTED_EDGE('',*,*,#1140,.F.);
#1727=ORIENTED_EDGE('',*,*,#1143,.F.);
#1728=ORIENTED_EDGE('',*,*,#1145,.F.);
#1729=ORIENTED_EDGE('',*,*,#1147,.F.);
#1730=ORIENTED_EDGE('',*,*,#1149,.F.);
#1731=ORIENTED_EDGE('',*,*,#1151,.F.);
#1732=ORIENTED_EDGE('',*,*,#1153,.F.);
#1733=ORIENTED_EDGE('',*,*,#1171,.F.);
#1734=ORIENTED_EDGE('',*,*,#1156,.F.);
#1735=ORIENTED_EDGE('',*,*,#1159,.F.);
#1736=ORIENTED_EDGE('',*,*,#1161,.F.);
#1737=ORIENTED_EDGE('',*,*,#1163,.F.);
#1738=ORIENTED_EDGE('',*,*,#1165,.F.);
#1739=ORIENTED_EDGE('',*,*,#1167,.F.);
#1740=ORIENTED_EDGE('',*,*,#1169,.F.);
#1741=ORIENTED_EDGE('',*,*,#1187,.F.);
#1742=ORIENTED_EDGE('',*,*,#1172,.F.);
#1743=ORIENTED_EDGE('',*,*,#1175,.F.);
#1744=ORIENTED_EDGE('',*,*,#1177,.F.);
#1745=ORIENTED_EDGE('',*,*,#1179,.F.);
#1746=ORIENTED_EDGE('',*,*,#1181,.F.);
#1747=ORIENTED_EDGE('',*,*,#1183,.F.);
#1748=ORIENTED_EDGE('',*,*,#1185,.F.);
#1749=ORIENTED_EDGE('',*,*,#1203,.F.);
#1750=ORIENTED_EDGE('',*,*,#1188,.F.);
#1751=ORIENTED_EDGE('',*,*,#1191,.F.);
#1752=ORIENTED_EDGE('',*,*,#1193,.F.);
#1753=ORIENTED_EDGE('',*,*,#1195,.F.);
#1754=ORIENTED_EDGE('',*,*,#1197,.F.);
#1755=ORIENTED_EDGE('',*,*,#1199,.F.);
#1756=ORIENTED_EDGE('',*,*,#1201,.F.);
#1757=ORIENTED_EDGE('',*,*,#1219,.F.);
#1758=ORIENTED_EDGE('',*,*,#1204,.F.);
#1759=ORIENTED_EDGE('',*,*,#1207,.F.);
#1760=ORIENTED_EDGE('',*,*,#1209,.F.);
#1761=ORIENTED_EDGE('',*,*,#1211,.F.);
#1762=ORIENTED_EDGE('',*,*,#1213,.F.);
#1763=ORIENTED_EDGE('',*,*,#1215,.F.);
#1764=ORIENTED_EDGE('',*,*,#1217,.F.);
#1765=ORIENTED_EDGE('',*,*,#1235,.F.);
#1766=ORIENTED_EDGE('',*,*,#1220,.F.);
#1767=ORIENTED_EDGE('',*,*,#1223,.F.);
#1768=ORIENTED_EDGE('',*,*,#1225,.F.);
#1769=ORIENTED_EDGE('',*,*,#1227,.F.);
#1770=ORIENTED_EDGE('',*,*,#1229,.F.);
#1771=ORIENTED_EDGE('',*,*,#1231,.F.);
#1772=ORIENTED_EDGE('',*,*,#1233,.F.);
#1773=ORIENTED_EDGE('',*,*,#1105,.T.);
#1774=ORIENTED_EDGE('',*,*,#1103,.T.);
#1775=ORIENTED_EDGE('',*,*,#1101,.T.);
#1776=ORIENTED_EDGE('',*,*,#1099,.T.);
#1777=ORIENTED_EDGE('',*,*,#1095,.T.);
#1778=ORIENTED_EDGE('',*,*,#1089,.F.);
#1779=ORIENTED_EDGE('',*,*,#1091,.T.);
#1780=ORIENTED_EDGE('',*,*,#1084,.F.);
#1781=ORIENTED_EDGE('',*,*,#1087,.T.);
#1782=ORIENTED_EDGE('',*,*,#1097,.F.);
#1783=ORIENTED_EDGE('',*,*,#1098,.T.);
#1784=ORIENTED_EDGE('',*,*,#1093,.F.);
#1785=ORIENTED_EDGE('',*,*,#1075,.T.);
#1786=ORIENTED_EDGE('',*,*,#1077,.F.);
#1787=ORIENTED_EDGE('',*,*,#1079,.T.);
#1788=ORIENTED_EDGE('',*,*,#1081,.F.);
#1789=ORIENTED_EDGE('',*,*,#1082,.T.);
#1790=ORIENTED_EDGE('',*,*,#1068,.F.);
#1791=ORIENTED_EDGE('',*,*,#1071,.T.);
#1792=ORIENTED_EDGE('',*,*,#1073,.F.);
#1793=ORIENTED_EDGE('',*,*,#959,.T.);
#1794=CYLINDRICAL_SURFACE('',#1952,4.);
#1795=CYLINDRICAL_SURFACE('',#1955,1.);
#1796=CYLINDRICAL_SURFACE('',#2007,1.);
#1797=CYLINDRICAL_SURFACE('',#2010,1.);
#1798=CYLINDRICAL_SURFACE('',#2013,1.);
#1799=CYLINDRICAL_SURFACE('',#2015,1.);
#1800=CYLINDRICAL_SURFACE('',#2018,1.);
#1801=CYLINDRICAL_SURFACE('',#2021,1.);
#1802=CYLINDRICAL_SURFACE('',#2024,1.);
#1803=CYLINDRICAL_SURFACE('',#2027,1.);
#1804=CYLINDRICAL_SURFACE('',#2030,1.);
#1805=CYLINDRICAL_SURFACE('',#2033,1.);
#1806=CYLINDRICAL_SURFACE('',#2036,1.);
#1807=CYLINDRICAL_SURFACE('',#2039,1.45);
#1808=CYLINDRICAL_SURFACE('',#2041,1.45);
#1809=CYLINDRICAL_SURFACE('',#2043,1.45);
#1810=CYLINDRICAL_SURFACE('',#2045,1.45);
#1811=CYLINDRICAL_SURFACE('',#2049,0.499999999999989);
#1812=CYLINDRICAL_SURFACE('',#2052,0.500000000000003);
#1813=CYLINDRICAL_SURFACE('',#2055,0.500000000000007);
#1814=CYLINDRICAL_SURFACE('',#2058,0.499999999999998);
#1815=CYLINDRICAL_SURFACE('',#2061,0.499999999999998);
#1816=CYLINDRICAL_SURFACE('',#2064,0.500000000000003);
#1817=CYLINDRICAL_SURFACE('',#2067,0.499999999999998);
#1818=CYLINDRICAL_SURFACE('',#2070,0.499999999999998);
#1819=CYLINDRICAL_SURFACE('',#2073,0.499999999999998);
#1820=CYLINDRICAL_SURFACE('',#2076,0.499999999999998);
#1821=CYLINDRICAL_SURFACE('',#2079,0.499999999999998);
#1822=CYLINDRICAL_SURFACE('',#2082,0.499999999999999);
#1823=CYLINDRICAL_SURFACE('',#2085,0.499999999999998);
#1824=CYLINDRICAL_SURFACE('',#2088,0.499999999999998);
#1825=CYLINDRICAL_SURFACE('',#2091,0.499999999999998);
#1826=CYLINDRICAL_SURFACE('',#2094,0.499999999999999);
#1827=CYLINDRICAL_SURFACE('',#2097,0.499999999999998);
#1828=CYLINDRICAL_SURFACE('',#2100,0.499999999999998);
#1829=CYLINDRICAL_SURFACE('',#2103,0.499999999999998);
#1830=CYLINDRICAL_SURFACE('',#2106,0.499999999999999);
#1831=CYLINDRICAL_SURFACE('',#2109,0.499999999999998);
#1832=CYLINDRICAL_SURFACE('',#2112,0.500000000000003);
#1833=CYLINDRICAL_SURFACE('',#2115,0.499999999999998);
#1834=CYLINDRICAL_SURFACE('',#2118,0.499999999999998);
#1835=CYLINDRICAL_SURFACE('',#2121,0.499999999999989);
#1836=CYLINDRICAL_SURFACE('',#2124,0.499999999999998);
#1837=CYLINDRICAL_SURFACE('',#2127,0.500000000000007);
#1838=CYLINDRICAL_SURFACE('',#2130,0.499999999999999);
#1839=CYLINDRICAL_SURFACE('',#2133,0.499999999999998);
#1840=CYLINDRICAL_SURFACE('',#2136,0.500000000000003);
#1841=CYLINDRICAL_SURFACE('',#2139,0.499999999999998);
#1842=CYLINDRICAL_SURFACE('',#2142,0.499999999999998);
#1843=ADVANCED_FACE('',(#91),#1794,.F.);
#1844=ADVANCED_FACE('',(#92),#1795,.T.);
#1845=ADVANCED_FACE('',(#93),#45,.F.);
#1846=ADVANCED_FACE('',(#94,#15,#16,#17,#18,#19,#20,#21,#22,#23,#24,#25,
#26,#27,#28,#29),#46,.T.);
#1847=ADVANCED_FACE('',(#95),#1796,.T.);
#1848=ADVANCED_FACE('',(#96),#47,.T.);
#1849=ADVANCED_FACE('',(#97),#1797,.T.);
#1850=ADVANCED_FACE('',(#98),#48,.T.);
#1851=ADVANCED_FACE('',(#99),#1798,.T.);
#1852=ADVANCED_FACE('',(#100),#1799,.F.);
#1853=ADVANCED_FACE('',(#101),#49,.F.);
#1854=ADVANCED_FACE('',(#102),#1800,.F.);
#1855=ADVANCED_FACE('',(#103),#50,.F.);
#1856=ADVANCED_FACE('',(#104),#1801,.F.);
#1857=ADVANCED_FACE('',(#105),#51,.F.);
#1858=ADVANCED_FACE('',(#106),#1802,.F.);
#1859=ADVANCED_FACE('',(#107),#52,.F.);
#1860=ADVANCED_FACE('',(#108),#1803,.F.);
#1861=ADVANCED_FACE('',(#109),#53,.F.);
#1862=ADVANCED_FACE('',(#110),#1804,.F.);
#1863=ADVANCED_FACE('',(#111),#54,.F.);
#1864=ADVANCED_FACE('',(#112),#1805,.F.);
#1865=ADVANCED_FACE('',(#113),#55,.F.);
#1866=ADVANCED_FACE('',(#114),#1806,.F.);
#1867=ADVANCED_FACE('',(#115),#56,.F.);
#1868=ADVANCED_FACE('',(#116),#1807,.F.);
#1869=ADVANCED_FACE('',(#117),#1808,.F.);
#1870=ADVANCED_FACE('',(#118),#1809,.F.);
#1871=ADVANCED_FACE('',(#119),#1810,.F.);
#1872=ADVANCED_FACE('',(#120),#57,.T.);
#1873=ADVANCED_FACE('',(#121),#58,.T.);
#1874=ADVANCED_FACE('',(#122),#1811,.F.);
#1875=ADVANCED_FACE('',(#123),#59,.T.);
#1876=ADVANCED_FACE('',(#124),#1812,.F.);
#1877=ADVANCED_FACE('',(#125),#60,.T.);
#1878=ADVANCED_FACE('',(#126),#1813,.F.);
#1879=ADVANCED_FACE('',(#127),#61,.T.);
#1880=ADVANCED_FACE('',(#128),#1814,.F.);
#1881=ADVANCED_FACE('',(#129),#62,.T.);
#1882=ADVANCED_FACE('',(#130),#1815,.F.);
#1883=ADVANCED_FACE('',(#131),#63,.T.);
#1884=ADVANCED_FACE('',(#132),#1816,.F.);
#1885=ADVANCED_FACE('',(#133),#64,.T.);
#1886=ADVANCED_FACE('',(#134),#1817,.F.);
#1887=ADVANCED_FACE('',(#135),#65,.T.);
#1888=ADVANCED_FACE('',(#136),#1818,.F.);
#1889=ADVANCED_FACE('',(#137),#66,.T.);
#1890=ADVANCED_FACE('',(#138),#1819,.F.);
#1891=ADVANCED_FACE('',(#139),#67,.T.);
#1892=ADVANCED_FACE('',(#140),#1820,.F.);
#1893=ADVANCED_FACE('',(#141),#68,.T.);
#1894=ADVANCED_FACE('',(#142),#1821,.F.);
#1895=ADVANCED_FACE('',(#143),#69,.T.);
#1896=ADVANCED_FACE('',(#144),#1822,.F.);
#1897=ADVANCED_FACE('',(#145),#70,.T.);
#1898=ADVANCED_FACE('',(#146),#1823,.F.);
#1899=ADVANCED_FACE('',(#147),#71,.T.);
#1900=ADVANCED_FACE('',(#148),#1824,.F.);
#1901=ADVANCED_FACE('',(#149),#72,.T.);
#1902=ADVANCED_FACE('',(#150),#1825,.F.);
#1903=ADVANCED_FACE('',(#151),#73,.T.);
#1904=ADVANCED_FACE('',(#152),#1826,.F.);
#1905=ADVANCED_FACE('',(#153),#74,.T.);
#1906=ADVANCED_FACE('',(#154),#1827,.F.);
#1907=ADVANCED_FACE('',(#155),#75,.T.);
#1908=ADVANCED_FACE('',(#156),#1828,.F.);
#1909=ADVANCED_FACE('',(#157),#76,.T.);
#1910=ADVANCED_FACE('',(#158),#1829,.F.);
#1911=ADVANCED_FACE('',(#159),#77,.T.);
#1912=ADVANCED_FACE('',(#160),#1830,.F.);
#1913=ADVANCED_FACE('',(#161),#78,.T.);
#1914=ADVANCED_FACE('',(#162),#1831,.F.);
#1915=ADVANCED_FACE('',(#163),#79,.T.);
#1916=ADVANCED_FACE('',(#164),#1832,.F.);
#1917=ADVANCED_FACE('',(#165),#80,.T.);
#1918=ADVANCED_FACE('',(#166),#1833,.F.);
#1919=ADVANCED_FACE('',(#167),#81,.T.);
#1920=ADVANCED_FACE('',(#168),#1834,.F.);
#1921=ADVANCED_FACE('',(#169),#82,.T.);
#1922=ADVANCED_FACE('',(#170),#1835,.F.);
#1923=ADVANCED_FACE('',(#171),#83,.T.);
#1924=ADVANCED_FACE('',(#172),#1836,.F.);
#1925=ADVANCED_FACE('',(#173),#84,.T.);
#1926=ADVANCED_FACE('',(#174),#1837,.F.);
#1927=ADVANCED_FACE('',(#175),#85,.T.);
#1928=ADVANCED_FACE('',(#176),#1838,.F.);
#1929=ADVANCED_FACE('',(#177),#86,.T.);
#1930=ADVANCED_FACE('',(#178),#1839,.F.);
#1931=ADVANCED_FACE('',(#179),#87,.T.);
#1932=ADVANCED_FACE('',(#180),#1840,.F.);
#1933=ADVANCED_FACE('',(#181),#88,.T.);
#1934=ADVANCED_FACE('',(#182),#1841,.F.);
#1935=ADVANCED_FACE('',(#183),#89,.T.);
#1936=ADVANCED_FACE('',(#184),#1842,.F.);
#1937=ADVANCED_FACE('',(#185,#30,#31,#32,#33,#34,#35,#36,#37,#38,#39,#40,
#41,#42,#43,#44),#90,.F.);
#1938=CLOSED_SHELL('',(#1843,#1844,#1845,#1846,#1847,#1848,#1849,#1850,
#1851,#1852,#1853,#1854,#1855,#1856,#1857,#1858,#1859,#1860,#1861,#1862,
#1863,#1864,#1865,#1866,#1867,#1868,#1869,#1870,#1871,#1872,#1873,#1874,
#1875,#1876,#1877,#1878,#1879,#1880,#1881,#1882,#1883,#1884,#1885,#1886,
#1887,#1888,#1889,#1890,#1891,#1892,#1893,#1894,#1895,#1896,#1897,#1898,
#1899,#1900,#1901,#1902,#1903,#1904,#1905,#1906,#1907,#1908,#1909,#1910,
#1911,#1912,#1913,#1914,#1915,#1916,#1917,#1918,#1919,#1920,#1921,#1922,
#1923,#1924,#1925,#1926,#1927,#1928,#1929,#1930,#1931,#1932,#1933,#1934,
#1935,#1936,#1937));
#1939=DERIVED_UNIT_ELEMENT(#1941,1.);
#1940=DERIVED_UNIT_ELEMENT(#3280,-3.);
#1941=(
MASS_UNIT()
NAMED_UNIT(*)
SI_UNIT(.KILO.,.GRAM.)
);
#1942=DERIVED_UNIT((#1939,#1940));
#1943=MEASURE_REPRESENTATION_ITEM('density measure',
POSITIVE_RATIO_MEASURE(7850.),#1942);
#1944=PROPERTY_DEFINITION_REPRESENTATION(#1949,#1946);
#1945=PROPERTY_DEFINITION_REPRESENTATION(#1950,#1947);
#1946=REPRESENTATION('material name',(#1948),#3277);
#1947=REPRESENTATION('density',(#1943),#3277);
#1948=DESCRIPTIVE_REPRESENTATION_ITEM('Acero','Acero');
#1949=PROPERTY_DEFINITION('material property','material name',#3287);
#1950=PROPERTY_DEFINITION('material property','density of part',#3287);
#1951=AXIS2_PLACEMENT_3D('',#2714,#2145,#2146);
#1952=AXIS2_PLACEMENT_3D('',#2715,#2147,#2148);
#1953=AXIS2_PLACEMENT_3D('',#2717,#2149,#2150);
#1954=AXIS2_PLACEMENT_3D('',#2720,#2152,#2153);
#1955=AXIS2_PLACEMENT_3D('',#2721,#2154,#2155);
#1956=AXIS2_PLACEMENT_3D('',#2724,#2156,#2157);
#1957=AXIS2_PLACEMENT_3D('',#2728,#2159,#2160);
#1958=AXIS2_PLACEMENT_3D('',#2730,#2162,#2163);
#1959=AXIS2_PLACEMENT_3D('',#2736,#2167,#2168);
#1960=AXIS2_PLACEMENT_3D('',#2740,#2170,#2171);
#1961=AXIS2_PLACEMENT_3D('',#2744,#2173,#2174);
#1962=AXIS2_PLACEMENT_3D('',#2747,#2176,#2177);
#1963=AXIS2_PLACEMENT_3D('',#2750,#2178,#2179);
#1964=AXIS2_PLACEMENT_3D('',#2754,#2181,#2182);
#1965=AXIS2_PLACEMENT_3D('',#2758,#2184,#2185);
#1966=AXIS2_PLACEMENT_3D('',#2762,#2187,#2188);
#1967=AXIS2_PLACEMENT_3D('',#2766,#2190,#2191);
#1968=AXIS2_PLACEMENT_3D('',#2770,#2193,#2194);
#1969=AXIS2_PLACEMENT_3D('',#2774,#2196,#2197);
#1970=AXIS2_PLACEMENT_3D('',#2778,#2199,#2200);
#1971=AXIS2_PLACEMENT_3D('',#2782,#2202,#2203);
#1972=AXIS2_PLACEMENT_3D('',#2786,#2205,#2206);
#1973=AXIS2_PLACEMENT_3D('',#2790,#2208,#2209);
#1974=AXIS2_PLACEMENT_3D('',#2794,#2211,#2212);
#1975=AXIS2_PLACEMENT_3D('',#2798,#2214,#2215);
#1976=AXIS2_PLACEMENT_3D('',#2802,#2217,#2218);
#1977=AXIS2_PLACEMENT_3D('',#2806,#2220,#2221);
#1978=AXIS2_PLACEMENT_3D('',#2810,#2223,#2224);
#1979=AXIS2_PLACEMENT_3D('',#2814,#2226,#2227);
#1980=AXIS2_PLACEMENT_3D('',#2818,#2229,#2230);
#1981=AXIS2_PLACEMENT_3D('',#2822,#2232,#2233);
#1982=AXIS2_PLACEMENT_3D('',#2826,#2235,#2236);
#1983=AXIS2_PLACEMENT_3D('',#2830,#2238,#2239);
#1984=AXIS2_PLACEMENT_3D('',#2834,#2241,#2242);
#1985=AXIS2_PLACEMENT_3D('',#2838,#2244,#2245);
#1986=AXIS2_PLACEMENT_3D('',#2842,#2247,#2248);
#1987=AXIS2_PLACEMENT_3D('',#2846,#2250,#2251);
#1988=AXIS2_PLACEMENT_3D('',#2850,#2253,#2254);
#1989=AXIS2_PLACEMENT_3D('',#2854,#2256,#2257);
#1990=AXIS2_PLACEMENT_3D('',#2858,#2259,#2260);
#1991=AXIS2_PLACEMENT_3D('',#2862,#2262,#2263);
#1992=AXIS2_PLACEMENT_3D('',#2866,#2265,#2266);
#1993=AXIS2_PLACEMENT_3D('',#2870,#2268,#2269);
#1994=AXIS2_PLACEMENT_3D('',#2874,#2271,#2272);
#1995=AXIS2_PLACEMENT_3D('',#2877,#2274,#2275);
#1996=AXIS2_PLACEMENT_3D('',#2879,#2276,#2277);
#1997=AXIS2_PLACEMENT_3D('',#2881,#2278,#2279);
#1998=AXIS2_PLACEMENT_3D('',#2883,#2280,#2281);
#1999=AXIS2_PLACEMENT_3D('',#2888,#2283,#2284);
#2000=AXIS2_PLACEMENT_3D('',#2892,#2286,#2287);
#2001=AXIS2_PLACEMENT_3D('',#2896,#2289,#2290);
#2002=AXIS2_PLACEMENT_3D('',#2899,#2292,#2293);
#2003=AXIS2_PLACEMENT_3D('',#2904,#2295,#2296);
#2004=AXIS2_PLACEMENT_3D('',#2908,#2298,#2299);
#2005=AXIS2_PLACEMENT_3D('',#2912,#2301,#2302);
#2006=AXIS2_PLACEMENT_3D('',#2915,#2304,#2305);
#2007=AXIS2_PLACEMENT_3D('',#2916,#2306,#2307);
#2008=AXIS2_PLACEMENT_3D('',#2919,#2309,#2310);
#2009=AXIS2_PLACEMENT_3D('',#2920,#2311,#2312);
#2010=AXIS2_PLACEMENT_3D('',#2924,#2315,#2316);
#2011=AXIS2_PLACEMENT_3D('',#2927,#2318,#2319);
#2012=AXIS2_PLACEMENT_3D('',#2928,#2320,#2321);
#2013=AXIS2_PLACEMENT_3D('',#2932,#2324,#2325);
#2014=AXIS2_PLACEMENT_3D('',#2934,#2326,#2327);
#2015=AXIS2_PLACEMENT_3D('',#2936,#2329,#2330);
#2016=AXIS2_PLACEMENT_3D('',#2940,#2332,#2333);
#2017=AXIS2_PLACEMENT_3D('',#2942,#2335,#2336);
#2018=AXIS2_PLACEMENT_3D('',#2946,#2339,#2340);
#2019=AXIS2_PLACEMENT_3D('',#2949,#2342,#2343);
#2020=AXIS2_PLACEMENT_3D('',#2950,#2344,#2345);
#2021=AXIS2_PLACEMENT_3D('',#2954,#2348,#2349);
#2022=AXIS2_PLACEMENT_3D('',#2957,#2351,#2352);
#2023=AXIS2_PLACEMENT_3D('',#2958,#2353,#2354);
#2024=AXIS2_PLACEMENT_3D('',#2962,#2357,#2358);
#2025=AXIS2_PLACEMENT_3D('',#2965,#2360,#2361);
#2026=AXIS2_PLACEMENT_3D('',#2966,#2362,#2363);
#2027=AXIS2_PLACEMENT_3D('',#2968,#2365,#2366);
#2028=AXIS2_PLACEMENT_3D('',#2972,#2368,#2369);
#2029=AXIS2_PLACEMENT_3D('',#2974,#2371,#2372);
#2030=AXIS2_PLACEMENT_3D('',#2978,#2375,#2376);
#2031=AXIS2_PLACEMENT_3D('',#2982,#2378,#2379);
#2032=AXIS2_PLACEMENT_3D('',#2984,#2381,#2382);
#2033=AXIS2_PLACEMENT_3D('',#2986,#2384,#2385);
#2034=AXIS2_PLACEMENT_3D('',#2990,#2387,#2388);
#2035=AXIS2_PLACEMENT_3D('',#2992,#2390,#2391);
#2036=AXIS2_PLACEMENT_3D('',#2994,#2393,#2394);
#2037=AXIS2_PLACEMENT_3D('',#2997,#2396,#2397);
#2038=AXIS2_PLACEMENT_3D('',#2998,#2398,#2399);
#2039=AXIS2_PLACEMENT_3D('',#3000,#2401,#2402);
#2040=AXIS2_PLACEMENT_3D('',#3002,#2403,#2404);
#2041=AXIS2_PLACEMENT_3D('',#3004,#2406,#2407);
#2042=AXIS2_PLACEMENT_3D('',#3006,#2408,#2409);
#2043=AXIS2_PLACEMENT_3D('',#3008,#2411,#2412);
#2044=AXIS2_PLACEMENT_3D('',#3010,#2413,#2414);
#2045=AXIS2_PLACEMENT_3D('',#3012,#2416,#2417);
#2046=AXIS2_PLACEMENT_3D('',#3014,#2418,#2419);
#2047=AXIS2_PLACEMENT_3D('',#3016,#2421,#2422);
#2048=AXIS2_PLACEMENT_3D('',#3018,#2424,#2425);
#2049=AXIS2_PLACEMENT_3D('',#3024,#2429,#2430);
#2050=AXIS2_PLACEMENT_3D('',#3026,#2431,#2432);
#2051=AXIS2_PLACEMENT_3D('',#3028,#2434,#2435);
#2052=AXIS2_PLACEMENT_3D('',#3032,#2438,#2439);
#2053=AXIS2_PLACEMENT_3D('',#3034,#2440,#2441);
#2054=AXIS2_PLACEMENT_3D('',#3036,#2443,#2444);
#2055=AXIS2_PLACEMENT_3D('',#3040,#2447,#2448);
#2056=AXIS2_PLACEMENT_3D('',#3042,#2449,#2450);
#2057=AXIS2_PLACEMENT_3D('',#3044,#2452,#2453);
#2058=AXIS2_PLACEMENT_3D('',#3048,#2456,#2457);
#2059=AXIS2_PLACEMENT_3D('',#3049,#2458,#2459);
#2060=AXIS2_PLACEMENT_3D('',#3050,#2460,#2461);
#2061=AXIS2_PLACEMENT_3D('',#3056,#2465,#2466);
#2062=AXIS2_PLACEMENT_3D('',#3058,#2467,#2468);
#2063=AXIS2_PLACEMENT_3D('',#3060,#2470,#2471);
#2064=AXIS2_PLACEMENT_3D('',#3064,#2474,#2475);
#2065=AXIS2_PLACEMENT_3D('',#3066,#2476,#2477);
#2066=AXIS2_PLACEMENT_3D('',#3068,#2479,#2480);
#2067=AXIS2_PLACEMENT_3D('',#3072,#2483,#2484);
#2068=AXIS2_PLACEMENT_3D('',#3074,#2485,#2486);
#2069=AXIS2_PLACEMENT_3D('',#3076,#2488,#2489);
#2070=AXIS2_PLACEMENT_3D('',#3080,#2492,#2493);
#2071=AXIS2_PLACEMENT_3D('',#3081,#2494,#2495);
#2072=AXIS2_PLACEMENT_3D('',#3082,#2496,#2497);
#2073=AXIS2_PLACEMENT_3D('',#3088,#2501,#2502);
#2074=AXIS2_PLACEMENT_3D('',#3090,#2503,#2504);
#2075=AXIS2_PLACEMENT_3D('',#3092,#2506,#2507);
#2076=AXIS2_PLACEMENT_3D('',#3096,#2510,#2511);
#2077=AXIS2_PLACEMENT_3D('',#3098,#2512,#2513);
#2078=AXIS2_PLACEMENT_3D('',#3100,#2515,#2516);
#2079=AXIS2_PLACEMENT_3D('',#3104,#2519,#2520);
#2080=AXIS2_PLACEMENT_3D('',#3106,#2521,#2522);
#2081=AXIS2_PLACEMENT_3D('',#3108,#2524,#2525);
#2082=AXIS2_PLACEMENT_3D('',#3112,#2528,#2529);
#2083=AXIS2_PLACEMENT_3D('',#3113,#2530,#2531);
#2084=AXIS2_PLACEMENT_3D('',#3114,#2532,#2533);
#2085=AXIS2_PLACEMENT_3D('',#3120,#2537,#2538);
#2086=AXIS2_PLACEMENT_3D('',#3122,#2539,#2540);
#2087=AXIS2_PLACEMENT_3D('',#3124,#2542,#2543);
#2088=AXIS2_PLACEMENT_3D('',#3128,#2546,#2547);
#2089=AXIS2_PLACEMENT_3D('',#3130,#2548,#2549);
#2090=AXIS2_PLACEMENT_3D('',#3132,#2551,#2552);
#2091=AXIS2_PLACEMENT_3D('',#3136,#2555,#2556);
#2092=AXIS2_PLACEMENT_3D('',#3138,#2557,#2558);
#2093=AXIS2_PLACEMENT_3D('',#3140,#2560,#2561);
#2094=AXIS2_PLACEMENT_3D('',#3144,#2564,#2565);
#2095=AXIS2_PLACEMENT_3D('',#3145,#2566,#2567);
#2096=AXIS2_PLACEMENT_3D('',#3146,#2568,#2569);
#2097=AXIS2_PLACEMENT_3D('',#3152,#2573,#2574);
#2098=AXIS2_PLACEMENT_3D('',#3154,#2575,#2576);
#2099=AXIS2_PLACEMENT_3D('',#3156,#2578,#2579);
#2100=AXIS2_PLACEMENT_3D('',#3160,#2582,#2583);
#2101=AXIS2_PLACEMENT_3D('',#3162,#2584,#2585);
#2102=AXIS2_PLACEMENT_3D('',#3164,#2587,#2588);
#2103=AXIS2_PLACEMENT_3D('',#3168,#2591,#2592);
#2104=AXIS2_PLACEMENT_3D('',#3170,#2593,#2594);
#2105=AXIS2_PLACEMENT_3D('',#3172,#2596,#2597);
#2106=AXIS2_PLACEMENT_3D('',#3176,#2600,#2601);
#2107=AXIS2_PLACEMENT_3D('',#3177,#2602,#2603);
#2108=AXIS2_PLACEMENT_3D('',#3178,#2604,#2605);
#2109=AXIS2_PLACEMENT_3D('',#3184,#2609,#2610);
#2110=AXIS2_PLACEMENT_3D('',#3186,#2611,#2612);
#2111=AXIS2_PLACEMENT_3D('',#3188,#2614,#2615);
#2112=AXIS2_PLACEMENT_3D('',#3192,#2618,#2619);
#2113=AXIS2_PLACEMENT_3D('',#3194,#2620,#2621);
#2114=AXIS2_PLACEMENT_3D('',#3196,#2623,#2624);
#2115=AXIS2_PLACEMENT_3D('',#3200,#2627,#2628);
#2116=AXIS2_PLACEMENT_3D('',#3202,#2629,#2630);
#2117=AXIS2_PLACEMENT_3D('',#3204,#2632,#2633);
#2118=AXIS2_PLACEMENT_3D('',#3208,#2636,#2637);
#2119=AXIS2_PLACEMENT_3D('',#3209,#2638,#2639);
#2120=AXIS2_PLACEMENT_3D('',#3210,#2640,#2641);
#2121=AXIS2_PLACEMENT_3D('',#3216,#2645,#2646);
#2122=AXIS2_PLACEMENT_3D('',#3218,#2647,#2648);
#2123=AXIS2_PLACEMENT_3D('',#3220,#2650,#2651);
#2124=AXIS2_PLACEMENT_3D('',#3224,#2654,#2655);
#2125=AXIS2_PLACEMENT_3D('',#3226,#2656,#2657);
#2126=AXIS2_PLACEMENT_3D('',#3228,#2659,#2660);
#2127=AXIS2_PLACEMENT_3D('',#3232,#2663,#2664);
#2128=AXIS2_PLACEMENT_3D('',#3234,#2665,#2666);
#2129=AXIS2_PLACEMENT_3D('',#3236,#2668,#2669);
#2130=AXIS2_PLACEMENT_3D('',#3240,#2672,#2673);
#2131=AXIS2_PLACEMENT_3D('',#3241,#2674,#2675);
#2132=AXIS2_PLACEMENT_3D('',#3242,#2676,#2677);
#2133=AXIS2_PLACEMENT_3D('',#3248,#2681,#2682);
#2134=AXIS2_PLACEMENT_3D('',#3250,#2683,#2684);
#2135=AXIS2_PLACEMENT_3D('',#3252,#2686,#2687);
#2136=AXIS2_PLACEMENT_3D('',#3256,#2690,#2691);
#2137=AXIS2_PLACEMENT_3D('',#3258,#2692,#2693);
#2138=AXIS2_PLACEMENT_3D('',#3260,#2695,#2696);
#2139=AXIS2_PLACEMENT_3D('',#3264,#2699,#2700);
#2140=AXIS2_PLACEMENT_3D('',#3266,#2701,#2702);
#2141=AXIS2_PLACEMENT_3D('',#3268,#2704,#2705);
#2142=AXIS2_PLACEMENT_3D('',#3272,#2708,#2709);
#2143=AXIS2_PLACEMENT_3D('',#3273,#2710,#2711);
#2144=AXIS2_PLACEMENT_3D('',#3274,#2712,#2713);
#2145=DIRECTION('axis',(0.,0.,1.));
#2146=DIRECTION('refdir',(1.,0.,0.));
#2147=DIRECTION('center_axis',(0.,0.,-1.));
#2148=DIRECTION('ref_axis',(1.,0.,0.));
#2149=DIRECTION('center_axis',(0.,0.,-1.));
#2150=DIRECTION('ref_axis',(1.,0.,0.));
#2151=DIRECTION('',(0.,0.,-1.));
#2152=DIRECTION('center_axis',(0.,0.,1.));
#2153=DIRECTION('ref_axis',(1.,0.,0.));
#2154=DIRECTION('center_axis',(0.,0.,-1.));
#2155=DIRECTION('ref_axis',(-0.707106781186554,-0.707106781186541,0.));
#2156=DIRECTION('center_axis',(0.,0.,1.));
#2157=DIRECTION('ref_axis',(-0.707106781186554,-0.707106781186541,0.));
#2158=DIRECTION('',(0.,0.,1.));
#2159=DIRECTION('center_axis',(0.,0.,-1.));
#2160=DIRECTION('ref_axis',(-0.707106781186554,-0.707106781186541,0.));
#2161=DIRECTION('',(0.,0.,-1.));
#2162=DIRECTION('center_axis',(1.,0.,0.));
#2163=DIRECTION('ref_axis',(0.,0.,-1.));
#2164=DIRECTION('',(0.,-1.,0.));
#2165=DIRECTION('',(0.,0.,1.));
#2166=DIRECTION('',(0.,1.,0.));
#2167=DIRECTION('center_axis',(0.,0.,1.));
#2168=DIRECTION('ref_axis',(1.,0.,0.));
#2169=DIRECTION('',(1.,0.,0.));
#2170=DIRECTION('center_axis',(0.,0.,-1.));
#2171=DIRECTION('ref_axis',(0.707106781186549,-0.707106781186546,0.));
#2172=DIRECTION('',(0.,-1.,0.));
#2173=DIRECTION('center_axis',(0.,0.,-1.));
#2174=DIRECTION('ref_axis',(0.707106781186548,0.707106781186548,0.));
#2175=DIRECTION('',(-1.,0.,0.));
#2176=DIRECTION('center_axis',(0.,0.,-1.));
#2177=DIRECTION('ref_axis',(-0.707106781186552,0.707106781186543,0.));
#2178=DIRECTION('center_axis',(0.,0.,-1.));
#2179=DIRECTION('ref_axis',(0.,1.,0.));
#2180=DIRECTION('',(1.,0.,0.));
#2181=DIRECTION('center_axis',(0.,0.,-1.));
#2182=DIRECTION('ref_axis',(1.,0.,0.));
#2183=DIRECTION('',(0.,-1.,0.));
#2184=DIRECTION('center_axis',(0.,0.,-1.));
#2185=DIRECTION('ref_axis',(0.,-1.,0.));
#2186=DIRECTION('',(-1.,0.,0.));
#2187=DIRECTION('center_axis',(0.,0.,-1.));
#2188=DIRECTION('ref_axis',(-1.,0.,0.));
#2189=DIRECTION('',(0.,1.,0.));
#2190=DIRECTION('center_axis',(0.,0.,-1.));
#2191=DIRECTION('ref_axis',(0.,1.,0.));
#2192=DIRECTION('',(1.,0.,0.));
#2193=DIRECTION('center_axis',(0.,0.,-1.));
#2194=DIRECTION('ref_axis',(1.,0.,0.));
#2195=DIRECTION('',(0.,-1.,0.));
#2196=DIRECTION('center_axis',(0.,0.,-1.));
#2197=DIRECTION('ref_axis',(0.,-1.,0.));
#2198=DIRECTION('',(-1.,0.,0.));
#2199=DIRECTION('center_axis',(0.,0.,-1.));
#2200=DIRECTION('ref_axis',(-1.,0.,0.));
#2201=DIRECTION('',(0.,1.,0.));
#2202=DIRECTION('center_axis',(0.,0.,-1.));
#2203=DIRECTION('ref_axis',(0.,1.,0.));
#2204=DIRECTION('',(1.,0.,0.));
#2205=DIRECTION('center_axis',(0.,0.,-1.));
#2206=DIRECTION('ref_axis',(1.,0.,0.));
#2207=DIRECTION('',(0.,-1.,0.));
#2208=DIRECTION('center_axis',(0.,0.,-1.));
#2209=DIRECTION('ref_axis',(0.,-1.,0.));
#2210=DIRECTION('',(-1.,0.,0.));
#2211=DIRECTION('center_axis',(0.,0.,-1.));
#2212=DIRECTION('ref_axis',(-1.,0.,0.));
#2213=DIRECTION('',(0.,1.,0.));
#2214=DIRECTION('center_axis',(0.,0.,-1.));
#2215=DIRECTION('ref_axis',(0.,1.,0.));
#2216=DIRECTION('',(1.,0.,0.));
#2217=DIRECTION('center_axis',(0.,0.,-1.));
#2218=DIRECTION('ref_axis',(1.,0.,0.));
#2219=DIRECTION('',(0.,-1.,0.));
#2220=DIRECTION('center_axis',(0.,0.,-1.));
#2221=DIRECTION('ref_axis',(0.,-1.,0.));
#2222=DIRECTION('',(-1.,0.,0.));
#2223=DIRECTION('center_axis',(0.,0.,-1.));
#2224=DIRECTION('ref_axis',(-1.,0.,0.));
#2225=DIRECTION('',(0.,1.,0.));
#2226=DIRECTION('center_axis',(0.,0.,-1.));
#2227=DIRECTION('ref_axis',(0.,1.,0.));
#2228=DIRECTION('',(1.,0.,0.));
#2229=DIRECTION('center_axis',(0.,0.,-1.));
#2230=DIRECTION('ref_axis',(1.,0.,0.));
#2231=DIRECTION('',(0.,-1.,0.));
#2232=DIRECTION('center_axis',(0.,0.,-1.));
#2233=DIRECTION('ref_axis',(0.,-1.,0.));
#2234=DIRECTION('',(-1.,0.,0.));
#2235=DIRECTION('center_axis',(0.,0.,-1.));
#2236=DIRECTION('ref_axis',(-1.,0.,0.));
#2237=DIRECTION('',(0.,1.,0.));
#2238=DIRECTION('center_axis',(0.,0.,-1.));
#2239=DIRECTION('ref_axis',(0.,1.,0.));
#2240=DIRECTION('',(1.,0.,0.));
#2241=DIRECTION('center_axis',(0.,0.,-1.));
#2242=DIRECTION('ref_axis',(1.,0.,0.));
#2243=DIRECTION('',(0.,-1.,0.));
#2244=DIRECTION('center_axis',(0.,0.,-1.));
#2245=DIRECTION('ref_axis',(0.,-1.,0.));
#2246=DIRECTION('',(-1.,0.,0.));
#2247=DIRECTION('center_axis',(0.,0.,-1.));
#2248=DIRECTION('ref_axis',(-1.,0.,0.));
#2249=DIRECTION('',(0.,1.,0.));
#2250=DIRECTION('center_axis',(0.,0.,-1.));
#2251=DIRECTION('ref_axis',(0.,1.,0.));
#2252=DIRECTION('',(1.,0.,0.));
#2253=DIRECTION('center_axis',(0.,0.,-1.));
#2254=DIRECTION('ref_axis',(1.,0.,0.));
#2255=DIRECTION('',(0.,-1.,0.));
#2256=DIRECTION('center_axis',(0.,0.,-1.));
#2257=DIRECTION('ref_axis',(0.,-1.,0.));
#2258=DIRECTION('',(-1.,0.,0.));
#2259=DIRECTION('center_axis',(0.,0.,-1.));
#2260=DIRECTION('ref_axis',(-1.,0.,0.));
#2261=DIRECTION('',(0.,1.,0.));
#2262=DIRECTION('center_axis',(0.,0.,-1.));
#2263=DIRECTION('ref_axis',(0.,1.,0.));
#2264=DIRECTION('',(1.,0.,0.));
#2265=DIRECTION('center_axis',(0.,0.,-1.));
#2266=DIRECTION('ref_axis',(1.,0.,0.));
#2267=DIRECTION('',(0.,-1.,0.));
#2268=DIRECTION('center_axis',(0.,0.,-1.));
#2269=DIRECTION('ref_axis',(0.,-1.,0.));
#2270=DIRECTION('',(-1.,0.,0.));
#2271=DIRECTION('center_axis',(0.,0.,-1.));
#2272=DIRECTION('ref_axis',(-1.,0.,0.));
#2273=DIRECTION('',(0.,1.,0.));
#2274=DIRECTION('center_axis',(0.,0.,-1.));
#2275=DIRECTION('ref_axis',(1.,0.,0.));
#2276=DIRECTION('center_axis',(0.,0.,-1.));
#2277=DIRECTION('ref_axis',(1.,0.,0.));
#2278=DIRECTION('center_axis',(0.,0.,-1.));
#2279=DIRECTION('ref_axis',(1.,0.,0.));
#2280=DIRECTION('center_axis',(0.,0.,-1.));
#2281=DIRECTION('ref_axis',(1.,0.,0.));
#2282=DIRECTION('',(0.,1.,0.));
#2283=DIRECTION('center_axis',(0.,0.,1.));
#2284=DIRECTION('ref_axis',(-0.70710678118654,0.707106781186555,0.));
#2285=DIRECTION('',(1.,0.,0.));
#2286=DIRECTION('center_axis',(0.,0.,1.));
#2287=DIRECTION('ref_axis',(0.707106781186546,0.707106781186549,0.));
#2288=DIRECTION('',(0.,-1.,0.));
#2289=DIRECTION('center_axis',(0.,0.,1.));
#2290=DIRECTION('ref_axis',(0.707106781186544,-0.707106781186551,0.));
#2291=DIRECTION('',(-1.,0.,0.));
#2292=DIRECTION('center_axis',(0.,0.,1.));
#2293=DIRECTION('ref_axis',(-0.707106781186551,-0.707106781186544,0.));
#2294=DIRECTION('',(0.,1.,0.));
#2295=DIRECTION('center_axis',(0.,0.,1.));
#2296=DIRECTION('ref_axis',(-0.707106781186551,0.707106781186544,0.));
#2297=DIRECTION('',(1.,0.,0.));
#2298=DIRECTION('center_axis',(0.,0.,1.));
#2299=DIRECTION('ref_axis',(0.707106781186544,0.707106781186551,0.));
#2300=DIRECTION('',(0.,-1.,0.));
#2301=DIRECTION('center_axis',(0.,0.,1.));
#2302=DIRECTION('ref_axis',(0.707106781186544,-0.707106781186551,0.));
#2303=DIRECTION('',(-1.,0.,0.));
#2304=DIRECTION('center_axis',(0.,0.,1.));
#2305=DIRECTION('ref_axis',(-0.707106781186551,-0.707106781186544,0.));
#2306=DIRECTION('center_axis',(0.,0.,1.));
#2307=DIRECTION('ref_axis',(-0.707106781186552,0.707106781186543,0.));
#2308=DIRECTION('',(0.,0.,-1.));
#2309=DIRECTION('center_axis',(0.,0.,1.));
#2310=DIRECTION('ref_axis',(-0.707106781186552,0.707106781186543,0.));
#2311=DIRECTION('center_axis',(0.,1.,0.));
#2312=DIRECTION('ref_axis',(0.,0.,1.));
#2313=DIRECTION('',(0.,0.,1.));
#2314=DIRECTION('',(1.,0.,0.));
#2315=DIRECTION('center_axis',(0.,0.,1.));
#2316=DIRECTION('ref_axis',(0.707106781186548,0.707106781186548,0.));
#2317=DIRECTION('',(0.,0.,-1.));
#2318=DIRECTION('center_axis',(0.,0.,1.));
#2319=DIRECTION('ref_axis',(0.707106781186548,0.707106781186548,0.));
#2320=DIRECTION('center_axis',(1.,0.,0.));
#2321=DIRECTION('ref_axis',(0.,0.,-1.));
#2322=DIRECTION('',(0.,0.,1.));
#2323=DIRECTION('',(0.,1.,0.));
#2324=DIRECTION('center_axis',(0.,0.,-1.));
#2325=DIRECTION('ref_axis',(0.707106781186549,-0.707106781186546,0.));
#2326=DIRECTION('center_axis',(0.,0.,1.));
#2327=DIRECTION('ref_axis',(0.707106781186549,-0.707106781186546,0.));
#2328=DIRECTION('',(0.,0.,-1.));
#2329=DIRECTION('center_axis',(0.,0.,-1.));
#2330=DIRECTION('ref_axis',(0.707106781186544,0.707106781186551,0.));
#2331=DIRECTION('',(0.,0.,-1.));
#2332=DIRECTION('center_axis',(0.,0.,-1.));
#2333=DIRECTION('ref_axis',(0.707106781186544,0.707106781186551,0.));
#2334=DIRECTION('',(0.,0.,1.));
#2335=DIRECTION('center_axis',(0.,1.,0.));
#2336=DIRECTION('ref_axis',(1.,0.,0.));
#2337=DIRECTION('',(0.,0.,1.));
#2338=DIRECTION('',(-1.,0.,0.));
#2339=DIRECTION('center_axis',(0.,0.,-1.));
#2340=DIRECTION('ref_axis',(-0.707106781186551,0.707106781186544,0.));
#2341=DIRECTION('',(0.,0.,-1.));
#2342=DIRECTION('center_axis',(0.,0.,-1.));
#2343=DIRECTION('ref_axis',(-0.707106781186551,0.707106781186544,0.));
#2344=DIRECTION('center_axis',(-1.,0.,0.));
#2345=DIRECTION('ref_axis',(0.,1.,0.));
#2346=DIRECTION('',(0.,0.,1.));
#2347=DIRECTION('',(0.,-1.,0.));
#2348=DIRECTION('center_axis',(0.,0.,-1.));
#2349=DIRECTION('ref_axis',(-0.707106781186551,-0.707106781186544,0.));
#2350=DIRECTION('',(0.,0.,-1.));
#2351=DIRECTION('center_axis',(0.,0.,-1.));
#2352=DIRECTION('ref_axis',(-0.707106781186551,-0.707106781186544,0.));
#2353=DIRECTION('center_axis',(0.,-1.,0.));
#2354=DIRECTION('ref_axis',(-1.,0.,0.));
#2355=DIRECTION('',(0.,0.,1.));
#2356=DIRECTION('',(1.,0.,0.));
#2357=DIRECTION('center_axis',(0.,0.,-1.));
#2358=DIRECTION('ref_axis',(0.707106781186544,-0.707106781186551,0.));
#2359=DIRECTION('',(0.,0.,-1.));
#2360=DIRECTION('center_axis',(0.,0.,-1.));
#2361=DIRECTION('ref_axis',(0.707106781186544,-0.707106781186551,0.));
#2362=DIRECTION('center_axis',(1.,0.,0.));
#2363=DIRECTION('ref_axis',(0.,-1.,0.));
#2364=DIRECTION('',(0.,1.,0.));
#2365=DIRECTION('center_axis',(0.,0.,-1.));
#2366=DIRECTION('ref_axis',(0.707106781186544,-0.707106781186551,0.));
#2367=DIRECTION('',(0.,0.,-1.));
#2368=DIRECTION('center_axis',(0.,0.,-1.));
#2369=DIRECTION('ref_axis',(0.707106781186544,-0.707106781186551,0.));
#2370=DIRECTION('',(0.,0.,1.));
#2371=DIRECTION('center_axis',(1.,0.,0.));
#2372=DIRECTION('ref_axis',(0.,-1.,0.));
#2373=DIRECTION('',(0.,0.,1.));
#2374=DIRECTION('',(0.,1.,0.));
#2375=DIRECTION('center_axis',(0.,0.,-1.));
#2376=DIRECTION('ref_axis',(-0.707106781186551,-0.707106781186544,0.));
#2377=DIRECTION('',(0.,0.,-1.));
#2378=DIRECTION('center_axis',(0.,0.,-1.));
#2379=DIRECTION('ref_axis',(-0.707106781186551,-0.707106781186544,0.));
#2380=DIRECTION('',(0.,0.,1.));
#2381=DIRECTION('center_axis',(0.,-1.,0.));
#2382=DIRECTION('ref_axis',(-1.,0.,0.));
#2383=DIRECTION('',(1.,0.,0.));
#2384=DIRECTION('center_axis',(0.,0.,-1.));
#2385=DIRECTION('ref_axis',(-0.70710678118654,0.707106781186555,0.));
#2386=DIRECTION('',(0.,0.,-1.));
#2387=DIRECTION('center_axis',(0.,0.,-1.));
#2388=DIRECTION('ref_axis',(-0.70710678118654,0.707106781186555,0.));
#2389=DIRECTION('',(0.,0.,1.));
#2390=DIRECTION('center_axis',(-1.,0.,0.));
#2391=DIRECTION('ref_axis',(0.,1.,0.));
#2392=DIRECTION('',(0.,-1.,0.));
#2393=DIRECTION('center_axis',(0.,0.,-1.));
#2394=DIRECTION('ref_axis',(0.707106781186546,0.707106781186549,0.));
#2395=DIRECTION('',(0.,0.,-1.));
#2396=DIRECTION('center_axis',(0.,0.,-1.));
#2397=DIRECTION('ref_axis',(0.707106781186546,0.707106781186549,0.));
#2398=DIRECTION('center_axis',(0.,1.,0.));
#2399=DIRECTION('ref_axis',(1.,0.,0.));
#2400=DIRECTION('',(-1.,0.,0.));
#2401=DIRECTION('center_axis',(0.,0.,1.));
#2402=DIRECTION('ref_axis',(1.,0.,0.));
#2403=DIRECTION('center_axis',(0.,0.,1.));
#2404=DIRECTION('ref_axis',(1.,0.,0.));
#2405=DIRECTION('',(0.,0.,1.));
#2406=DIRECTION('center_axis',(0.,0.,1.));
#2407=DIRECTION('ref_axis',(1.,0.,0.));
#2408=DIRECTION('center_axis',(0.,0.,1.));
#2409=DIRECTION('ref_axis',(1.,0.,0.));
#2410=DIRECTION('',(0.,0.,1.));
#2411=DIRECTION('center_axis',(0.,0.,1.));
#2412=DIRECTION('ref_axis',(1.,0.,0.));
#2413=DIRECTION('center_axis',(0.,0.,1.));
#2414=DIRECTION('ref_axis',(1.,0.,0.));
#2415=DIRECTION('',(0.,0.,1.));
#2416=DIRECTION('center_axis',(0.,0.,1.));
#2417=DIRECTION('ref_axis',(1.,0.,0.));
#2418=DIRECTION('center_axis',(0.,0.,1.));
#2419=DIRECTION('ref_axis',(1.,0.,0.));
#2420=DIRECTION('',(0.,0.,1.));
#2421=DIRECTION('center_axis',(0.,-1.,0.));
#2422=DIRECTION('ref_axis',(0.,0.,-1.));
#2423=DIRECTION('',(-1.,0.,0.));
#2424=DIRECTION('center_axis',(1.,0.,0.));
#2425=DIRECTION('ref_axis',(0.,1.,0.));
#2426=DIRECTION('',(0.,1.,0.));
#2427=DIRECTION('',(0.,0.,1.));
#2428=DIRECTION('',(0.,0.,1.));
#2429=DIRECTION('center_axis',(0.,0.,1.));
#2430=DIRECTION('ref_axis',(-1.,0.,0.));
#2431=DIRECTION('center_axis',(0.,0.,-1.));
#2432=DIRECTION('ref_axis',(-1.,0.,0.));
#2433=DIRECTION('',(0.,0.,1.));
#2434=DIRECTION('center_axis',(0.,1.,0.));
#2435=DIRECTION('ref_axis',(-1.,0.,0.));
#2436=DIRECTION('',(-1.,0.,0.));
#2437=DIRECTION('',(0.,0.,1.));
#2438=DIRECTION('center_axis',(0.,0.,1.));
#2439=DIRECTION('ref_axis',(0.,-1.,0.));
#2440=DIRECTION('center_axis',(0.,0.,-1.));
#2441=DIRECTION('ref_axis',(0.,-1.,0.));
#2442=DIRECTION('',(0.,0.,1.));
#2443=DIRECTION('center_axis',(-1.,0.,0.));
#2444=DIRECTION('ref_axis',(0.,-1.,0.));
#2445=DIRECTION('',(0.,-1.,0.));
#2446=DIRECTION('',(0.,0.,1.));
#2447=DIRECTION('center_axis',(0.,0.,1.));
#2448=DIRECTION('ref_axis',(1.,0.,0.));
#2449=DIRECTION('center_axis',(0.,0.,-1.));
#2450=DIRECTION('ref_axis',(1.,0.,0.));
#2451=DIRECTION('',(0.,0.,1.));
#2452=DIRECTION('center_axis',(0.,-1.,0.));
#2453=DIRECTION('ref_axis',(1.,0.,0.));
#2454=DIRECTION('',(1.,0.,0.));
#2455=DIRECTION('',(0.,0.,1.));
#2456=DIRECTION('center_axis',(0.,0.,1.));
#2457=DIRECTION('ref_axis',(0.,1.,0.));
#2458=DIRECTION('center_axis',(0.,0.,-1.));
#2459=DIRECTION('ref_axis',(0.,1.,0.));
#2460=DIRECTION('center_axis',(1.,0.,0.));
#2461=DIRECTION('ref_axis',(0.,1.,0.));
#2462=DIRECTION('',(0.,1.,0.));
#2463=DIRECTION('',(0.,0.,1.));
#2464=DIRECTION('',(0.,0.,1.));
#2465=DIRECTION('center_axis',(0.,0.,1.));
#2466=DIRECTION('ref_axis',(-1.,0.,0.));
#2467=DIRECTION('center_axis',(0.,0.,-1.));
#2468=DIRECTION('ref_axis',(-1.,0.,0.));
#2469=DIRECTION('',(0.,0.,1.));
#2470=DIRECTION('center_axis',(0.,1.,0.));
#2471=DIRECTION('ref_axis',(-1.,0.,0.));
#2472=DIRECTION('',(-1.,0.,0.));
#2473=DIRECTION('',(0.,0.,1.));
#2474=DIRECTION('center_axis',(0.,0.,1.));
#2475=DIRECTION('ref_axis',(0.,-1.,0.));
#2476=DIRECTION('center_axis',(0.,0.,-1.));
#2477=DIRECTION('ref_axis',(0.,-1.,0.));
#2478=DIRECTION('',(0.,0.,1.));
#2479=DIRECTION('center_axis',(-1.,0.,0.));
#2480=DIRECTION('ref_axis',(0.,-1.,0.));
#2481=DIRECTION('',(0.,-1.,0.));
#2482=DIRECTION('',(0.,0.,1.));
#2483=DIRECTION('center_axis',(0.,0.,1.));
#2484=DIRECTION('ref_axis',(1.,0.,0.));
#2485=DIRECTION('center_axis',(0.,0.,-1.));
#2486=DIRECTION('ref_axis',(1.,0.,0.));
#2487=DIRECTION('',(0.,0.,1.));
#2488=DIRECTION('center_axis',(0.,-1.,0.));
#2489=DIRECTION('ref_axis',(1.,0.,0.));
#2490=DIRECTION('',(1.,0.,0.));
#2491=DIRECTION('',(0.,0.,1.));
#2492=DIRECTION('center_axis',(0.,0.,1.));
#2493=DIRECTION('ref_axis',(0.,1.,0.));
#2494=DIRECTION('center_axis',(0.,0.,-1.));
#2495=DIRECTION('ref_axis',(0.,1.,0.));
#2496=DIRECTION('center_axis',(1.,0.,0.));
#2497=DIRECTION('ref_axis',(0.,1.,0.));
#2498=DIRECTION('',(0.,1.,0.));
#2499=DIRECTION('',(0.,0.,1.));
#2500=DIRECTION('',(0.,0.,1.));
#2501=DIRECTION('center_axis',(0.,0.,1.));
#2502=DIRECTION('ref_axis',(-1.,0.,0.));
#2503=DIRECTION('center_axis',(0.,0.,-1.));
#2504=DIRECTION('ref_axis',(-1.,0.,0.));
#2505=DIRECTION('',(0.,0.,1.));
#2506=DIRECTION('center_axis',(0.,1.,0.));
#2507=DIRECTION('ref_axis',(-1.,0.,0.));
#2508=DIRECTION('',(-1.,0.,0.));
#2509=DIRECTION('',(0.,0.,1.));
#2510=DIRECTION('center_axis',(0.,0.,1.));
#2511=DIRECTION('ref_axis',(0.,-1.,0.));
#2512=DIRECTION('center_axis',(0.,0.,-1.));
#2513=DIRECTION('ref_axis',(0.,-1.,0.));
#2514=DIRECTION('',(0.,0.,1.));
#2515=DIRECTION('center_axis',(-1.,0.,0.));
#2516=DIRECTION('ref_axis',(0.,-1.,0.));
#2517=DIRECTION('',(0.,-1.,0.));
#2518=DIRECTION('',(0.,0.,1.));
#2519=DIRECTION('center_axis',(0.,0.,1.));
#2520=DIRECTION('ref_axis',(1.,0.,0.));
#2521=DIRECTION('center_axis',(0.,0.,-1.));
#2522=DIRECTION('ref_axis',(1.,0.,0.));
#2523=DIRECTION('',(0.,0.,1.));
#2524=DIRECTION('center_axis',(0.,-1.,0.));
#2525=DIRECTION('ref_axis',(1.,0.,0.));
#2526=DIRECTION('',(1.,0.,0.));
#2527=DIRECTION('',(0.,0.,1.));
#2528=DIRECTION('center_axis',(0.,0.,1.));
#2529=DIRECTION('ref_axis',(0.,1.,0.));
#2530=DIRECTION('center_axis',(0.,0.,-1.));
#2531=DIRECTION('ref_axis',(0.,1.,0.));
#2532=DIRECTION('center_axis',(1.,0.,0.));
#2533=DIRECTION('ref_axis',(0.,1.,0.));
#2534=DIRECTION('',(0.,1.,0.));
#2535=DIRECTION('',(0.,0.,1.));
#2536=DIRECTION('',(0.,0.,1.));
#2537=DIRECTION('center_axis',(0.,0.,1.));
#2538=DIRECTION('ref_axis',(-1.,0.,0.));
#2539=DIRECTION('center_axis',(0.,0.,-1.));
#2540=DIRECTION('ref_axis',(-1.,0.,0.));
#2541=DIRECTION('',(0.,0.,1.));
#2542=DIRECTION('center_axis',(0.,1.,0.));
#2543=DIRECTION('ref_axis',(-1.,0.,0.));
#2544=DIRECTION('',(-1.,0.,0.));
#2545=DIRECTION('',(0.,0.,1.));
#2546=DIRECTION('center_axis',(0.,0.,1.));
#2547=DIRECTION('ref_axis',(0.,-1.,0.));
#2548=DIRECTION('center_axis',(0.,0.,-1.));
#2549=DIRECTION('ref_axis',(0.,-1.,0.));
#2550=DIRECTION('',(0.,0.,1.));
#2551=DIRECTION('center_axis',(-1.,0.,0.));
#2552=DIRECTION('ref_axis',(0.,-1.,0.));
#2553=DIRECTION('',(0.,-1.,0.));
#2554=DIRECTION('',(0.,0.,1.));
#2555=DIRECTION('center_axis',(0.,0.,1.));
#2556=DIRECTION('ref_axis',(1.,0.,0.));
#2557=DIRECTION('center_axis',(0.,0.,-1.));
#2558=DIRECTION('ref_axis',(1.,0.,0.));
#2559=DIRECTION('',(0.,0.,1.));
#2560=DIRECTION('center_axis',(0.,-1.,0.));
#2561=DIRECTION('ref_axis',(1.,0.,0.));
#2562=DIRECTION('',(1.,0.,0.));
#2563=DIRECTION('',(0.,0.,1.));
#2564=DIRECTION('center_axis',(0.,0.,1.));
#2565=DIRECTION('ref_axis',(0.,1.,0.));
#2566=DIRECTION('center_axis',(0.,0.,-1.));
#2567=DIRECTION('ref_axis',(0.,1.,0.));
#2568=DIRECTION('center_axis',(1.,0.,0.));
#2569=DIRECTION('ref_axis',(0.,1.,0.));
#2570=DIRECTION('',(0.,1.,0.));
#2571=DIRECTION('',(0.,0.,1.));
#2572=DIRECTION('',(0.,0.,1.));
#2573=DIRECTION('center_axis',(0.,0.,1.));
#2574=DIRECTION('ref_axis',(-1.,0.,0.));
#2575=DIRECTION('center_axis',(0.,0.,-1.));
#2576=DIRECTION('ref_axis',(-1.,0.,0.));
#2577=DIRECTION('',(0.,0.,1.));
#2578=DIRECTION('center_axis',(0.,1.,0.));
#2579=DIRECTION('ref_axis',(-1.,0.,0.));
#2580=DIRECTION('',(-1.,0.,0.));
#2581=DIRECTION('',(0.,0.,1.));
#2582=DIRECTION('center_axis',(0.,0.,1.));
#2583=DIRECTION('ref_axis',(0.,-1.,0.));
#2584=DIRECTION('center_axis',(0.,0.,-1.));
#2585=DIRECTION('ref_axis',(0.,-1.,0.));
#2586=DIRECTION('',(0.,0.,1.));
#2587=DIRECTION('center_axis',(-1.,0.,0.));
#2588=DIRECTION('ref_axis',(0.,-1.,0.));
#2589=DIRECTION('',(0.,-1.,0.));
#2590=DIRECTION('',(0.,0.,1.));
#2591=DIRECTION('center_axis',(0.,0.,1.));
#2592=DIRECTION('ref_axis',(1.,0.,0.));
#2593=DIRECTION('center_axis',(0.,0.,-1.));
#2594=DIRECTION('ref_axis',(1.,0.,0.));
#2595=DIRECTION('',(0.,0.,1.));
#2596=DIRECTION('center_axis',(0.,-1.,0.));
#2597=DIRECTION('ref_axis',(1.,0.,0.));
#2598=DIRECTION('',(1.,0.,0.));
#2599=DIRECTION('',(0.,0.,1.));
#2600=DIRECTION('center_axis',(0.,0.,1.));
#2601=DIRECTION('ref_axis',(0.,1.,0.));
#2602=DIRECTION('center_axis',(0.,0.,-1.));
#2603=DIRECTION('ref_axis',(0.,1.,0.));
#2604=DIRECTION('center_axis',(1.,0.,0.));
#2605=DIRECTION('ref_axis',(0.,1.,0.));
#2606=DIRECTION('',(0.,1.,0.));
#2607=DIRECTION('',(0.,0.,1.));
#2608=DIRECTION('',(0.,0.,1.));
#2609=DIRECTION('center_axis',(0.,0.,1.));
#2610=DIRECTION('ref_axis',(-1.,0.,0.));
#2611=DIRECTION('center_axis',(0.,0.,-1.));
#2612=DIRECTION('ref_axis',(-1.,0.,0.));
#2613=DIRECTION('',(0.,0.,1.));
#2614=DIRECTION('center_axis',(0.,1.,0.));
#2615=DIRECTION('ref_axis',(-1.,0.,0.));
#2616=DIRECTION('',(-1.,0.,0.));
#2617=DIRECTION('',(0.,0.,1.));
#2618=DIRECTION('center_axis',(0.,0.,1.));
#2619=DIRECTION('ref_axis',(0.,-1.,0.));
#2620=DIRECTION('center_axis',(0.,0.,-1.));
#2621=DIRECTION('ref_axis',(0.,-1.,0.));
#2622=DIRECTION('',(0.,0.,1.));
#2623=DIRECTION('center_axis',(-1.,0.,0.));
#2624=DIRECTION('ref_axis',(0.,-1.,0.));
#2625=DIRECTION('',(0.,-1.,0.));
#2626=DIRECTION('',(0.,0.,1.));
#2627=DIRECTION('center_axis',(0.,0.,1.));
#2628=DIRECTION('ref_axis',(1.,0.,0.));
#2629=DIRECTION('center_axis',(0.,0.,-1.));
#2630=DIRECTION('ref_axis',(1.,0.,0.));
#2631=DIRECTION('',(0.,0.,1.));
#2632=DIRECTION('center_axis',(0.,-1.,0.));
#2633=DIRECTION('ref_axis',(1.,0.,0.));
#2634=DIRECTION('',(1.,0.,0.));
#2635=DIRECTION('',(0.,0.,1.));
#2636=DIRECTION('center_axis',(0.,0.,1.));
#2637=DIRECTION('ref_axis',(0.,1.,0.));
#2638=DIRECTION('center_axis',(0.,0.,-1.));
#2639=DIRECTION('ref_axis',(0.,1.,0.));
#2640=DIRECTION('center_axis',(1.,0.,0.));
#2641=DIRECTION('ref_axis',(0.,1.,0.));
#2642=DIRECTION('',(0.,1.,0.));
#2643=DIRECTION('',(0.,0.,1.));
#2644=DIRECTION('',(0.,0.,1.));
#2645=DIRECTION('center_axis',(0.,0.,1.));
#2646=DIRECTION('ref_axis',(-1.,0.,0.));
#2647=DIRECTION('center_axis',(0.,0.,-1.));
#2648=DIRECTION('ref_axis',(-1.,0.,0.));
#2649=DIRECTION('',(0.,0.,1.));
#2650=DIRECTION('center_axis',(0.,1.,0.));
#2651=DIRECTION('ref_axis',(-1.,0.,0.));
#2652=DIRECTION('',(-1.,0.,0.));
#2653=DIRECTION('',(0.,0.,1.));
#2654=DIRECTION('center_axis',(0.,0.,1.));
#2655=DIRECTION('ref_axis',(0.,-1.,0.));
#2656=DIRECTION('center_axis',(0.,0.,-1.));
#2657=DIRECTION('ref_axis',(0.,-1.,0.));
#2658=DIRECTION('',(0.,0.,1.));
#2659=DIRECTION('center_axis',(-1.,0.,0.));
#2660=DIRECTION('ref_axis',(0.,-1.,0.));
#2661=DIRECTION('',(0.,-1.,0.));
#2662=DIRECTION('',(0.,0.,1.));
#2663=DIRECTION('center_axis',(0.,0.,1.));
#2664=DIRECTION('ref_axis',(1.,0.,0.));
#2665=DIRECTION('center_axis',(0.,0.,-1.));
#2666=DIRECTION('ref_axis',(1.,0.,0.));
#2667=DIRECTION('',(0.,0.,1.));
#2668=DIRECTION('center_axis',(0.,-1.,0.));
#2669=DIRECTION('ref_axis',(1.,0.,0.));
#2670=DIRECTION('',(1.,0.,0.));
#2671=DIRECTION('',(0.,0.,1.));
#2672=DIRECTION('center_axis',(0.,0.,1.));
#2673=DIRECTION('ref_axis',(0.,1.,0.));
#2674=DIRECTION('center_axis',(0.,0.,-1.));
#2675=DIRECTION('ref_axis',(0.,1.,0.));
#2676=DIRECTION('center_axis',(1.,0.,0.));
#2677=DIRECTION('ref_axis',(0.,1.,0.));
#2678=DIRECTION('',(0.,1.,0.));
#2679=DIRECTION('',(0.,0.,1.));
#2680=DIRECTION('',(0.,0.,1.));
#2681=DIRECTION('center_axis',(0.,0.,1.));
#2682=DIRECTION('ref_axis',(-1.,0.,0.));
#2683=DIRECTION('center_axis',(0.,0.,-1.));
#2684=DIRECTION('ref_axis',(-1.,0.,0.));
#2685=DIRECTION('',(0.,0.,1.));
#2686=DIRECTION('center_axis',(0.,1.,0.));
#2687=DIRECTION('ref_axis',(-1.,0.,0.));
#2688=DIRECTION('',(-1.,0.,0.));
#2689=DIRECTION('',(0.,0.,1.));
#2690=DIRECTION('center_axis',(0.,0.,1.));
#2691=DIRECTION('ref_axis',(0.,-1.,0.));
#2692=DIRECTION('center_axis',(0.,0.,-1.));
#2693=DIRECTION('ref_axis',(0.,-1.,0.));
#2694=DIRECTION('',(0.,0.,1.));
#2695=DIRECTION('center_axis',(-1.,0.,0.));
#2696=DIRECTION('ref_axis',(0.,-1.,0.));
#2697=DIRECTION('',(0.,-1.,0.));
#2698=DIRECTION('',(0.,0.,1.));
#2699=DIRECTION('center_axis',(0.,0.,1.));
#2700=DIRECTION('ref_axis',(1.,0.,0.));
#2701=DIRECTION('center_axis',(0.,0.,-1.));
#2702=DIRECTION('ref_axis',(1.,0.,0.));
#2703=DIRECTION('',(0.,0.,1.));
#2704=DIRECTION('center_axis',(0.,-1.,0.));
#2705=DIRECTION('ref_axis',(1.,0.,0.));
#2706=DIRECTION('',(1.,0.,0.));
#2707=DIRECTION('',(0.,0.,1.));
#2708=DIRECTION('center_axis',(0.,0.,1.));
#2709=DIRECTION('ref_axis',(0.,1.,0.));
#2710=DIRECTION('center_axis',(0.,0.,-1.));
#2711=DIRECTION('ref_axis',(0.,1.,0.));
#2712=DIRECTION('center_axis',(0.,0.,1.));
#2713=DIRECTION('ref_axis',(1.,0.,0.));
#2714=CARTESIAN_POINT('',(0.,0.,0.));
#2715=CARTESIAN_POINT('Origin',(-104.000001400709,-14.0000002086163,13.5));
#2716=CARTESIAN_POINT('',(-108.000001400709,-14.0000002086163,20.));
#2717=CARTESIAN_POINT('Origin',(-104.000001400709,-14.0000002086163,20.));
#2718=CARTESIAN_POINT('',(-108.000001400709,-14.0000002086163,17.));
#2719=CARTESIAN_POINT('',(-108.000001400709,-14.0000002086163,13.5));
#2720=CARTESIAN_POINT('Origin',(-104.000001400709,-14.0000002086163,17.));
#2721=CARTESIAN_POINT('Origin',(-133.,-51.1,17.));
#2722=CARTESIAN_POINT('',(-134.,-51.1,17.));
#2723=CARTESIAN_POINT('',(-133.,-52.1,17.));
#2724=CARTESIAN_POINT('Origin',(-133.,-51.1,17.));
#2725=CARTESIAN_POINT('',(-133.,-52.1,20.));
#2726=CARTESIAN_POINT('',(-133.,-52.1,17.));
#2727=CARTESIAN_POINT('',(-134.,-51.1,20.));
#2728=CARTESIAN_POINT('Origin',(-133.,-51.1,20.));
#2729=CARTESIAN_POINT('',(-134.,-51.1,17.));
#2730=CARTESIAN_POINT('Origin',(-134.,-2.,17.));
#2731=CARTESIAN_POINT('',(-134.,9.,20.));
#2732=CARTESIAN_POINT('',(-134.,-11.525,20.));
#2733=CARTESIAN_POINT('',(-134.,9.,17.));
#2734=CARTESIAN_POINT('',(-134.,9.,17.));
#2735=CARTESIAN_POINT('',(-134.,-11.525,17.));
#2736=CARTESIAN_POINT('Origin',(-38.4,-21.05,20.));
#2737=CARTESIAN_POINT('',(8.81000000000001,-52.1,20.));
#2738=CARTESIAN_POINT('',(-0.299999999999994,-52.1,20.));
#2739=CARTESIAN_POINT('',(9.81000000000001,-51.1,20.));
#2740=CARTESIAN_POINT('Origin',(8.81000000000001,-51.1,20.));
#2741=CARTESIAN_POINT('',(9.81000000000001,9.,20.));
#2742=CARTESIAN_POINT('',(9.81000000000001,-40.1,20.));
#2743=CARTESIAN_POINT('',(8.81,10.,20.));
#2744=CARTESIAN_POINT('Origin',(8.81000000000001,9.,20.));
#2745=CARTESIAN_POINT('',(-133.,10.,20.));
#2746=CARTESIAN_POINT('',(-76.5,10.,20.));
#2747=CARTESIAN_POINT('Origin',(-133.,9.,20.));
#2748=CARTESIAN_POINT('',(-73.975,-24.075,20.));
#2749=CARTESIAN_POINT('',(-73.475,-23.575,20.));
#2750=CARTESIAN_POINT('Origin',(-73.475,-24.075,20.));
#2751=CARTESIAN_POINT('',(-60.475,-23.575,20.));
#2752=CARTESIAN_POINT('',(-73.475,-23.575,20.));
#2753=CARTESIAN_POINT('',(-59.975,-24.075,20.));
#2754=CARTESIAN_POINT('Origin',(-60.475,-24.075,20.));
#2755=CARTESIAN_POINT('',(-59.975,-37.075,20.));
#2756=CARTESIAN_POINT('',(-59.975,-24.075,20.));
#2757=CARTESIAN_POINT('',(-60.475,-37.575,20.));
#2758=CARTESIAN_POINT('Origin',(-60.475,-37.075,20.));
#2759=CARTESIAN_POINT('',(-73.475,-37.575,20.));
#2760=CARTESIAN_POINT('',(-73.475,-37.575,20.));
#2761=CARTESIAN_POINT('',(-73.975,-37.075,20.));
#2762=CARTESIAN_POINT('Origin',(-73.475,-37.075,20.));
#2763=CARTESIAN_POINT('',(-73.975,-24.075,20.));
#2764=CARTESIAN_POINT('',(-54.925,-5.025,20.));
#2765=CARTESIAN_POINT('',(-54.425,-4.525,20.));
#2766=CARTESIAN_POINT('Origin',(-54.425,-5.025,20.));
#2767=CARTESIAN_POINT('',(-41.425,-4.52499999999999,20.));
#2768=CARTESIAN_POINT('',(-54.425,-4.525,20.));
#2769=CARTESIAN_POINT('',(-40.925,-5.025,20.));
#2770=CARTESIAN_POINT('Origin',(-41.425,-5.025,20.));
#2771=CARTESIAN_POINT('',(-40.925,-18.025,20.));
#2772=CARTESIAN_POINT('',(-40.925,-5.025,20.));
#2773=CARTESIAN_POINT('',(-41.425,-18.525,20.));
#2774=CARTESIAN_POINT('Origin',(-41.425,-18.025,20.));
#2775=CARTESIAN_POINT('',(-54.425,-18.525,20.));
#2776=CARTESIAN_POINT('',(-54.425,-18.525,20.));
#2777=CARTESIAN_POINT('',(-54.925,-18.025,20.));
#2778=CARTESIAN_POINT('Origin',(-54.425,-18.025,20.));
#2779=CARTESIAN_POINT('',(-54.925,-5.025,20.));
#2780=CARTESIAN_POINT('',(-35.875,-24.075,20.));
#2781=CARTESIAN_POINT('',(-35.375,-23.575,20.));
#2782=CARTESIAN_POINT('Origin',(-35.375,-24.075,20.));
#2783=CARTESIAN_POINT('',(-22.375,-23.575,20.));
#2784=CARTESIAN_POINT('',(-35.375,-23.575,20.));
#2785=CARTESIAN_POINT('',(-21.875,-24.075,20.));
#2786=CARTESIAN_POINT('Origin',(-22.375,-24.075,20.));
#2787=CARTESIAN_POINT('',(-21.875,-37.075,20.));
#2788=CARTESIAN_POINT('',(-21.875,-24.075,20.));
#2789=CARTESIAN_POINT('',(-22.375,-37.575,20.));
#2790=CARTESIAN_POINT('Origin',(-22.375,-37.075,20.));
#2791=CARTESIAN_POINT('',(-35.375,-37.575,20.));
#2792=CARTESIAN_POINT('',(-35.375,-37.575,20.));
#2793=CARTESIAN_POINT('',(-35.875,-37.075,20.));
#2794=CARTESIAN_POINT('Origin',(-35.375,-37.075,20.));
#2795=CARTESIAN_POINT('',(-35.875,-24.075,20.));
#2796=CARTESIAN_POINT('',(-16.825,-5.025,20.));
#2797=CARTESIAN_POINT('',(-16.325,-4.525,20.));
#2798=CARTESIAN_POINT('Origin',(-16.325,-5.025,20.));
#2799=CARTESIAN_POINT('',(-3.325,-4.525,20.));
#2800=CARTESIAN_POINT('',(-16.325,-4.525,20.));
#2801=CARTESIAN_POINT('',(-2.82500000000001,-5.025,20.));
#2802=CARTESIAN_POINT('Origin',(-3.325,-5.025,20.));
#2803=CARTESIAN_POINT('',(-2.82500000000001,-18.025,20.));
#2804=CARTESIAN_POINT('',(-2.82500000000001,-5.025,20.));
#2805=CARTESIAN_POINT('',(-3.325,-18.525,20.));
#2806=CARTESIAN_POINT('Origin',(-3.325,-18.025,20.));
#2807=CARTESIAN_POINT('',(-16.325,-18.525,20.));
#2808=CARTESIAN_POINT('',(-16.325,-18.525,20.));
#2809=CARTESIAN_POINT('',(-16.825,-18.025,20.));
#2810=CARTESIAN_POINT('Origin',(-16.325,-18.025,20.));
#2811=CARTESIAN_POINT('',(-16.825,-5.025,20.));
#2812=CARTESIAN_POINT('',(-35.875,-5.025,20.));
#2813=CARTESIAN_POINT('',(-35.375,-4.525,20.));
#2814=CARTESIAN_POINT('Origin',(-35.375,-5.025,20.));
#2815=CARTESIAN_POINT('',(-22.375,-4.525,20.));
#2816=CARTESIAN_POINT('',(-35.375,-4.525,20.));
#2817=CARTESIAN_POINT('',(-21.875,-5.025,20.));
#2818=CARTESIAN_POINT('Origin',(-22.375,-5.025,20.));
#2819=CARTESIAN_POINT('',(-21.875,-18.025,20.));
#2820=CARTESIAN_POINT('',(-21.875,-5.025,20.));
#2821=CARTESIAN_POINT('',(-22.375,-18.525,20.));
#2822=CARTESIAN_POINT('Origin',(-22.375,-18.025,20.));
#2823=CARTESIAN_POINT('',(-35.375,-18.525,20.));
#2824=CARTESIAN_POINT('',(-35.375,-18.525,20.));
#2825=CARTESIAN_POINT('',(-35.875,-18.025,20.));
#2826=CARTESIAN_POINT('Origin',(-35.375,-18.025,20.));
#2827=CARTESIAN_POINT('',(-35.875,-5.025,20.));
#2828=CARTESIAN_POINT('',(-73.975,-5.025,20.));
#2829=CARTESIAN_POINT('',(-73.475,-4.525,20.));
#2830=CARTESIAN_POINT('Origin',(-73.475,-5.025,20.));
#2831=CARTESIAN_POINT('',(-60.475,-4.525,20.));
#2832=CARTESIAN_POINT('',(-73.475,-4.525,20.));
#2833=CARTESIAN_POINT('',(-59.975,-5.025,20.));
#2834=CARTESIAN_POINT('Origin',(-60.475,-5.025,20.));
#2835=CARTESIAN_POINT('',(-59.975,-18.025,20.));
#2836=CARTESIAN_POINT('',(-59.975,-5.025,20.));
#2837=CARTESIAN_POINT('',(-60.475,-18.525,20.));
#2838=CARTESIAN_POINT('Origin',(-60.475,-18.025,20.));
#2839=CARTESIAN_POINT('',(-73.475,-18.525,20.));
#2840=CARTESIAN_POINT('',(-73.475,-18.525,20.));
#2841=CARTESIAN_POINT('',(-73.975,-18.025,20.));
#2842=CARTESIAN_POINT('Origin',(-73.475,-18.025,20.));
#2843=CARTESIAN_POINT('',(-73.975,-5.025,20.));
#2844=CARTESIAN_POINT('',(-16.825,-24.075,20.));
#2845=CARTESIAN_POINT('',(-16.325,-23.575,20.));
#2846=CARTESIAN_POINT('Origin',(-16.325,-24.075,20.));
#2847=CARTESIAN_POINT('',(-3.325,-23.575,20.));
#2848=CARTESIAN_POINT('',(-16.325,-23.575,20.));
#2849=CARTESIAN_POINT('',(-2.82500000000001,-24.075,20.));
#2850=CARTESIAN_POINT('Origin',(-3.325,-24.075,20.));
#2851=CARTESIAN_POINT('',(-2.82500000000001,-37.075,20.));
#2852=CARTESIAN_POINT('',(-2.82500000000001,-24.075,20.));
#2853=CARTESIAN_POINT('',(-3.325,-37.575,20.));
#2854=CARTESIAN_POINT('Origin',(-3.325,-37.075,20.));
#2855=CARTESIAN_POINT('',(-16.325,-37.575,20.));
#2856=CARTESIAN_POINT('',(-16.325,-37.575,20.));
#2857=CARTESIAN_POINT('',(-16.825,-37.075,20.));
#2858=CARTESIAN_POINT('Origin',(-16.325,-37.075,20.));
#2859=CARTESIAN_POINT('',(-16.825,-24.075,20.));
#2860=CARTESIAN_POINT('',(-54.925,-24.075,20.));
#2861=CARTESIAN_POINT('',(-54.425,-23.575,20.));
#2862=CARTESIAN_POINT('Origin',(-54.425,-24.075,20.));
#2863=CARTESIAN_POINT('',(-41.425,-23.575,20.));
#2864=CARTESIAN_POINT('',(-54.425,-23.575,20.));
#2865=CARTESIAN_POINT('',(-40.925,-24.075,20.));
#2866=CARTESIAN_POINT('Origin',(-41.425,-24.075,20.));
#2867=CARTESIAN_POINT('',(-40.925,-37.075,20.));
#2868=CARTESIAN_POINT('',(-40.925,-24.075,20.));
#2869=CARTESIAN_POINT('',(-41.425,-37.575,20.));
#2870=CARTESIAN_POINT('Origin',(-41.425,-37.075,20.));
#2871=CARTESIAN_POINT('',(-54.425,-37.575,20.));
#2872=CARTESIAN_POINT('',(-54.425,-37.575,20.));
#2873=CARTESIAN_POINT('',(-54.925,-37.075,20.));
#2874=CARTESIAN_POINT('Origin',(-54.425,-37.075,20.));
#2875=CARTESIAN_POINT('',(-54.925,-24.075,20.));
#2876=CARTESIAN_POINT('',(-130.449999925494,-47.0000006258488,20.));
#2877=CARTESIAN_POINT('Origin',(-128.999999925494,-47.0000006258488,20.));
#2878=CARTESIAN_POINT('',(3.55000007450581,-47.0000006258488,20.));
#2879=CARTESIAN_POINT('Origin',(5.00000007450581,-47.0000006258488,20.));
#2880=CARTESIAN_POINT('',(3.55000007450581,5.99999928474427,20.));
#2881=CARTESIAN_POINT('Origin',(5.00000007450581,5.99999928474427,20.));
#2882=CARTESIAN_POINT('',(-130.449999925494,5.,20.));
#2883=CARTESIAN_POINT('Origin',(-128.999999925494,5.,20.));
#2884=CARTESIAN_POINT('',(-94.0000014007092,-23.0000003576279,20.));
#2885=CARTESIAN_POINT('',(-94.0000014007092,-5.00000005960465,20.));
#2886=CARTESIAN_POINT('',(-94.0000014007092,-22.5250001788139,20.));
#2887=CARTESIAN_POINT('',(-93.0000014007092,-4.00000005960464,20.));
#2888=CARTESIAN_POINT('Origin',(-93.0000014007092,-5.00000005960465,20.));
#2889=CARTESIAN_POINT('',(-79.0000011622906,-4.00000005960464,20.));
#2890=CARTESIAN_POINT('',(-66.2000007003546,-4.00000005960464,20.));
#2891=CARTESIAN_POINT('',(-78.0000011622906,-5.00000005960464,20.));
#2892=CARTESIAN_POINT('Origin',(-79.0000011622906,-5.00000005960464,20.));
#2893=CARTESIAN_POINT('',(-78.0000011622906,-23.0000003576279,20.));
#2894=CARTESIAN_POINT('',(-78.0000011622906,-12.5250000298023,20.));
#2895=CARTESIAN_POINT('',(-79.0000011622906,-24.0000003576279,20.));
#2896=CARTESIAN_POINT('Origin',(-79.0000011622906,-23.0000003576279,20.));
#2897=CARTESIAN_POINT('',(-93.0000014007091,-24.0000003576279,20.));
#2898=CARTESIAN_POINT('',(-58.2000005811453,-24.0000003576279,20.));
#2899=CARTESIAN_POINT('Origin',(-93.0000014007091,-23.0000003576279,20.));
#2900=CARTESIAN_POINT('',(-112.475,-36.575,20.));
#2901=CARTESIAN_POINT('',(-112.475,-26.575,20.));
#2902=CARTESIAN_POINT('',(-112.475,-29.3125,20.));
#2903=CARTESIAN_POINT('',(-111.475,-25.575,20.));
#2904=CARTESIAN_POINT('Origin',(-111.475,-26.575,20.));
#2905=CARTESIAN_POINT('',(-78.975,-25.575,20.));
#2906=CARTESIAN_POINT('',(-75.4375,-25.575,20.));
#2907=CARTESIAN_POINT('',(-77.975,-26.575,20.));
#2908=CARTESIAN_POINT('Origin',(-78.975,-26.575,20.));
#2909=CARTESIAN_POINT('',(-77.975,-36.575,20.));
#2910=CARTESIAN_POINT('',(-77.975,-23.3125,20.));
#2911=CARTESIAN_POINT('',(-78.975,-37.575,20.));
#2912=CARTESIAN_POINT('Origin',(-78.975,-36.575,20.));
#2913=CARTESIAN_POINT('',(-111.475,-37.575,20.));
#2914=CARTESIAN_POINT('',(-58.1875,-37.575,20.));
#2915=CARTESIAN_POINT('Origin',(-111.475,-36.575,20.));
#2916=CARTESIAN_POINT('Origin',(-133.,9.,17.));
#2917=CARTESIAN_POINT('',(-133.,10.,17.));
#2918=CARTESIAN_POINT('',(-133.,10.,17.));
#2919=CARTESIAN_POINT('Origin',(-133.,9.,17.));
#2920=CARTESIAN_POINT('Origin',(-0.299999999999994,10.,17.));
#2921=CARTESIAN_POINT('',(8.81000000000001,10.,17.));
#2922=CARTESIAN_POINT('',(8.81000000000001,10.,17.));
#2923=CARTESIAN_POINT('',(-0.299999999999994,10.,17.));
#2924=CARTESIAN_POINT('Origin',(8.81000000000001,9.,17.));
#2925=CARTESIAN_POINT('',(9.81000000000001,9.,17.));
#2926=CARTESIAN_POINT('',(9.81000000000001,9.,17.));
#2927=CARTESIAN_POINT('Origin',(8.81000000000001,9.,17.));
#2928=CARTESIAN_POINT('Origin',(9.81000000000001,-40.1,17.));
#2929=CARTESIAN_POINT('',(9.81000000000001,-51.1,17.));
#2930=CARTESIAN_POINT('',(9.81000000000001,-51.1,17.));
#2931=CARTESIAN_POINT('',(9.81000000000001,-40.1,17.));
#2932=CARTESIAN_POINT('Origin',(8.81000000000001,-51.1,17.));
#2933=CARTESIAN_POINT('',(8.81,-52.1,17.));
#2934=CARTESIAN_POINT('Origin',(8.81000000000001,-51.1,17.));
#2935=CARTESIAN_POINT('',(8.81000000000001,-52.1,17.));
#2936=CARTESIAN_POINT('Origin',(-78.975,-26.575,20.));
#2937=CARTESIAN_POINT('',(-78.975,-25.575,17.));
#2938=CARTESIAN_POINT('',(-78.975,-25.575,20.));
#2939=CARTESIAN_POINT('',(-77.975,-26.575,17.));
#2940=CARTESIAN_POINT('Origin',(-78.975,-26.575,17.));
#2941=CARTESIAN_POINT('',(-77.975,-26.575,20.));
#2942=CARTESIAN_POINT('Origin',(-112.475,-25.575,20.));
#2943=CARTESIAN_POINT('',(-111.475,-25.575,17.));
#2944=CARTESIAN_POINT('',(-111.475,-25.575,20.));
#2945=CARTESIAN_POINT('',(-75.4375,-25.575,17.));
#2946=CARTESIAN_POINT('Origin',(-111.475,-26.575,20.));
#2947=CARTESIAN_POINT('',(-112.475,-26.575,17.));
#2948=CARTESIAN_POINT('',(-112.475,-26.575,20.));
#2949=CARTESIAN_POINT('Origin',(-111.475,-26.575,17.));
#2950=CARTESIAN_POINT('Origin',(-112.475,-37.575,20.));
#2951=CARTESIAN_POINT('',(-112.475,-36.575,17.));
#2952=CARTESIAN_POINT('',(-112.475,-36.575,20.));
#2953=CARTESIAN_POINT('',(-112.475,-29.3125,17.));
#2954=CARTESIAN_POINT('Origin',(-111.475,-36.575,20.));
#2955=CARTESIAN_POINT('',(-111.475,-37.575,17.));
#2956=CARTESIAN_POINT('',(-111.475,-37.575,20.));
#2957=CARTESIAN_POINT('Origin',(-111.475,-36.575,17.));
#2958=CARTESIAN_POINT('Origin',(-77.975,-37.575,20.));
#2959=CARTESIAN_POINT('',(-78.975,-37.575,17.));
#2960=CARTESIAN_POINT('',(-78.975,-37.575,20.));
#2961=CARTESIAN_POINT('',(-58.1875,-37.575,17.));
#2962=CARTESIAN_POINT('Origin',(-78.975,-36.575,20.));
#2963=CARTESIAN_POINT('',(-77.975,-36.575,17.));
#2964=CARTESIAN_POINT('',(-77.975,-36.575,20.));
#2965=CARTESIAN_POINT('Origin',(-78.975,-36.575,17.));
#2966=CARTESIAN_POINT('Origin',(-77.975,-25.575,20.));
#2967=CARTESIAN_POINT('',(-77.975,-23.3125,17.));
#2968=CARTESIAN_POINT('Origin',(-79.0000011622906,-23.0000003576279,20.));
#2969=CARTESIAN_POINT('',(-78.0000011622906,-23.0000003576279,17.));
#2970=CARTESIAN_POINT('',(-78.0000011622906,-23.0000003576279,20.));
#2971=CARTESIAN_POINT('',(-79.0000011622906,-24.0000003576279,17.));
#2972=CARTESIAN_POINT('Origin',(-79.0000011622906,-23.0000003576279,17.));
#2973=CARTESIAN_POINT('',(-79.0000011622906,-24.0000003576279,20.));
#2974=CARTESIAN_POINT('Origin',(-78.0000011622906,-4.00000005960464,20.));
#2975=CARTESIAN_POINT('',(-78.0000011622906,-5.00000005960464,17.));
#2976=CARTESIAN_POINT('',(-78.0000011622906,-5.00000005960464,20.));
#2977=CARTESIAN_POINT('',(-78.0000011622906,-12.5250000298023,17.));
#2978=CARTESIAN_POINT('Origin',(-93.0000014007091,-23.0000003576279,20.));
#2979=CARTESIAN_POINT('',(-93.0000014007091,-24.0000003576279,17.));
#2980=CARTESIAN_POINT('',(-93.0000014007091,-24.0000003576279,20.));
#2981=CARTESIAN_POINT('',(-94.0000014007092,-23.0000003576279,17.));
#2982=CARTESIAN_POINT('Origin',(-93.0000014007091,-23.0000003576279,17.));
#2983=CARTESIAN_POINT('',(-94.0000014007092,-23.0000003576279,20.));
#2984=CARTESIAN_POINT('Origin',(-78.0000011622906,-24.0000003576279,20.));
#2985=CARTESIAN_POINT('',(-58.2000005811453,-24.0000003576279,17.));
#2986=CARTESIAN_POINT('Origin',(-93.0000014007092,-5.00000005960465,20.));
#2987=CARTESIAN_POINT('',(-94.0000014007092,-5.00000005960465,17.));
#2988=CARTESIAN_POINT('',(-94.0000014007092,-5.00000005960465,20.));
#2989=CARTESIAN_POINT('',(-93.0000014007092,-4.00000005960464,17.));
#2990=CARTESIAN_POINT('Origin',(-93.0000014007092,-5.00000005960465,17.));
#2991=CARTESIAN_POINT('',(-93.0000014007092,-4.00000005960464,20.));
#2992=CARTESIAN_POINT('Origin',(-94.0000014007092,-24.0000003576279,20.));
#2993=CARTESIAN_POINT('',(-94.0000014007092,-22.5250001788139,17.));
#2994=CARTESIAN_POINT('Origin',(-79.0000011622906,-5.00000005960464,20.));
#2995=CARTESIAN_POINT('',(-79.0000011622906,-4.00000005960464,17.));
#2996=CARTESIAN_POINT('',(-79.0000011622906,-4.00000005960464,20.));
#2997=CARTESIAN_POINT('Origin',(-79.0000011622906,-5.00000005960464,17.));
#2998=CARTESIAN_POINT('Origin',(-94.0000014007092,-4.00000005960464,20.));
#2999=CARTESIAN_POINT('',(-66.2000007003546,-4.00000005960464,17.));
#3000=CARTESIAN_POINT('Origin',(-128.999999925494,5.,0.));
#3001=CARTESIAN_POINT('',(-130.449999925494,5.,17.));
#3002=CARTESIAN_POINT('Origin',(-128.999999925494,5.,17.));
#3003=CARTESIAN_POINT('',(-130.449999925494,5.,0.));
#3004=CARTESIAN_POINT('Origin',(5.00000007450581,5.99999928474427,0.));
#3005=CARTESIAN_POINT('',(3.55000007450581,5.99999928474427,17.));
#3006=CARTESIAN_POINT('Origin',(5.00000007450581,5.99999928474427,17.));
#3007=CARTESIAN_POINT('',(3.55000007450581,5.99999928474427,0.));
#3008=CARTESIAN_POINT('Origin',(5.00000007450581,-47.0000006258488,0.));
#3009=CARTESIAN_POINT('',(3.55000007450581,-47.0000006258488,17.));
#3010=CARTESIAN_POINT('Origin',(5.00000007450581,-47.0000006258488,17.));
#3011=CARTESIAN_POINT('',(3.55000007450581,-47.0000006258488,0.));
#3012=CARTESIAN_POINT('Origin',(-128.999999925494,-47.0000006258488,0.));
#3013=CARTESIAN_POINT('',(-130.449999925494,-47.0000006258488,17.));
#3014=CARTESIAN_POINT('Origin',(-128.999999925494,-47.0000006258488,17.));
#3015=CARTESIAN_POINT('',(-130.449999925494,-47.0000006258488,0.));
#3016=CARTESIAN_POINT('Origin',(-76.5,-52.1,17.));
#3017=CARTESIAN_POINT('',(-76.5,-52.1,17.));
#3018=CARTESIAN_POINT('Origin',(-54.925,-37.075,17.));
#3019=CARTESIAN_POINT('',(-54.925,-37.075,17.));
#3020=CARTESIAN_POINT('',(-54.925,-24.075,17.));
#3021=CARTESIAN_POINT('',(-54.925,-24.075,17.));
#3022=CARTESIAN_POINT('',(-54.925,-24.075,17.));
#3023=CARTESIAN_POINT('',(-54.925,-37.075,17.));
#3024=CARTESIAN_POINT('Origin',(-54.425,-37.075,17.));
#3025=CARTESIAN_POINT('',(-54.425,-37.575,17.));
#3026=CARTESIAN_POINT('Origin',(-54.425,-37.075,17.));
#3027=CARTESIAN_POINT('',(-54.425,-37.575,17.));
#3028=CARTESIAN_POINT('Origin',(-41.425,-37.575,17.));
#3029=CARTESIAN_POINT('',(-41.425,-37.575,17.));
#3030=CARTESIAN_POINT('',(-54.425,-37.575,17.));
#3031=CARTESIAN_POINT('',(-41.425,-37.575,17.));
#3032=CARTESIAN_POINT('Origin',(-41.425,-37.075,17.));
#3033=CARTESIAN_POINT('',(-40.925,-37.075,17.));
#3034=CARTESIAN_POINT('Origin',(-41.425,-37.075,17.));
#3035=CARTESIAN_POINT('',(-40.925,-37.075,17.));
#3036=CARTESIAN_POINT('Origin',(-40.925,-24.075,17.));
#3037=CARTESIAN_POINT('',(-40.925,-24.075,17.));
#3038=CARTESIAN_POINT('',(-40.925,-24.075,17.));
#3039=CARTESIAN_POINT('',(-40.925,-24.075,17.));
#3040=CARTESIAN_POINT('Origin',(-41.425,-24.075,17.));
#3041=CARTESIAN_POINT('',(-41.425,-23.575,17.));
#3042=CARTESIAN_POINT('Origin',(-41.425,-24.075,17.));
#3043=CARTESIAN_POINT('',(-41.425,-23.575,17.));
#3044=CARTESIAN_POINT('Origin',(-54.425,-23.575,17.));
#3045=CARTESIAN_POINT('',(-54.425,-23.575,17.));
#3046=CARTESIAN_POINT('',(-54.425,-23.575,17.));
#3047=CARTESIAN_POINT('',(-54.425,-23.575,17.));
#3048=CARTESIAN_POINT('Origin',(-54.425,-24.075,17.));
#3049=CARTESIAN_POINT('Origin',(-54.425,-24.075,17.));
#3050=CARTESIAN_POINT('Origin',(-16.825,-37.075,17.));
#3051=CARTESIAN_POINT('',(-16.825,-37.075,17.));
#3052=CARTESIAN_POINT('',(-16.825,-24.075,17.));
#3053=CARTESIAN_POINT('',(-16.825,-24.075,17.));
#3054=CARTESIAN_POINT('',(-16.825,-24.075,17.));
#3055=CARTESIAN_POINT('',(-16.825,-37.075,17.));
#3056=CARTESIAN_POINT('Origin',(-16.325,-37.075,17.));
#3057=CARTESIAN_POINT('',(-16.325,-37.575,17.));
#3058=CARTESIAN_POINT('Origin',(-16.325,-37.075,17.));
#3059=CARTESIAN_POINT('',(-16.325,-37.575,17.));
#3060=CARTESIAN_POINT('Origin',(-3.325,-37.575,17.));
#3061=CARTESIAN_POINT('',(-3.325,-37.575,17.));
#3062=CARTESIAN_POINT('',(-16.325,-37.575,17.));
#3063=CARTESIAN_POINT('',(-3.325,-37.575,17.));
#3064=CARTESIAN_POINT('Origin',(-3.325,-37.075,17.));
#3065=CARTESIAN_POINT('',(-2.825,-37.075,17.));
#3066=CARTESIAN_POINT('Origin',(-3.325,-37.075,17.));
#3067=CARTESIAN_POINT('',(-2.825,-37.075,17.));
#3068=CARTESIAN_POINT('Origin',(-2.82500000000001,-24.075,17.));
#3069=CARTESIAN_POINT('',(-2.82500000000001,-24.075,17.));
#3070=CARTESIAN_POINT('',(-2.82500000000001,-24.075,17.));
#3071=CARTESIAN_POINT('',(-2.82500000000001,-24.075,17.));
#3072=CARTESIAN_POINT('Origin',(-3.325,-24.075,17.));
#3073=CARTESIAN_POINT('',(-3.325,-23.575,17.));
#3074=CARTESIAN_POINT('Origin',(-3.325,-24.075,17.));
#3075=CARTESIAN_POINT('',(-3.325,-23.575,17.));
#3076=CARTESIAN_POINT('Origin',(-16.325,-23.575,17.));
#3077=CARTESIAN_POINT('',(-16.325,-23.575,17.));
#3078=CARTESIAN_POINT('',(-16.325,-23.575,17.));
#3079=CARTESIAN_POINT('',(-16.325,-23.575,17.));
#3080=CARTESIAN_POINT('Origin',(-16.325,-24.075,17.));
#3081=CARTESIAN_POINT('Origin',(-16.325,-24.075,17.));
#3082=CARTESIAN_POINT('Origin',(-73.975,-18.025,17.));
#3083=CARTESIAN_POINT('',(-73.975,-18.025,17.));
#3084=CARTESIAN_POINT('',(-73.975,-5.025,17.));
#3085=CARTESIAN_POINT('',(-73.975,-5.025,17.));
#3086=CARTESIAN_POINT('',(-73.975,-5.025,17.));
#3087=CARTESIAN_POINT('',(-73.975,-18.025,17.));
#3088=CARTESIAN_POINT('Origin',(-73.475,-18.025,17.));
#3089=CARTESIAN_POINT('',(-73.475,-18.525,17.));
#3090=CARTESIAN_POINT('Origin',(-73.475,-18.025,17.));
#3091=CARTESIAN_POINT('',(-73.475,-18.525,17.));
#3092=CARTESIAN_POINT('Origin',(-60.475,-18.525,17.));
#3093=CARTESIAN_POINT('',(-60.475,-18.525,17.));
#3094=CARTESIAN_POINT('',(-73.475,-18.525,17.));
#3095=CARTESIAN_POINT('',(-60.475,-18.525,17.));
#3096=CARTESIAN_POINT('Origin',(-60.475,-18.025,17.));
#3097=CARTESIAN_POINT('',(-59.975,-18.025,17.));
#3098=CARTESIAN_POINT('Origin',(-60.475,-18.025,17.));
#3099=CARTESIAN_POINT('',(-59.975,-18.025,17.));
#3100=CARTESIAN_POINT('Origin',(-59.975,-5.025,17.));
#3101=CARTESIAN_POINT('',(-59.975,-5.025,17.));
#3102=CARTESIAN_POINT('',(-59.975,-5.025,17.));
#3103=CARTESIAN_POINT('',(-59.975,-5.025,17.));
#3104=CARTESIAN_POINT('Origin',(-60.475,-5.025,17.));
#3105=CARTESIAN_POINT('',(-60.475,-4.525,17.));
#3106=CARTESIAN_POINT('Origin',(-60.475,-5.025,17.));
#3107=CARTESIAN_POINT('',(-60.475,-4.525,17.));
#3108=CARTESIAN_POINT('Origin',(-73.475,-4.525,17.));
#3109=CARTESIAN_POINT('',(-73.475,-4.525,17.));
#3110=CARTESIAN_POINT('',(-73.475,-4.525,17.));
#3111=CARTESIAN_POINT('',(-73.475,-4.525,17.));
#3112=CARTESIAN_POINT('Origin',(-73.475,-5.025,17.));
#3113=CARTESIAN_POINT('Origin',(-73.475,-5.025,17.));
#3114=CARTESIAN_POINT('Origin',(-35.875,-18.025,17.));
#3115=CARTESIAN_POINT('',(-35.875,-18.025,17.));
#3116=CARTESIAN_POINT('',(-35.875,-5.025,17.));
#3117=CARTESIAN_POINT('',(-35.875,-5.025,17.));
#3118=CARTESIAN_POINT('',(-35.875,-5.025,17.));
#3119=CARTESIAN_POINT('',(-35.875,-18.025,17.));
#3120=CARTESIAN_POINT('Origin',(-35.375,-18.025,17.));
#3121=CARTESIAN_POINT('',(-35.375,-18.525,17.));
#3122=CARTESIAN_POINT('Origin',(-35.375,-18.025,17.));
#3123=CARTESIAN_POINT('',(-35.375,-18.525,17.));
#3124=CARTESIAN_POINT('Origin',(-22.375,-18.525,17.));
#3125=CARTESIAN_POINT('',(-22.375,-18.525,17.));
#3126=CARTESIAN_POINT('',(-35.375,-18.525,17.));
#3127=CARTESIAN_POINT('',(-22.375,-18.525,17.));
#3128=CARTESIAN_POINT('Origin',(-22.375,-18.025,17.));
#3129=CARTESIAN_POINT('',(-21.875,-18.025,17.));
#3130=CARTESIAN_POINT('Origin',(-22.375,-18.025,17.));
#3131=CARTESIAN_POINT('',(-21.875,-18.025,17.));
#3132=CARTESIAN_POINT('Origin',(-21.875,-5.025,17.));
#3133=CARTESIAN_POINT('',(-21.875,-5.025,17.));
#3134=CARTESIAN_POINT('',(-21.875,-5.025,17.));
#3135=CARTESIAN_POINT('',(-21.875,-5.025,17.));
#3136=CARTESIAN_POINT('Origin',(-22.375,-5.025,17.));
#3137=CARTESIAN_POINT('',(-22.375,-4.525,17.));
#3138=CARTESIAN_POINT('Origin',(-22.375,-5.025,17.));
#3139=CARTESIAN_POINT('',(-22.375,-4.525,17.));
#3140=CARTESIAN_POINT('Origin',(-35.375,-4.525,17.));
#3141=CARTESIAN_POINT('',(-35.375,-4.525,17.));
#3142=CARTESIAN_POINT('',(-35.375,-4.525,17.));
#3143=CARTESIAN_POINT('',(-35.375,-4.525,17.));
#3144=CARTESIAN_POINT('Origin',(-35.375,-5.025,17.));
#3145=CARTESIAN_POINT('Origin',(-35.375,-5.025,17.));
#3146=CARTESIAN_POINT('Origin',(-16.825,-18.025,17.));
#3147=CARTESIAN_POINT('',(-16.825,-18.025,17.));
#3148=CARTESIAN_POINT('',(-16.825,-5.025,17.));
#3149=CARTESIAN_POINT('',(-16.825,-5.025,17.));
#3150=CARTESIAN_POINT('',(-16.825,-5.025,17.));
#3151=CARTESIAN_POINT('',(-16.825,-18.025,17.));
#3152=CARTESIAN_POINT('Origin',(-16.325,-18.025,17.));
#3153=CARTESIAN_POINT('',(-16.325,-18.525,17.));
#3154=CARTESIAN_POINT('Origin',(-16.325,-18.025,17.));
#3155=CARTESIAN_POINT('',(-16.325,-18.525,17.));
#3156=CARTESIAN_POINT('Origin',(-3.325,-18.525,17.));
#3157=CARTESIAN_POINT('',(-3.325,-18.525,17.));
#3158=CARTESIAN_POINT('',(-16.325,-18.525,17.));
#3159=CARTESIAN_POINT('',(-3.325,-18.525,17.));
#3160=CARTESIAN_POINT('Origin',(-3.325,-18.025,17.));
#3161=CARTESIAN_POINT('',(-2.82500000000001,-18.025,17.));
#3162=CARTESIAN_POINT('Origin',(-3.325,-18.025,17.));
#3163=CARTESIAN_POINT('',(-2.82500000000001,-18.025,17.));
#3164=CARTESIAN_POINT('Origin',(-2.82500000000001,-5.025,17.));
#3165=CARTESIAN_POINT('',(-2.82500000000001,-5.025,17.));
#3166=CARTESIAN_POINT('',(-2.82500000000001,-5.025,17.));
#3167=CARTESIAN_POINT('',(-2.82500000000001,-5.025,17.));
#3168=CARTESIAN_POINT('Origin',(-3.325,-5.025,17.));
#3169=CARTESIAN_POINT('',(-3.325,-4.525,17.));
#3170=CARTESIAN_POINT('Origin',(-3.325,-5.025,17.));
#3171=CARTESIAN_POINT('',(-3.325,-4.525,17.));
#3172=CARTESIAN_POINT('Origin',(-16.325,-4.525,17.));
#3173=CARTESIAN_POINT('',(-16.325,-4.525,17.));
#3174=CARTESIAN_POINT('',(-16.325,-4.525,17.));
#3175=CARTESIAN_POINT('',(-16.325,-4.525,17.));
#3176=CARTESIAN_POINT('Origin',(-16.325,-5.025,17.));
#3177=CARTESIAN_POINT('Origin',(-16.325,-5.025,17.));
#3178=CARTESIAN_POINT('Origin',(-35.875,-37.075,17.));
#3179=CARTESIAN_POINT('',(-35.875,-37.075,17.));
#3180=CARTESIAN_POINT('',(-35.875,-24.075,17.));
#3181=CARTESIAN_POINT('',(-35.875,-24.075,17.));
#3182=CARTESIAN_POINT('',(-35.875,-24.075,17.));
#3183=CARTESIAN_POINT('',(-35.875,-37.075,17.));
#3184=CARTESIAN_POINT('Origin',(-35.375,-37.075,17.));
#3185=CARTESIAN_POINT('',(-35.375,-37.575,17.));
#3186=CARTESIAN_POINT('Origin',(-35.375,-37.075,17.));
#3187=CARTESIAN_POINT('',(-35.375,-37.575,17.));
#3188=CARTESIAN_POINT('Origin',(-22.375,-37.575,17.));
#3189=CARTESIAN_POINT('',(-22.375,-37.575,17.));
#3190=CARTESIAN_POINT('',(-35.375,-37.575,17.));
#3191=CARTESIAN_POINT('',(-22.375,-37.575,17.));
#3192=CARTESIAN_POINT('Origin',(-22.375,-37.075,17.));
#3193=CARTESIAN_POINT('',(-21.875,-37.075,17.));
#3194=CARTESIAN_POINT('Origin',(-22.375,-37.075,17.));
#3195=CARTESIAN_POINT('',(-21.875,-37.075,17.));
#3196=CARTESIAN_POINT('Origin',(-21.875,-24.075,17.));
#3197=CARTESIAN_POINT('',(-21.875,-24.075,17.));
#3198=CARTESIAN_POINT('',(-21.875,-24.075,17.));
#3199=CARTESIAN_POINT('',(-21.875,-24.075,17.));
#3200=CARTESIAN_POINT('Origin',(-22.375,-24.075,17.));
#3201=CARTESIAN_POINT('',(-22.375,-23.575,17.));
#3202=CARTESIAN_POINT('Origin',(-22.375,-24.075,17.));
#3203=CARTESIAN_POINT('',(-22.375,-23.575,17.));
#3204=CARTESIAN_POINT('Origin',(-35.375,-23.575,17.));
#3205=CARTESIAN_POINT('',(-35.375,-23.575,17.));
#3206=CARTESIAN_POINT('',(-35.375,-23.575,17.));
#3207=CARTESIAN_POINT('',(-35.375,-23.575,17.));
#3208=CARTESIAN_POINT('Origin',(-35.375,-24.075,17.));
#3209=CARTESIAN_POINT('Origin',(-35.375,-24.075,17.));
#3210=CARTESIAN_POINT('Origin',(-54.925,-18.025,17.));
#3211=CARTESIAN_POINT('',(-54.925,-18.025,17.));
#3212=CARTESIAN_POINT('',(-54.925,-5.025,17.));
#3213=CARTESIAN_POINT('',(-54.925,-5.025,17.));
#3214=CARTESIAN_POINT('',(-54.925,-5.025,17.));
#3215=CARTESIAN_POINT('',(-54.925,-18.025,17.));
#3216=CARTESIAN_POINT('Origin',(-54.425,-18.025,17.));
#3217=CARTESIAN_POINT('',(-54.425,-18.525,17.));
#3218=CARTESIAN_POINT('Origin',(-54.425,-18.025,17.));
#3219=CARTESIAN_POINT('',(-54.425,-18.525,17.));
#3220=CARTESIAN_POINT('Origin',(-41.425,-18.525,17.));
#3221=CARTESIAN_POINT('',(-41.425,-18.525,17.));
#3222=CARTESIAN_POINT('',(-54.425,-18.525,17.));
#3223=CARTESIAN_POINT('',(-41.425,-18.525,17.));
#3224=CARTESIAN_POINT('Origin',(-41.425,-18.025,17.));
#3225=CARTESIAN_POINT('',(-40.925,-18.025,17.));
#3226=CARTESIAN_POINT('Origin',(-41.425,-18.025,17.));
#3227=CARTESIAN_POINT('',(-40.925,-18.025,17.));
#3228=CARTESIAN_POINT('Origin',(-40.925,-5.025,17.));
#3229=CARTESIAN_POINT('',(-40.925,-5.025,17.));
#3230=CARTESIAN_POINT('',(-40.925,-5.025,17.));
#3231=CARTESIAN_POINT('',(-40.925,-5.025,17.));
#3232=CARTESIAN_POINT('Origin',(-41.425,-5.025,17.));
#3233=CARTESIAN_POINT('',(-41.425,-4.52499999999999,17.));
#3234=CARTESIAN_POINT('Origin',(-41.425,-5.025,17.));
#3235=CARTESIAN_POINT('',(-41.425,-4.52499999999999,17.));
#3236=CARTESIAN_POINT('Origin',(-54.425,-4.525,17.));
#3237=CARTESIAN_POINT('',(-54.425,-4.525,17.));
#3238=CARTESIAN_POINT('',(-54.425,-4.525,17.));
#3239=CARTESIAN_POINT('',(-54.425,-4.525,17.));
#3240=CARTESIAN_POINT('Origin',(-54.425,-5.025,17.));
#3241=CARTESIAN_POINT('Origin',(-54.425,-5.025,17.));
#3242=CARTESIAN_POINT('Origin',(-73.975,-37.075,17.));
#3243=CARTESIAN_POINT('',(-73.975,-37.075,17.));
#3244=CARTESIAN_POINT('',(-73.975,-24.075,17.));
#3245=CARTESIAN_POINT('',(-73.975,-24.075,17.));
#3246=CARTESIAN_POINT('',(-73.975,-24.075,17.));
#3247=CARTESIAN_POINT('',(-73.975,-37.075,17.));
#3248=CARTESIAN_POINT('Origin',(-73.475,-37.075,17.));
#3249=CARTESIAN_POINT('',(-73.475,-37.575,17.));
#3250=CARTESIAN_POINT('Origin',(-73.475,-37.075,17.));
#3251=CARTESIAN_POINT('',(-73.475,-37.575,17.));
#3252=CARTESIAN_POINT('Origin',(-60.475,-37.575,17.));
#3253=CARTESIAN_POINT('',(-60.475,-37.575,17.));
#3254=CARTESIAN_POINT('',(-73.475,-37.575,17.));
#3255=CARTESIAN_POINT('',(-60.475,-37.575,17.));
#3256=CARTESIAN_POINT('Origin',(-60.475,-37.075,17.));
#3257=CARTESIAN_POINT('',(-59.975,-37.075,17.));
#3258=CARTESIAN_POINT('Origin',(-60.475,-37.075,17.));
#3259=CARTESIAN_POINT('',(-59.975,-37.075,17.));
#3260=CARTESIAN_POINT('Origin',(-59.975,-24.075,17.));
#3261=CARTESIAN_POINT('',(-59.975,-24.075,17.));
#3262=CARTESIAN_POINT('',(-59.975,-24.075,17.));
#3263=CARTESIAN_POINT('',(-59.975,-24.075,17.));
#3264=CARTESIAN_POINT('Origin',(-60.475,-24.075,17.));
#3265=CARTESIAN_POINT('',(-60.475,-23.575,17.));
#3266=CARTESIAN_POINT('Origin',(-60.475,-24.075,17.));
#3267=CARTESIAN_POINT('',(-60.475,-23.575,17.));
#3268=CARTESIAN_POINT('Origin',(-73.475,-23.575,17.));
#3269=CARTESIAN_POINT('',(-73.475,-23.575,17.));
#3270=CARTESIAN_POINT('',(-73.475,-23.575,17.));
#3271=CARTESIAN_POINT('',(-73.475,-23.575,17.));
#3272=CARTESIAN_POINT('Origin',(-73.475,-24.075,17.));
#3273=CARTESIAN_POINT('Origin',(-73.475,-24.075,17.));
#3274=CARTESIAN_POINT('Origin',(-38.4,-21.05,17.));
#3275=UNCERTAINTY_MEASURE_WITH_UNIT(LENGTH_MEASURE(0.01),#3279,
'DISTANCE_ACCURACY_VALUE',
'Maximum model space distance between geometric entities at asserted c
onnectivities');
#3276=UNCERTAINTY_MEASURE_WITH_UNIT(LENGTH_MEASURE(0.01),#3279,
'DISTANCE_ACCURACY_VALUE',
'Maximum model space distance between geometric entities at asserted c
onnectivities');
#3277=(
GEOMETRIC_REPRESENTATION_CONTEXT(3)
GLOBAL_UNCERTAINTY_ASSIGNED_CONTEXT((#3275))
GLOBAL_UNIT_ASSIGNED_CONTEXT((#3279,#3281,#3282))
REPRESENTATION_CONTEXT('','3D')
);
#3278=(
GEOMETRIC_REPRESENTATION_CONTEXT(3)
GLOBAL_UNCERTAINTY_ASSIGNED_CONTEXT((#3276))
GLOBAL_UNIT_ASSIGNED_CONTEXT((#3279,#3281,#3282))
REPRESENTATION_CONTEXT('','3D')
);
#3279=(
LENGTH_UNIT()
NAMED_UNIT(*)
SI_UNIT(.MILLI.,.METRE.)
);
#3280=(
LENGTH_UNIT()
NAMED_UNIT(*)
SI_UNIT($,.METRE.)
);
#3281=(
NAMED_UNIT(*)
PLANE_ANGLE_UNIT()
SI_UNIT($,.RADIAN.)
);
#3282=(
NAMED_UNIT(*)
SI_UNIT($,.STERADIAN.)
SOLID_ANGLE_UNIT()
);
#3283=SHAPE_DEFINITION_REPRESENTATION(#3284,#3285);
#3284=PRODUCT_DEFINITION_SHAPE('',$,#3287);
#3285=SHAPE_REPRESENTATION('',(#1951),#3277);
#3286=PRODUCT_DEFINITION_CONTEXT('part definition',#3291,'design');
#3287=PRODUCT_DEFINITION('2026-07-09-19-41-59-376','XacPAD v2 case',#3288,
#3286);
#3288=PRODUCT_DEFINITION_FORMATION('',$,#3293);
#3289=PRODUCT_RELATED_PRODUCT_CATEGORY('XacPAD v2 case',
'XacPAD v2 case',(#3293));
#3290=APPLICATION_PROTOCOL_DEFINITION('international standard',
'automotive_design',2009,#3291);
#3291=APPLICATION_CONTEXT(
'Core Data for Automotive Mechanical Design Process');
#3292=PRODUCT_CONTEXT('part definition',#3291,'mechanical');
#3293=PRODUCT('2026-07-09-19-41-59-376','XacPAD v2 case',$,(#3292));
#3294=PRESENTATION_STYLE_ASSIGNMENT((#3295));
#3295=SURFACE_STYLE_USAGE(.BOTH.,#3296);
#3296=SURFACE_SIDE_STYLE('',(#3297));
#3297=SURFACE_STYLE_FILL_AREA(#3298);
#3298=FILL_AREA_STYLE('Acero - Satinado',(#3299));
#3299=FILL_AREA_STYLE_COLOUR('Acero - Satinado',#3300);
#3300=COLOUR_RGB('Acero - Satinado',0.627450980392157,0.627450980392157,
0.627450980392157);
ENDSEC;
END-ISO-10303-21;
