ISO-10303-21;
HEADER;
/* Generated by software containing ST-Developer
 * from STEP Tools, Inc. (www.steptools.com) 
 */

FILE_DESCRIPTION(
/* description */ (''),
/* implementation_level */ '2;1');

FILE_NAME(
/* name */ 'XacPAD v2 case + PCB.step',
/* time_stamp */ '2026-08-18T18:40:50+02:00',
/* author */ (''),
/* organization */ (''),
/* preprocessor_version */ 'ST-DEVELOPER v20.1',
/* originating_system */ 'Autodesk Translation Framework v15.8.0.0',
/* authorisation */ '');

FILE_SCHEMA (('AUTOMOTIVE_DESIGN { 1 0 10303 214 3 1 1 }'));
ENDSEC;

DATA;
#10=MECHANICAL_DESIGN_GEOMETRIC_PRESENTATION_REPRESENTATION('',(#13,#14),
#3875);
#11=SHAPE_REPRESENTATION_RELATIONSHIP('SRR','None',#3882,#12);
#12=ADVANCED_BREP_SHAPE_REPRESENTATION('',(#15,#16),#3874);
#13=STYLED_ITEM('',(#3891),#15);
#14=STYLED_ITEM('',(#3891),#16);
#15=MANIFOLD_SOLID_BREP('Cuerpo1',#2304);
#16=MANIFOLD_SOLID_BREP('Cuerpo2',#2305);
#17=FACE_BOUND('',#328,.T.);
#18=FACE_BOUND('',#345,.T.);
#19=FACE_BOUND('',#346,.T.);
#20=FACE_BOUND('',#347,.T.);
#21=FACE_BOUND('',#348,.T.);
#22=FACE_BOUND('',#349,.T.);
#23=FACE_BOUND('',#350,.T.);
#24=FACE_BOUND('',#351,.T.);
#25=FACE_BOUND('',#352,.T.);
#26=FACE_BOUND('',#353,.T.);
#27=FACE_BOUND('',#354,.T.);
#28=FACE_BOUND('',#355,.T.);
#29=FACE_BOUND('',#356,.T.);
#30=FACE_BOUND('',#357,.T.);
#31=FACE_BOUND('',#358,.T.);
#32=FACE_BOUND('',#359,.T.);
#33=FACE_BOUND('',#451,.T.);
#34=FACE_BOUND('',#452,.T.);
#35=FACE_BOUND('',#453,.T.);
#36=FACE_BOUND('',#454,.T.);
#37=FACE_BOUND('',#455,.T.);
#38=FACE_BOUND('',#456,.T.);
#39=FACE_BOUND('',#457,.T.);
#40=FACE_BOUND('',#458,.T.);
#41=FACE_BOUND('',#459,.T.);
#42=FACE_BOUND('',#460,.T.);
#43=FACE_BOUND('',#461,.T.);
#44=FACE_BOUND('',#462,.T.);
#45=FACE_BOUND('',#463,.T.);
#46=FACE_BOUND('',#464,.T.);
#47=FACE_BOUND('',#465,.T.);
#48=CIRCLE('',#2325,1.);
#49=CIRCLE('',#2326,1.);
#50=CIRCLE('',#2328,1.);
#51=CIRCLE('',#2329,1.);
#52=CIRCLE('',#2330,1.);
#53=CIRCLE('',#2332,1.);
#54=CIRCLE('',#2335,1.);
#55=CIRCLE('',#2338,1.);
#56=CIRCLE('',#2347,4.);
#57=CIRCLE('',#2348,4.);
#58=CIRCLE('',#2350,1.);
#59=CIRCLE('',#2351,1.);
#60=CIRCLE('',#2354,1.);
#61=CIRCLE('',#2355,1.);
#62=CIRCLE('',#2356,1.);
#63=CIRCLE('',#2357,0.499999999999998);
#64=CIRCLE('',#2358,0.499999999999998);
#65=CIRCLE('',#2359,0.500000000000003);
#66=CIRCLE('',#2360,0.499999999999998);
#67=CIRCLE('',#2361,0.499999999999999);
#68=CIRCLE('',#2362,0.500000000000007);
#69=CIRCLE('',#2363,0.499999999999998);
#70=CIRCLE('',#2364,0.499999999999989);
#71=CIRCLE('',#2365,0.499999999999998);
#72=CIRCLE('',#2366,0.499999999999998);
#73=CIRCLE('',#2367,0.500000000000003);
#74=CIRCLE('',#2368,0.499999999999998);
#75=CIRCLE('',#2369,0.499999999999999);
#76=CIRCLE('',#2370,0.499999999999998);
#77=CIRCLE('',#2371,0.499999999999998);
#78=CIRCLE('',#2372,0.499999999999998);
#79=CIRCLE('',#2373,0.499999999999999);
#80=CIRCLE('',#2374,0.499999999999998);
#81=CIRCLE('',#2375,0.499999999999998);
#82=CIRCLE('',#2376,0.499999999999998);
#83=CIRCLE('',#2377,0.499999999999999);
#84=CIRCLE('',#2378,0.499999999999998);
#85=CIRCLE('',#2379,0.499999999999998);
#86=CIRCLE('',#2380,0.499999999999998);
#87=CIRCLE('',#2381,0.499999999999998);
#88=CIRCLE('',#2382,0.499999999999998);
#89=CIRCLE('',#2383,0.500000000000003);
#90=CIRCLE('',#2384,0.499999999999998);
#91=CIRCLE('',#2385,0.499999999999998);
#92=CIRCLE('',#2386,0.500000000000007);
#93=CIRCLE('',#2387,0.500000000000003);
#94=CIRCLE('',#2388,0.499999999999989);
#95=CIRCLE('',#2389,1.45);
#96=CIRCLE('',#2390,1.45);
#97=CIRCLE('',#2391,1.45);
#98=CIRCLE('',#2392,1.45);
#99=CIRCLE('',#2393,1.);
#100=CIRCLE('',#2394,1.);
#101=CIRCLE('',#2395,1.);
#102=CIRCLE('',#2396,1.);
#103=CIRCLE('',#2397,1.);
#104=CIRCLE('',#2398,1.);
#105=CIRCLE('',#2399,1.);
#106=CIRCLE('',#2400,1.);
#107=CIRCLE('',#2402,1.);
#108=CIRCLE('',#2405,1.);
#109=CIRCLE('',#2408,1.);
#110=CIRCLE('',#2410,1.);
#111=CIRCLE('',#2413,1.);
#112=CIRCLE('',#2416,1.);
#113=CIRCLE('',#2419,1.);
#114=CIRCLE('',#2422,1.);
#115=CIRCLE('',#2425,1.);
#116=CIRCLE('',#2428,1.);
#117=CIRCLE('',#2431,1.);
#118=CIRCLE('',#2434,1.45);
#119=CIRCLE('',#2436,1.45);
#120=CIRCLE('',#2438,1.45);
#121=CIRCLE('',#2440,1.45);
#122=CIRCLE('',#2444,0.499999999999989);
#123=CIRCLE('',#2447,0.500000000000003);
#124=CIRCLE('',#2450,0.500000000000007);
#125=CIRCLE('',#2453,0.499999999999998);
#126=CIRCLE('',#2456,0.499999999999998);
#127=CIRCLE('',#2459,0.500000000000003);
#128=CIRCLE('',#2462,0.499999999999998);
#129=CIRCLE('',#2465,0.499999999999998);
#130=CIRCLE('',#2468,0.499999999999998);
#131=CIRCLE('',#2471,0.499999999999998);
#132=CIRCLE('',#2474,0.499999999999998);
#133=CIRCLE('',#2477,0.499999999999999);
#134=CIRCLE('',#2480,0.499999999999998);
#135=CIRCLE('',#2483,0.499999999999998);
#136=CIRCLE('',#2486,0.499999999999998);
#137=CIRCLE('',#2489,0.499999999999999);
#138=CIRCLE('',#2492,0.499999999999998);
#139=CIRCLE('',#2495,0.499999999999998);
#140=CIRCLE('',#2498,0.499999999999998);
#141=CIRCLE('',#2501,0.499999999999999);
#142=CIRCLE('',#2504,0.499999999999998);
#143=CIRCLE('',#2507,0.500000000000003);
#144=CIRCLE('',#2510,0.499999999999998);
#145=CIRCLE('',#2513,0.499999999999998);
#146=CIRCLE('',#2516,0.499999999999989);
#147=CIRCLE('',#2519,0.499999999999998);
#148=CIRCLE('',#2522,0.500000000000007);
#149=CIRCLE('',#2525,0.499999999999999);
#150=CIRCLE('',#2528,0.499999999999998);
#151=CIRCLE('',#2531,0.500000000000003);
#152=CIRCLE('',#2534,0.499999999999998);
#153=CIRCLE('',#2537,0.499999999999998);
#154=CYLINDRICAL_SURFACE('',#2324,1.);
#155=CYLINDRICAL_SURFACE('',#2331,1.);
#156=CYLINDRICAL_SURFACE('',#2334,1.);
#157=CYLINDRICAL_SURFACE('',#2337,1.);
#158=CYLINDRICAL_SURFACE('',#2346,4.);
#159=CYLINDRICAL_SURFACE('',#2349,1.);
#160=CYLINDRICAL_SURFACE('',#2401,1.);
#161=CYLINDRICAL_SURFACE('',#2404,1.);
#162=CYLINDRICAL_SURFACE('',#2407,1.);
#163=CYLINDRICAL_SURFACE('',#2409,1.);
#164=CYLINDRICAL_SURFACE('',#2412,1.);
#165=CYLINDRICAL_SURFACE('',#2415,1.);
#166=CYLINDRICAL_SURFACE('',#2418,1.);
#167=CYLINDRICAL_SURFACE('',#2421,1.);
#168=CYLINDRICAL_SURFACE('',#2424,1.);
#169=CYLINDRICAL_SURFACE('',#2427,1.);
#170=CYLINDRICAL_SURFACE('',#2430,1.);
#171=CYLINDRICAL_SURFACE('',#2433,1.45);
#172=CYLINDRICAL_SURFACE('',#2435,1.45);
#173=CYLINDRICAL_SURFACE('',#2437,1.45);
#174=CYLINDRICAL_SURFACE('',#2439,1.45);
#175=CYLINDRICAL_SURFACE('',#2443,0.499999999999989);
#176=CYLINDRICAL_SURFACE('',#2446,0.500000000000003);
#177=CYLINDRICAL_SURFACE('',#2449,0.500000000000007);
#178=CYLINDRICAL_SURFACE('',#2452,0.499999999999998);
#179=CYLINDRICAL_SURFACE('',#2455,0.499999999999998);
#180=CYLINDRICAL_SURFACE('',#2458,0.500000000000003);
#181=CYLINDRICAL_SURFACE('',#2461,0.499999999999998);
#182=CYLINDRICAL_SURFACE('',#2464,0.499999999999998);
#183=CYLINDRICAL_SURFACE('',#2467,0.499999999999998);
#184=CYLINDRICAL_SURFACE('',#2470,0.499999999999998);
#185=CYLINDRICAL_SURFACE('',#2473,0.499999999999998);
#186=CYLINDRICAL_SURFACE('',#2476,0.499999999999999);
#187=CYLINDRICAL_SURFACE('',#2479,0.499999999999998);
#188=CYLINDRICAL_SURFACE('',#2482,0.499999999999998);
#189=CYLINDRICAL_SURFACE('',#2485,0.499999999999998);
#190=CYLINDRICAL_SURFACE('',#2488,0.499999999999999);
#191=CYLINDRICAL_SURFACE('',#2491,0.499999999999998);
#192=CYLINDRICAL_SURFACE('',#2494,0.499999999999998);
#193=CYLINDRICAL_SURFACE('',#2497,0.499999999999998);
#194=CYLINDRICAL_SURFACE('',#2500,0.499999999999999);
#195=CYLINDRICAL_SURFACE('',#2503,0.499999999999998);
#196=CYLINDRICAL_SURFACE('',#2506,0.500000000000003);
#197=CYLINDRICAL_SURFACE('',#2509,0.499999999999998);
#198=CYLINDRICAL_SURFACE('',#2512,0.499999999999998);
#199=CYLINDRICAL_SURFACE('',#2515,0.499999999999989);
#200=CYLINDRICAL_SURFACE('',#2518,0.499999999999998);
#201=CYLINDRICAL_SURFACE('',#2521,0.500000000000007);
#202=CYLINDRICAL_SURFACE('',#2524,0.499999999999999);
#203=CYLINDRICAL_SURFACE('',#2527,0.499999999999998);
#204=CYLINDRICAL_SURFACE('',#2530,0.500000000000003);
#205=CYLINDRICAL_SURFACE('',#2533,0.499999999999998);
#206=CYLINDRICAL_SURFACE('',#2536,0.499999999999998);
#207=FACE_OUTER_BOUND('',#321,.T.);
#208=FACE_OUTER_BOUND('',#322,.T.);
#209=FACE_OUTER_BOUND('',#323,.T.);
#210=FACE_OUTER_BOUND('',#324,.T.);
#211=FACE_OUTER_BOUND('',#325,.T.);
#212=FACE_OUTER_BOUND('',#326,.T.);
#213=FACE_OUTER_BOUND('',#327,.T.);
#214=FACE_OUTER_BOUND('',#329,.T.);
#215=FACE_OUTER_BOUND('',#330,.T.);
#216=FACE_OUTER_BOUND('',#331,.T.);
#217=FACE_OUTER_BOUND('',#332,.T.);
#218=FACE_OUTER_BOUND('',#333,.T.);
#219=FACE_OUTER_BOUND('',#334,.T.);
#220=FACE_OUTER_BOUND('',#335,.T.);
#221=FACE_OUTER_BOUND('',#336,.T.);
#222=FACE_OUTER_BOUND('',#337,.T.);
#223=FACE_OUTER_BOUND('',#338,.T.);
#224=FACE_OUTER_BOUND('',#339,.T.);
#225=FACE_OUTER_BOUND('',#340,.T.);
#226=FACE_OUTER_BOUND('',#341,.T.);
#227=FACE_OUTER_BOUND('',#342,.T.);
#228=FACE_OUTER_BOUND('',#343,.T.);
#229=FACE_OUTER_BOUND('',#344,.T.);
#230=FACE_OUTER_BOUND('',#360,.T.);
#231=FACE_OUTER_BOUND('',#361,.T.);
#232=FACE_OUTER_BOUND('',#362,.T.);
#233=FACE_OUTER_BOUND('',#363,.T.);
#234=FACE_OUTER_BOUND('',#364,.T.);
#235=FACE_OUTER_BOUND('',#365,.T.);
#236=FACE_OUTER_BOUND('',#366,.T.);
#237=FACE_OUTER_BOUND('',#367,.T.);
#238=FACE_OUTER_BOUND('',#368,.T.);
#239=FACE_OUTER_BOUND('',#369,.T.);
#240=FACE_OUTER_BOUND('',#370,.T.);
#241=FACE_OUTER_BOUND('',#371,.T.);
#242=FACE_OUTER_BOUND('',#372,.T.);
#243=FACE_OUTER_BOUND('',#373,.T.);
#244=FACE_OUTER_BOUND('',#374,.T.);
#245=FACE_OUTER_BOUND('',#375,.T.);
#246=FACE_OUTER_BOUND('',#376,.T.);
#247=FACE_OUTER_BOUND('',#377,.T.);
#248=FACE_OUTER_BOUND('',#378,.T.);
#249=FACE_OUTER_BOUND('',#379,.T.);
#250=FACE_OUTER_BOUND('',#380,.T.);
#251=FACE_OUTER_BOUND('',#381,.T.);
#252=FACE_OUTER_BOUND('',#382,.T.);
#253=FACE_OUTER_BOUND('',#383,.T.);
#254=FACE_OUTER_BOUND('',#384,.T.);
#255=FACE_OUTER_BOUND('',#385,.T.);
#256=FACE_OUTER_BOUND('',#386,.T.);
#257=FACE_OUTER_BOUND('',#387,.T.);
#258=FACE_OUTER_BOUND('',#388,.T.);
#259=FACE_OUTER_BOUND('',#389,.T.);
#260=FACE_OUTER_BOUND('',#390,.T.);
#261=FACE_OUTER_BOUND('',#391,.T.);
#262=FACE_OUTER_BOUND('',#392,.T.);
#263=FACE_OUTER_BOUND('',#393,.T.);
#264=FACE_OUTER_BOUND('',#394,.T.);
#265=FACE_OUTER_BOUND('',#395,.T.);
#266=FACE_OUTER_BOUND('',#396,.T.);
#267=FACE_OUTER_BOUND('',#397,.T.);
#268=FACE_OUTER_BOUND('',#398,.T.);
#269=FACE_OUTER_BOUND('',#399,.T.);
#270=FACE_OUTER_BOUND('',#400,.T.);
#271=FACE_OUTER_BOUND('',#401,.T.);
#272=FACE_OUTER_BOUND('',#402,.T.);
#273=FACE_OUTER_BOUND('',#403,.T.);
#274=FACE_OUTER_BOUND('',#404,.T.);
#275=FACE_OUTER_BOUND('',#405,.T.);
#276=FACE_OUTER_BOUND('',#406,.T.);
#277=FACE_OUTER_BOUND('',#407,.T.);
#278=FACE_OUTER_BOUND('',#408,.T.);
#279=FACE_OUTER_BOUND('',#409,.T.);
#280=FACE_OUTER_BOUND('',#410,.T.);
#281=FACE_OUTER_BOUND('',#411,.T.);
#282=FACE_OUTER_BOUND('',#412,.T.);
#283=FACE_OUTER_BOUND('',#413,.T.);
#284=FACE_OUTER_BOUND('',#414,.T.);
#285=FACE_OUTER_BOUND('',#415,.T.);
#286=FACE_OUTER_BOUND('',#416,.T.);
#287=FACE_OUTER_BOUND('',#417,.T.);
#288=FACE_OUTER_BOUND('',#418,.T.);
#289=FACE_OUTER_BOUND('',#419,.T.);
#290=FACE_OUTER_BOUND('',#420,.T.);
#291=FACE_OUTER_BOUND('',#421,.T.);
#292=FACE_OUTER_BOUND('',#422,.T.);
#293=FACE_OUTER_BOUND('',#423,.T.);
#294=FACE_OUTER_BOUND('',#424,.T.);
#295=FACE_OUTER_BOUND('',#425,.T.);
#296=FACE_OUTER_BOUND('',#426,.T.);
#297=FACE_OUTER_BOUND('',#427,.T.);
#298=FACE_OUTER_BOUND('',#428,.T.);
#299=FACE_OUTER_BOUND('',#429,.T.);
#300=FACE_OUTER_BOUND('',#430,.T.);
#301=FACE_OUTER_BOUND('',#431,.T.);
#302=FACE_OUTER_BOUND('',#432,.T.);
#303=FACE_OUTER_BOUND('',#433,.T.);
#304=FACE_OUTER_BOUND('',#434,.T.);
#305=FACE_OUTER_BOUND('',#435,.T.);
#306=FACE_OUTER_BOUND('',#436,.T.);
#307=FACE_OUTER_BOUND('',#437,.T.);
#308=FACE_OUTER_BOUND('',#438,.T.);
#309=FACE_OUTER_BOUND('',#439,.T.);
#310=FACE_OUTER_BOUND('',#440,.T.);
#311=FACE_OUTER_BOUND('',#441,.T.);
#312=FACE_OUTER_BOUND('',#442,.T.);
#313=FACE_OUTER_BOUND('',#443,.T.);
#314=FACE_OUTER_BOUND('',#444,.T.);
#315=FACE_OUTER_BOUND('',#445,.T.);
#316=FACE_OUTER_BOUND('',#446,.T.);
#317=FACE_OUTER_BOUND('',#447,.T.);
#318=FACE_OUTER_BOUND('',#448,.T.);
#319=FACE_OUTER_BOUND('',#449,.T.);
#320=FACE_OUTER_BOUND('',#450,.T.);
#321=EDGE_LOOP('',(#1467,#1468,#1469,#1470));
#322=EDGE_LOOP('',(#1471,#1472,#1473,#1474,#1475));
#323=EDGE_LOOP('',(#1476,#1477,#1478,#1479));
#324=EDGE_LOOP('',(#1480,#1481,#1482,#1483,#1484));
#325=EDGE_LOOP('',(#1485,#1486,#1487,#1488,#1489,#1490,#1491,#1492));
#326=EDGE_LOOP('',(#1493,#1494,#1495,#1496));
#327=EDGE_LOOP('',(#1497,#1498,#1499,#1500,#1501,#1502,#1503,#1504));
#328=EDGE_LOOP('',(#1505,#1506,#1507,#1508));
#329=EDGE_LOOP('',(#1509,#1510,#1511,#1512));
#330=EDGE_LOOP('',(#1513,#1514,#1515,#1516));
#331=EDGE_LOOP('',(#1517,#1518,#1519,#1520));
#332=EDGE_LOOP('',(#1521,#1522,#1523,#1524));
#333=EDGE_LOOP('',(#1525,#1526,#1527,#1528));
#334=EDGE_LOOP('',(#1529,#1530,#1531,#1532));
#335=EDGE_LOOP('',(#1533,#1534,#1535,#1536,#1537,#1538,#1539,#1540));
#336=EDGE_LOOP('',(#1541,#1542,#1543,#1544));
#337=EDGE_LOOP('',(#1545,#1546,#1547,#1548));
#338=EDGE_LOOP('',(#1549,#1550,#1551,#1552));
#339=EDGE_LOOP('',(#1553,#1554,#1555,#1556,#1557,#1558));
#340=EDGE_LOOP('',(#1559,#1560,#1561,#1562,#1563,#1564,#1565,#1566,#1567,
#1568,#1569,#1570));
#341=EDGE_LOOP('',(#1571,#1572,#1573,#1574));
#342=EDGE_LOOP('',(#1575,#1576,#1577,#1578));
#343=EDGE_LOOP('',(#1579,#1580,#1581,#1582));
#344=EDGE_LOOP('',(#1583,#1584,#1585,#1586,#1587,#1588,#1589,#1590));
#345=EDGE_LOOP('',(#1591,#1592,#1593,#1594,#1595,#1596,#1597,#1598));
#346=EDGE_LOOP('',(#1599,#1600,#1601,#1602,#1603,#1604,#1605,#1606));
#347=EDGE_LOOP('',(#1607,#1608,#1609,#1610,#1611,#1612,#1613,#1614));
#348=EDGE_LOOP('',(#1615,#1616,#1617,#1618,#1619,#1620,#1621,#1622));
#349=EDGE_LOOP('',(#1623,#1624,#1625,#1626,#1627,#1628,#1629,#1630));
#350=EDGE_LOOP('',(#1631,#1632,#1633,#1634,#1635,#1636,#1637,#1638));
#351=EDGE_LOOP('',(#1639,#1640,#1641,#1642,#1643,#1644,#1645,#1646));
#352=EDGE_LOOP('',(#1647,#1648,#1649,#1650,#1651,#1652,#1653,#1654));
#353=EDGE_LOOP('',(#1655));
#354=EDGE_LOOP('',(#1656));
#355=EDGE_LOOP('',(#1657));
#356=EDGE_LOOP('',(#1658));
#357=EDGE_LOOP('',(#1659,#1660,#1661,#1662,#1663,#1664,#1665,#1666));
#358=EDGE_LOOP('',(#1667,#1668,#1669,#1670,#1671,#1672,#1673,#1674));
#359=EDGE_LOOP('',(#1675));
#360=EDGE_LOOP('',(#1676,#1677,#1678,#1679));
#361=EDGE_LOOP('',(#1680,#1681,#1682,#1683));
#362=EDGE_LOOP('',(#1684,#1685,#1686,#1687));
#363=EDGE_LOOP('',(#1688,#1689,#1690,#1691));
#364=EDGE_LOOP('',(#1692,#1693,#1694,#1695));
#365=EDGE_LOOP('',(#1696,#1697,#1698,#1699));
#366=EDGE_LOOP('',(#1700,#1701,#1702,#1703));
#367=EDGE_LOOP('',(#1704,#1705,#1706,#1707));
#368=EDGE_LOOP('',(#1708,#1709,#1710,#1711));
#369=EDGE_LOOP('',(#1712,#1713,#1714,#1715));
#370=EDGE_LOOP('',(#1716,#1717,#1718,#1719));
#371=EDGE_LOOP('',(#1720,#1721,#1722,#1723));
#372=EDGE_LOOP('',(#1724,#1725,#1726,#1727));
#373=EDGE_LOOP('',(#1728,#1729,#1730,#1731));
#374=EDGE_LOOP('',(#1732,#1733,#1734,#1735));
#375=EDGE_LOOP('',(#1736,#1737,#1738,#1739));
#376=EDGE_LOOP('',(#1740,#1741,#1742,#1743));
#377=EDGE_LOOP('',(#1744,#1745,#1746,#1747));
#378=EDGE_LOOP('',(#1748,#1749,#1750,#1751));
#379=EDGE_LOOP('',(#1752,#1753,#1754,#1755));
#380=EDGE_LOOP('',(#1756,#1757,#1758,#1759));
#381=EDGE_LOOP('',(#1760,#1761,#1762,#1763));
#382=EDGE_LOOP('',(#1764,#1765,#1766,#1767));
#383=EDGE_LOOP('',(#1768,#1769,#1770,#1771));
#384=EDGE_LOOP('',(#1772,#1773,#1774,#1775));
#385=EDGE_LOOP('',(#1776,#1777,#1778,#1779));
#386=EDGE_LOOP('',(#1780,#1781,#1782,#1783));
#387=EDGE_LOOP('',(#1784,#1785,#1786,#1787));
#388=EDGE_LOOP('',(#1788,#1789,#1790,#1791));
#389=EDGE_LOOP('',(#1792,#1793,#1794,#1795));
#390=EDGE_LOOP('',(#1796,#1797,#1798,#1799));
#391=EDGE_LOOP('',(#1800,#1801,#1802,#1803));
#392=EDGE_LOOP('',(#1804,#1805,#1806,#1807));
#393=EDGE_LOOP('',(#1808,#1809,#1810,#1811));
#394=EDGE_LOOP('',(#1812,#1813,#1814,#1815));
#395=EDGE_LOOP('',(#1816,#1817,#1818,#1819));
#396=EDGE_LOOP('',(#1820,#1821,#1822,#1823));
#397=EDGE_LOOP('',(#1824,#1825,#1826,#1827));
#398=EDGE_LOOP('',(#1828,#1829,#1830,#1831));
#399=EDGE_LOOP('',(#1832,#1833,#1834,#1835));
#400=EDGE_LOOP('',(#1836,#1837,#1838,#1839));
#401=EDGE_LOOP('',(#1840,#1841,#1842,#1843));
#402=EDGE_LOOP('',(#1844,#1845,#1846,#1847));
#403=EDGE_LOOP('',(#1848,#1849,#1850,#1851));
#404=EDGE_LOOP('',(#1852,#1853,#1854,#1855));
#405=EDGE_LOOP('',(#1856,#1857,#1858,#1859));
#406=EDGE_LOOP('',(#1860,#1861,#1862,#1863));
#407=EDGE_LOOP('',(#1864,#1865,#1866,#1867));
#408=EDGE_LOOP('',(#1868,#1869,#1870,#1871));
#409=EDGE_LOOP('',(#1872,#1873,#1874,#1875));
#410=EDGE_LOOP('',(#1876,#1877,#1878,#1879));
#411=EDGE_LOOP('',(#1880,#1881,#1882,#1883));
#412=EDGE_LOOP('',(#1884,#1885,#1886,#1887));
#413=EDGE_LOOP('',(#1888,#1889,#1890,#1891));
#414=EDGE_LOOP('',(#1892,#1893,#1894,#1895));
#415=EDGE_LOOP('',(#1896,#1897,#1898,#1899));
#416=EDGE_LOOP('',(#1900,#1901,#1902,#1903));
#417=EDGE_LOOP('',(#1904,#1905,#1906,#1907));
#418=EDGE_LOOP('',(#1908,#1909,#1910,#1911));
#419=EDGE_LOOP('',(#1912,#1913,#1914,#1915));
#420=EDGE_LOOP('',(#1916,#1917,#1918,#1919));
#421=EDGE_LOOP('',(#1920,#1921,#1922,#1923));
#422=EDGE_LOOP('',(#1924,#1925,#1926,#1927));
#423=EDGE_LOOP('',(#1928,#1929,#1930,#1931));
#424=EDGE_LOOP('',(#1932,#1933,#1934,#1935));
#425=EDGE_LOOP('',(#1936,#1937,#1938,#1939));
#426=EDGE_LOOP('',(#1940,#1941,#1942,#1943));
#427=EDGE_LOOP('',(#1944,#1945,#1946,#1947));
#428=EDGE_LOOP('',(#1948,#1949,#1950,#1951));
#429=EDGE_LOOP('',(#1952,#1953,#1954,#1955));
#430=EDGE_LOOP('',(#1956,#1957,#1958,#1959));
#431=EDGE_LOOP('',(#1960,#1961,#1962,#1963));
#432=EDGE_LOOP('',(#1964,#1965,#1966,#1967));
#433=EDGE_LOOP('',(#1968,#1969,#1970,#1971));
#434=EDGE_LOOP('',(#1972,#1973,#1974,#1975));
#435=EDGE_LOOP('',(#1976,#1977,#1978,#1979));
#436=EDGE_LOOP('',(#1980,#1981,#1982,#1983));
#437=EDGE_LOOP('',(#1984,#1985,#1986,#1987));
#438=EDGE_LOOP('',(#1988,#1989,#1990,#1991));
#439=EDGE_LOOP('',(#1992,#1993,#1994,#1995));
#440=EDGE_LOOP('',(#1996,#1997,#1998,#1999));
#441=EDGE_LOOP('',(#2000,#2001,#2002,#2003));
#442=EDGE_LOOP('',(#2004,#2005,#2006,#2007));
#443=EDGE_LOOP('',(#2008,#2009,#2010,#2011));
#444=EDGE_LOOP('',(#2012,#2013,#2014,#2015));
#445=EDGE_LOOP('',(#2016,#2017,#2018,#2019));
#446=EDGE_LOOP('',(#2020,#2021,#2022,#2023));
#447=EDGE_LOOP('',(#2024,#2025,#2026,#2027));
#448=EDGE_LOOP('',(#2028,#2029,#2030,#2031));
#449=EDGE_LOOP('',(#2032,#2033,#2034,#2035));
#450=EDGE_LOOP('',(#2036,#2037,#2038,#2039,#2040,#2041,#2042,#2043));
#451=EDGE_LOOP('',(#2044,#2045,#2046,#2047,#2048,#2049,#2050,#2051));
#452=EDGE_LOOP('',(#2052,#2053,#2054,#2055,#2056,#2057,#2058,#2059));
#453=EDGE_LOOP('',(#2060,#2061,#2062,#2063,#2064,#2065,#2066,#2067));
#454=EDGE_LOOP('',(#2068,#2069,#2070,#2071,#2072,#2073,#2074,#2075));
#455=EDGE_LOOP('',(#2076,#2077,#2078,#2079,#2080,#2081,#2082,#2083));
#456=EDGE_LOOP('',(#2084,#2085,#2086,#2087,#2088,#2089,#2090,#2091));
#457=EDGE_LOOP('',(#2092,#2093,#2094,#2095,#2096,#2097,#2098,#2099));
#458=EDGE_LOOP('',(#2100,#2101,#2102,#2103,#2104,#2105,#2106,#2107));
#459=EDGE_LOOP('',(#2108));
#460=EDGE_LOOP('',(#2109));
#461=EDGE_LOOP('',(#2110));
#462=EDGE_LOOP('',(#2111));
#463=EDGE_LOOP('',(#2112,#2113,#2114,#2115,#2116,#2117,#2118,#2119));
#464=EDGE_LOOP('',(#2120,#2121,#2122,#2123,#2124,#2125,#2126,#2127));
#465=EDGE_LOOP('',(#2128));
#466=LINE('',#3210,#691);
#467=LINE('',#3212,#692);
#468=LINE('',#3214,#693);
#469=LINE('',#3215,#694);
#470=LINE('',#3219,#695);
#471=LINE('',#3221,#696);
#472=LINE('',#3222,#697);
#473=LINE('',#3223,#698);
#474=LINE('',#3226,#699);
#475=LINE('',#3228,#700);
#476=LINE('',#3229,#701);
#477=LINE('',#3232,#702);
#478=LINE('',#3233,#703);
#479=LINE('',#3234,#704);
#480=LINE('',#3237,#705);
#481=LINE('',#3239,#706);
#482=LINE('',#3241,#707);
#483=LINE('',#3243,#708);
#484=LINE('',#3244,#709);
#485=LINE('',#3250,#710);
#486=LINE('',#3253,#711);
#487=LINE('',#3257,#712);
#488=LINE('',#3261,#713);
#489=LINE('',#3265,#714);
#490=LINE('',#3267,#715);
#491=LINE('',#3269,#716);
#492=LINE('',#3270,#717);
#493=LINE('',#3273,#718);
#494=LINE('',#3277,#719);
#495=LINE('',#3278,#720);
#496=LINE('',#3281,#721);
#497=LINE('',#3285,#722);
#498=LINE('',#3286,#723);
#499=LINE('',#3289,#724);
#500=LINE('',#3292,#725);
#501=LINE('',#3295,#726);
#502=LINE('',#3296,#727);
#503=LINE('',#3298,#728);
#504=LINE('',#3299,#729);
#505=LINE('',#3302,#730);
#506=LINE('',#3303,#731);
#507=LINE('',#3306,#732);
#508=LINE('',#3307,#733);
#509=LINE('',#3309,#734);
#510=LINE('',#3316,#735);
#511=LINE('',#3323,#736);
#512=LINE('',#3326,#737);
#513=LINE('',#3329,#738);
#514=LINE('',#3331,#739);
#515=LINE('',#3332,#740);
#516=LINE('',#3335,#741);
#517=LINE('',#3339,#742);
#518=LINE('',#3343,#743);
#519=LINE('',#3349,#744);
#520=LINE('',#3353,#745);
#521=LINE('',#3357,#746);
#522=LINE('',#3360,#747);
#523=LINE('',#3365,#748);
#524=LINE('',#3369,#749);
#525=LINE('',#3373,#750);
#526=LINE('',#3376,#751);
#527=LINE('',#3381,#752);
#528=LINE('',#3385,#753);
#529=LINE('',#3389,#754);
#530=LINE('',#3392,#755);
#531=LINE('',#3397,#756);
#532=LINE('',#3401,#757);
#533=LINE('',#3405,#758);
#534=LINE('',#3408,#759);
#535=LINE('',#3413,#760);
#536=LINE('',#3417,#761);
#537=LINE('',#3421,#762);
#538=LINE('',#3424,#763);
#539=LINE('',#3429,#764);
#540=LINE('',#3433,#765);
#541=LINE('',#3437,#766);
#542=LINE('',#3440,#767);
#543=LINE('',#3445,#768);
#544=LINE('',#3449,#769);
#545=LINE('',#3453,#770);
#546=LINE('',#3456,#771);
#547=LINE('',#3461,#772);
#548=LINE('',#3465,#773);
#549=LINE('',#3469,#774);
#550=LINE('',#3472,#775);
#551=LINE('',#3483,#776);
#552=LINE('',#3487,#777);
#553=LINE('',#3491,#778);
#554=LINE('',#3495,#779);
#555=LINE('',#3499,#780);
#556=LINE('',#3503,#781);
#557=LINE('',#3507,#782);
#558=LINE('',#3511,#783);
#559=LINE('',#3515,#784);
#560=LINE('',#3519,#785);
#561=LINE('',#3520,#786);
#562=LINE('',#3523,#787);
#563=LINE('',#3527,#788);
#564=LINE('',#3528,#789);
#565=LINE('',#3532,#790);
#566=LINE('',#3535,#791);
#567=LINE('',#3538,#792);
#568=LINE('',#3541,#793);
#569=LINE('',#3542,#794);
#570=LINE('',#3545,#795);
#571=LINE('',#3549,#796);
#572=LINE('',#3550,#797);
#573=LINE('',#3553,#798);
#574=LINE('',#3557,#799);
#575=LINE('',#3558,#800);
#576=LINE('',#3561,#801);
#577=LINE('',#3564,#802);
#578=LINE('',#3567,#803);
#579=LINE('',#3570,#804);
#580=LINE('',#3573,#805);
#581=LINE('',#3574,#806);
#582=LINE('',#3577,#807);
#583=LINE('',#3580,#808);
#584=LINE('',#3582,#809);
#585=LINE('',#3585,#810);
#586=LINE('',#3588,#811);
#587=LINE('',#3590,#812);
#588=LINE('',#3593,#813);
#589=LINE('',#3596,#814);
#590=LINE('',#3600,#815);
#591=LINE('',#3604,#816);
#592=LINE('',#3608,#817);
#593=LINE('',#3612,#818);
#594=LINE('',#3614,#819);
#595=LINE('',#3618,#820);
#596=LINE('',#3619,#821);
#597=LINE('',#3620,#822);
#598=LINE('',#3624,#823);
#599=LINE('',#3627,#824);
#600=LINE('',#3628,#825);
#601=LINE('',#3632,#826);
#602=LINE('',#3635,#827);
#603=LINE('',#3636,#828);
#604=LINE('',#3640,#829);
#605=LINE('',#3643,#830);
#606=LINE('',#3644,#831);
#607=LINE('',#3650,#832);
#608=LINE('',#3651,#833);
#609=LINE('',#3652,#834);
#610=LINE('',#3656,#835);
#611=LINE('',#3659,#836);
#612=LINE('',#3660,#837);
#613=LINE('',#3664,#838);
#614=LINE('',#3667,#839);
#615=LINE('',#3668,#840);
#616=LINE('',#3672,#841);
#617=LINE('',#3675,#842);
#618=LINE('',#3676,#843);
#619=LINE('',#3682,#844);
#620=LINE('',#3683,#845);
#621=LINE('',#3684,#846);
#622=LINE('',#3688,#847);
#623=LINE('',#3691,#848);
#624=LINE('',#3692,#849);
#625=LINE('',#3696,#850);
#626=LINE('',#3699,#851);
#627=LINE('',#3700,#852);
#628=LINE('',#3704,#853);
#629=LINE('',#3707,#854);
#630=LINE('',#3708,#855);
#631=LINE('',#3714,#856);
#632=LINE('',#3715,#857);
#633=LINE('',#3716,#858);
#634=LINE('',#3720,#859);
#635=LINE('',#3723,#860);
#636=LINE('',#3724,#861);
#637=LINE('',#3728,#862);
#638=LINE('',#3731,#863);
#639=LINE('',#3732,#864);
#640=LINE('',#3736,#865);
#641=LINE('',#3739,#866);
#642=LINE('',#3740,#867);
#643=LINE('',#3746,#868);
#644=LINE('',#3747,#869);
#645=LINE('',#3748,#870);
#646=LINE('',#3752,#871);
#647=LINE('',#3755,#872);
#648=LINE('',#3756,#873);
#649=LINE('',#3760,#874);
#650=LINE('',#3763,#875);
#651=LINE('',#3764,#876);
#652=LINE('',#3768,#877);
#653=LINE('',#3771,#878);
#654=LINE('',#3772,#879);
#655=LINE('',#3778,#880);
#656=LINE('',#3779,#881);
#657=LINE('',#3780,#882);
#658=LINE('',#3784,#883);
#659=LINE('',#3787,#884);
#660=LINE('',#3788,#885);
#661=LINE('',#3792,#886);
#662=LINE('',#3795,#887);
#663=LINE('',#3796,#888);
#664=LINE('',#3800,#889);
#665=LINE('',#3803,#890);
#666=LINE('',#3804,#891);
#667=LINE('',#3810,#892);
#668=LINE('',#3811,#893);
#669=LINE('',#3812,#894);
#670=LINE('',#3816,#895);
#671=LINE('',#3819,#896);
#672=LINE('',#3820,#897);
#673=LINE('',#3824,#898);
#674=LINE('',#3827,#899);
#675=LINE('',#3828,#900);
#676=LINE('',#3832,#901);
#677=LINE('',#3835,#902);
#678=LINE('',#3836,#903);
#679=LINE('',#3842,#904);
#680=LINE('',#3843,#905);
#681=LINE('',#3844,#906);
#682=LINE('',#3848,#907);
#683=LINE('',#3851,#908);
#684=LINE('',#3852,#909);
#685=LINE('',#3856,#910);
#686=LINE('',#3859,#911);
#687=LINE('',#3860,#912);
#688=LINE('',#3864,#913);
#689=LINE('',#3867,#914);
#690=LINE('',#3868,#915);
#691=VECTOR('',#2543,10.);
#692=VECTOR('',#2544,10.);
#693=VECTOR('',#2545,10.);
#694=VECTOR('',#2546,10.);
#695=VECTOR('',#2549,10.);
#696=VECTOR('',#2550,10.);
#697=VECTOR('',#2551,10.);
#698=VECTOR('',#2552,10.);
#699=VECTOR('',#2555,10.);
#700=VECTOR('',#2556,10.);
#701=VECTOR('',#2557,10.);
#702=VECTOR('',#2560,10.);
#703=VECTOR('',#2561,10.);
#704=VECTOR('',#2562,10.);
#705=VECTOR('',#2565,10.);
#706=VECTOR('',#2566,10.);
#707=VECTOR('',#2567,10.);
#708=VECTOR('',#2568,10.);
#709=VECTOR('',#2569,10.);
#710=VECTOR('',#2576,10.);
#711=VECTOR('',#2579,10.);
#712=VECTOR('',#2582,10.);
#713=VECTOR('',#2585,10.);
#714=VECTOR('',#2588,10.);
#715=VECTOR('',#2589,10.);
#716=VECTOR('',#2590,10.);
#717=VECTOR('',#2591,10.);
#718=VECTOR('',#2594,10.);
#719=VECTOR('',#2599,10.);
#720=VECTOR('',#2600,10.);
#721=VECTOR('',#2603,10.);
#722=VECTOR('',#2608,10.);
#723=VECTOR('',#2609,10.);
#724=VECTOR('',#2612,10.);
#725=VECTOR('',#2617,10.);
#726=VECTOR('',#2620,10.);
#727=VECTOR('',#2621,10.);
#728=VECTOR('',#2622,10.);
#729=VECTOR('',#2623,10.);
#730=VECTOR('',#2626,10.);
#731=VECTOR('',#2627,10.);
#732=VECTOR('',#2630,10.);
#733=VECTOR('',#2631,10.);
#734=VECTOR('',#2634,10.);
#735=VECTOR('',#2643,4.);
#736=VECTOR('',#2650,10.);
#737=VECTOR('',#2653,10.);
#738=VECTOR('',#2656,10.);
#739=VECTOR('',#2657,10.);
#740=VECTOR('',#2658,10.);
#741=VECTOR('',#2661,10.);
#742=VECTOR('',#2664,10.);
#743=VECTOR('',#2667,10.);
#744=VECTOR('',#2672,10.);
#745=VECTOR('',#2675,10.);
#746=VECTOR('',#2678,10.);
#747=VECTOR('',#2681,10.);
#748=VECTOR('',#2684,10.);
#749=VECTOR('',#2687,10.);
#750=VECTOR('',#2690,10.);
#751=VECTOR('',#2693,10.);
#752=VECTOR('',#2696,10.);
#753=VECTOR('',#2699,10.);
#754=VECTOR('',#2702,10.);
#755=VECTOR('',#2705,10.);
#756=VECTOR('',#2708,10.);
#757=VECTOR('',#2711,10.);
#758=VECTOR('',#2714,10.);
#759=VECTOR('',#2717,10.);
#760=VECTOR('',#2720,10.);
#761=VECTOR('',#2723,10.);
#762=VECTOR('',#2726,10.);
#763=VECTOR('',#2729,10.);
#764=VECTOR('',#2732,10.);
#765=VECTOR('',#2735,10.);
#766=VECTOR('',#2738,10.);
#767=VECTOR('',#2741,10.);
#768=VECTOR('',#2744,10.);
#769=VECTOR('',#2747,10.);
#770=VECTOR('',#2750,10.);
#771=VECTOR('',#2753,10.);
#772=VECTOR('',#2756,10.);
#773=VECTOR('',#2759,10.);
#774=VECTOR('',#2762,10.);
#775=VECTOR('',#2765,10.);
#776=VECTOR('',#2774,10.);
#777=VECTOR('',#2777,10.);
#778=VECTOR('',#2780,10.);
#779=VECTOR('',#2783,10.);
#780=VECTOR('',#2786,10.);
#781=VECTOR('',#2789,10.);
#782=VECTOR('',#2792,10.);
#783=VECTOR('',#2795,10.);
#784=VECTOR('',#2800,10.);
#785=VECTOR('',#2805,10.);
#786=VECTOR('',#2806,10.);
#787=VECTOR('',#2809,10.);
#788=VECTOR('',#2814,10.);
#789=VECTOR('',#2815,10.);
#790=VECTOR('',#2820,10.);
#791=VECTOR('',#2823,10.);
#792=VECTOR('',#2826,10.);
#793=VECTOR('',#2829,10.);
#794=VECTOR('',#2830,10.);
#795=VECTOR('',#2833,10.);
#796=VECTOR('',#2838,10.);
#797=VECTOR('',#2839,10.);
#798=VECTOR('',#2842,10.);
#799=VECTOR('',#2847,10.);
#800=VECTOR('',#2848,10.);
#801=VECTOR('',#2851,10.);
#802=VECTOR('',#2856,10.);
#803=VECTOR('',#2859,10.);
#804=VECTOR('',#2862,10.);
#805=VECTOR('',#2865,10.);
#806=VECTOR('',#2866,10.);
#807=VECTOR('',#2869,10.);
#808=VECTOR('',#2872,10.);
#809=VECTOR('',#2875,10.);
#810=VECTOR('',#2878,10.);
#811=VECTOR('',#2881,10.);
#812=VECTOR('',#2884,10.);
#813=VECTOR('',#2887,10.);
#814=VECTOR('',#2892,10.);
#815=VECTOR('',#2897,1.45);
#816=VECTOR('',#2902,1.45);
#817=VECTOR('',#2907,1.45);
#818=VECTOR('',#2912,1.45);
#819=VECTOR('',#2915,10.);
#820=VECTOR('',#2918,10.);
#821=VECTOR('',#2919,10.);
#822=VECTOR('',#2920,10.);
#823=VECTOR('',#2925,10.);
#824=VECTOR('',#2928,10.);
#825=VECTOR('',#2929,10.);
#826=VECTOR('',#2934,10.);
#827=VECTOR('',#2937,10.);
#828=VECTOR('',#2938,10.);
#829=VECTOR('',#2943,10.);
#830=VECTOR('',#2946,10.);
#831=VECTOR('',#2947,10.);
#832=VECTOR('',#2954,10.);
#833=VECTOR('',#2955,10.);
#834=VECTOR('',#2956,10.);
#835=VECTOR('',#2961,10.);
#836=VECTOR('',#2964,10.);
#837=VECTOR('',#2965,10.);
#838=VECTOR('',#2970,10.);
#839=VECTOR('',#2973,10.);
#840=VECTOR('',#2974,10.);
#841=VECTOR('',#2979,10.);
#842=VECTOR('',#2982,10.);
#843=VECTOR('',#2983,10.);
#844=VECTOR('',#2990,10.);
#845=VECTOR('',#2991,10.);
#846=VECTOR('',#2992,10.);
#847=VECTOR('',#2997,10.);
#848=VECTOR('',#3000,10.);
#849=VECTOR('',#3001,10.);
#850=VECTOR('',#3006,10.);
#851=VECTOR('',#3009,10.);
#852=VECTOR('',#3010,10.);
#853=VECTOR('',#3015,10.);
#854=VECTOR('',#3018,10.);
#855=VECTOR('',#3019,10.);
#856=VECTOR('',#3026,10.);
#857=VECTOR('',#3027,10.);
#858=VECTOR('',#3028,10.);
#859=VECTOR('',#3033,10.);
#860=VECTOR('',#3036,10.);
#861=VECTOR('',#3037,10.);
#862=VECTOR('',#3042,10.);
#863=VECTOR('',#3045,10.);
#864=VECTOR('',#3046,10.);
#865=VECTOR('',#3051,10.);
#866=VECTOR('',#3054,10.);
#867=VECTOR('',#3055,10.);
#868=VECTOR('',#3062,10.);
#869=VECTOR('',#3063,10.);
#870=VECTOR('',#3064,10.);
#871=VECTOR('',#3069,10.);
#872=VECTOR('',#3072,10.);
#873=VECTOR('',#3073,10.);
#874=VECTOR('',#3078,10.);
#875=VECTOR('',#3081,10.);
#876=VECTOR('',#3082,10.);
#877=VECTOR('',#3087,10.);
#878=VECTOR('',#3090,10.);
#879=VECTOR('',#3091,10.);
#880=VECTOR('',#3098,10.);
#881=VECTOR('',#3099,10.);
#882=VECTOR('',#3100,10.);
#883=VECTOR('',#3105,10.);
#884=VECTOR('',#3108,10.);
#885=VECTOR('',#3109,10.);
#886=VECTOR('',#3114,10.);
#887=VECTOR('',#3117,10.);
#888=VECTOR('',#3118,10.);
#889=VECTOR('',#3123,10.);
#890=VECTOR('',#3126,10.);
#891=VECTOR('',#3127,10.);
#892=VECTOR('',#3134,10.);
#893=VECTOR('',#3135,10.);
#894=VECTOR('',#3136,10.);
#895=VECTOR('',#3141,10.);
#896=VECTOR('',#3144,10.);
#897=VECTOR('',#3145,10.);
#898=VECTOR('',#3150,10.);
#899=VECTOR('',#3153,10.);
#900=VECTOR('',#3154,10.);
#901=VECTOR('',#3159,10.);
#902=VECTOR('',#3162,10.);
#903=VECTOR('',#3163,10.);
#904=VECTOR('',#3170,10.);
#905=VECTOR('',#3171,10.);
#906=VECTOR('',#3172,10.);
#907=VECTOR('',#3177,10.);
#908=VECTOR('',#3180,10.);
#909=VECTOR('',#3181,10.);
#910=VECTOR('',#3186,10.);
#911=VECTOR('',#3189,10.);
#912=VECTOR('',#3190,10.);
#913=VECTOR('',#3195,10.);
#914=VECTOR('',#3198,10.);
#915=VECTOR('',#3199,10.);
#916=VERTEX_POINT('',#3208);
#917=VERTEX_POINT('',#3209);
#918=VERTEX_POINT('',#3211);
#919=VERTEX_POINT('',#3213);
#920=VERTEX_POINT('',#3217);
#921=VERTEX_POINT('',#3218);
#922=VERTEX_POINT('',#3220);
#923=VERTEX_POINT('',#3225);
#924=VERTEX_POINT('',#3227);
#925=VERTEX_POINT('',#3231);
#926=VERTEX_POINT('',#3236);
#927=VERTEX_POINT('',#3238);
#928=VERTEX_POINT('',#3240);
#929=VERTEX_POINT('',#3242);
#930=VERTEX_POINT('',#3246);
#931=VERTEX_POINT('',#3248);
#932=VERTEX_POINT('',#3252);
#933=VERTEX_POINT('',#3254);
#934=VERTEX_POINT('',#3256);
#935=VERTEX_POINT('',#3258);
#936=VERTEX_POINT('',#3260);
#937=VERTEX_POINT('',#3263);
#938=VERTEX_POINT('',#3264);
#939=VERTEX_POINT('',#3266);
#940=VERTEX_POINT('',#3268);
#941=VERTEX_POINT('',#3272);
#942=VERTEX_POINT('',#3276);
#943=VERTEX_POINT('',#3280);
#944=VERTEX_POINT('',#3284);
#945=VERTEX_POINT('',#3288);
#946=VERTEX_POINT('',#3294);
#947=VERTEX_POINT('',#3297);
#948=VERTEX_POINT('',#3301);
#949=VERTEX_POINT('',#3305);
#950=VERTEX_POINT('',#3313);
#951=VERTEX_POINT('',#3315);
#952=VERTEX_POINT('',#3319);
#953=VERTEX_POINT('',#3320);
#954=VERTEX_POINT('',#3322);
#955=VERTEX_POINT('',#3324);
#956=VERTEX_POINT('',#3328);
#957=VERTEX_POINT('',#3330);
#958=VERTEX_POINT('',#3334);
#959=VERTEX_POINT('',#3336);
#960=VERTEX_POINT('',#3338);
#961=VERTEX_POINT('',#3340);
#962=VERTEX_POINT('',#3342);
#963=VERTEX_POINT('',#3345);
#964=VERTEX_POINT('',#3346);
#965=VERTEX_POINT('',#3348);
#966=VERTEX_POINT('',#3350);
#967=VERTEX_POINT('',#3352);
#968=VERTEX_POINT('',#3354);
#969=VERTEX_POINT('',#3356);
#970=VERTEX_POINT('',#3358);
#971=VERTEX_POINT('',#3361);
#972=VERTEX_POINT('',#3362);
#973=VERTEX_POINT('',#3364);
#974=VERTEX_POINT('',#3366);
#975=VERTEX_POINT('',#3368);
#976=VERTEX_POINT('',#3370);
#977=VERTEX_POINT('',#3372);
#978=VERTEX_POINT('',#3374);
#979=VERTEX_POINT('',#3377);
#980=VERTEX_POINT('',#3378);
#981=VERTEX_POINT('',#3380);
#982=VERTEX_POINT('',#3382);
#983=VERTEX_POINT('',#3384);
#984=VERTEX_POINT('',#3386);
#985=VERTEX_POINT('',#3388);
#986=VERTEX_POINT('',#3390);
#987=VERTEX_POINT('',#3393);
#988=VERTEX_POINT('',#3394);
#989=VERTEX_POINT('',#3396);
#990=VERTEX_POINT('',#3398);
#991=VERTEX_POINT('',#3400);
#992=VERTEX_POINT('',#3402);
#993=VERTEX_POINT('',#3404);
#994=VERTEX_POINT('',#3406);
#995=VERTEX_POINT('',#3409);
#996=VERTEX_POINT('',#3410);
#997=VERTEX_POINT('',#3412);
#998=VERTEX_POINT('',#3414);
#999=VERTEX_POINT('',#3416);
#1000=VERTEX_POINT('',#3418);
#1001=VERTEX_POINT('',#3420);
#1002=VERTEX_POINT('',#3422);
#1003=VERTEX_POINT('',#3425);
#1004=VERTEX_POINT('',#3426);
#1005=VERTEX_POINT('',#3428);
#1006=VERTEX_POINT('',#3430);
#1007=VERTEX_POINT('',#3432);
#1008=VERTEX_POINT('',#3434);
#1009=VERTEX_POINT('',#3436);
#1010=VERTEX_POINT('',#3438);
#1011=VERTEX_POINT('',#3441);
#1012=VERTEX_POINT('',#3442);
#1013=VERTEX_POINT('',#3444);
#1014=VERTEX_POINT('',#3446);
#1015=VERTEX_POINT('',#3448);
#1016=VERTEX_POINT('',#3450);
#1017=VERTEX_POINT('',#3452);
#1018=VERTEX_POINT('',#3454);
#1019=VERTEX_POINT('',#3457);
#1020=VERTEX_POINT('',#3458);
#1021=VERTEX_POINT('',#3460);
#1022=VERTEX_POINT('',#3462);
#1023=VERTEX_POINT('',#3464);
#1024=VERTEX_POINT('',#3466);
#1025=VERTEX_POINT('',#3468);
#1026=VERTEX_POINT('',#3470);
#1027=VERTEX_POINT('',#3473);
#1028=VERTEX_POINT('',#3475);
#1029=VERTEX_POINT('',#3477);
#1030=VERTEX_POINT('',#3479);
#1031=VERTEX_POINT('',#3481);
#1032=VERTEX_POINT('',#3482);
#1033=VERTEX_POINT('',#3484);
#1034=VERTEX_POINT('',#3486);
#1035=VERTEX_POINT('',#3488);
#1036=VERTEX_POINT('',#3490);
#1037=VERTEX_POINT('',#3492);
#1038=VERTEX_POINT('',#3494);
#1039=VERTEX_POINT('',#3497);
#1040=VERTEX_POINT('',#3498);
#1041=VERTEX_POINT('',#3500);
#1042=VERTEX_POINT('',#3502);
#1043=VERTEX_POINT('',#3504);
#1044=VERTEX_POINT('',#3506);
#1045=VERTEX_POINT('',#3508);
#1046=VERTEX_POINT('',#3510);
#1047=VERTEX_POINT('',#3514);
#1048=VERTEX_POINT('',#3518);
#1049=VERTEX_POINT('',#3522);
#1050=VERTEX_POINT('',#3526);
#1051=VERTEX_POINT('',#3530);
#1052=VERTEX_POINT('',#3534);
#1053=VERTEX_POINT('',#3536);
#1054=VERTEX_POINT('',#3540);
#1055=VERTEX_POINT('',#3544);
#1056=VERTEX_POINT('',#3548);
#1057=VERTEX_POINT('',#3552);
#1058=VERTEX_POINT('',#3556);
#1059=VERTEX_POINT('',#3560);
#1060=VERTEX_POINT('',#3566);
#1061=VERTEX_POINT('',#3568);
#1062=VERTEX_POINT('',#3572);
#1063=VERTEX_POINT('',#3576);
#1064=VERTEX_POINT('',#3578);
#1065=VERTEX_POINT('',#3584);
#1066=VERTEX_POINT('',#3586);
#1067=VERTEX_POINT('',#3592);
#1068=VERTEX_POINT('',#3598);
#1069=VERTEX_POINT('',#3602);
#1070=VERTEX_POINT('',#3606);
#1071=VERTEX_POINT('',#3610);
#1072=VERTEX_POINT('',#3616);
#1073=VERTEX_POINT('',#3617);
#1074=VERTEX_POINT('',#3622);
#1075=VERTEX_POINT('',#3626);
#1076=VERTEX_POINT('',#3630);
#1077=VERTEX_POINT('',#3634);
#1078=VERTEX_POINT('',#3638);
#1079=VERTEX_POINT('',#3642);
#1080=VERTEX_POINT('',#3648);
#1081=VERTEX_POINT('',#3649);
#1082=VERTEX_POINT('',#3654);
#1083=VERTEX_POINT('',#3658);
#1084=VERTEX_POINT('',#3662);
#1085=VERTEX_POINT('',#3666);
#1086=VERTEX_POINT('',#3670);
#1087=VERTEX_POINT('',#3674);
#1088=VERTEX_POINT('',#3680);
#1089=VERTEX_POINT('',#3681);
#1090=VERTEX_POINT('',#3686);
#1091=VERTEX_POINT('',#3690);
#1092=VERTEX_POINT('',#3694);
#1093=VERTEX_POINT('',#3698);
#1094=VERTEX_POINT('',#3702);
#1095=VERTEX_POINT('',#3706);
#1096=VERTEX_POINT('',#3712);
#1097=VERTEX_POINT('',#3713);
#1098=VERTEX_POINT('',#3718);
#1099=VERTEX_POINT('',#3722);
#1100=VERTEX_POINT('',#3726);
#1101=VERTEX_POINT('',#3730);
#1102=VERTEX_POINT('',#3734);
#1103=VERTEX_POINT('',#3738);
#1104=VERTEX_POINT('',#3744);
#1105=VERTEX_POINT('',#3745);
#1106=VERTEX_POINT('',#3750);
#1107=VERTEX_POINT('',#3754);
#1108=VERTEX_POINT('',#3758);
#1109=VERTEX_POINT('',#3762);
#1110=VERTEX_POINT('',#3766);
#1111=VERTEX_POINT('',#3770);
#1112=VERTEX_POINT('',#3776);
#1113=VERTEX_POINT('',#3777);
#1114=VERTEX_POINT('',#3782);
#1115=VERTEX_POINT('',#3786);
#1116=VERTEX_POINT('',#3790);
#1117=VERTEX_POINT('',#3794);
#1118=VERTEX_POINT('',#3798);
#1119=VERTEX_POINT('',#3802);
#1120=VERTEX_POINT('',#3808);
#1121=VERTEX_POINT('',#3809);
#1122=VERTEX_POINT('',#3814);
#1123=VERTEX_POINT('',#3818);
#1124=VERTEX_POINT('',#3822);
#1125=VERTEX_POINT('',#3826);
#1126=VERTEX_POINT('',#3830);
#1127=VERTEX_POINT('',#3834);
#1128=VERTEX_POINT('',#3840);
#1129=VERTEX_POINT('',#3841);
#1130=VERTEX_POINT('',#3846);
#1131=VERTEX_POINT('',#3850);
#1132=VERTEX_POINT('',#3854);
#1133=VERTEX_POINT('',#3858);
#1134=VERTEX_POINT('',#3862);
#1135=VERTEX_POINT('',#3866);
#1136=EDGE_CURVE('',#916,#917,#466,.T.);
#1137=EDGE_CURVE('',#918,#916,#467,.T.);
#1138=EDGE_CURVE('',#919,#918,#468,.T.);
#1139=EDGE_CURVE('',#917,#919,#469,.T.);
#1140=EDGE_CURVE('',#920,#921,#470,.T.);
#1141=EDGE_CURVE('',#920,#922,#471,.T.);
#1142=EDGE_CURVE('',#917,#922,#472,.T.);
#1143=EDGE_CURVE('',#921,#919,#473,.T.);
#1144=EDGE_CURVE('',#923,#920,#474,.T.);
#1145=EDGE_CURVE('',#923,#924,#475,.T.);
#1146=EDGE_CURVE('',#922,#924,#476,.T.);
#1147=EDGE_CURVE('',#925,#923,#477,.T.);
#1148=EDGE_CURVE('',#918,#925,#478,.T.);
#1149=EDGE_CURVE('',#924,#916,#479,.T.);
#1150=EDGE_CURVE('',#926,#921,#480,.T.);
#1151=EDGE_CURVE('',#927,#926,#481,.T.);
#1152=EDGE_CURVE('',#928,#927,#482,.T.);
#1153=EDGE_CURVE('',#929,#928,#483,.T.);
#1154=EDGE_CURVE('',#925,#929,#484,.T.);
#1155=EDGE_CURVE('',#930,#927,#48,.T.);
#1156=EDGE_CURVE('',#926,#931,#49,.T.);
#1157=EDGE_CURVE('',#931,#930,#485,.T.);
#1158=EDGE_CURVE('',#930,#932,#486,.T.);
#1159=EDGE_CURVE('',#933,#932,#50,.T.);
#1160=EDGE_CURVE('',#933,#934,#487,.T.);
#1161=EDGE_CURVE('',#935,#934,#51,.T.);
#1162=EDGE_CURVE('',#935,#936,#488,.T.);
#1163=EDGE_CURVE('',#928,#936,#52,.T.);
#1164=EDGE_CURVE('',#937,#938,#489,.T.);
#1165=EDGE_CURVE('',#938,#939,#490,.T.);
#1166=EDGE_CURVE('',#939,#940,#491,.T.);
#1167=EDGE_CURVE('',#940,#937,#492,.T.);
#1168=EDGE_CURVE('',#936,#941,#493,.T.);
#1169=EDGE_CURVE('',#941,#929,#53,.T.);
#1170=EDGE_CURVE('',#942,#935,#494,.T.);
#1171=EDGE_CURVE('',#941,#942,#495,.T.);
#1172=EDGE_CURVE('',#934,#943,#496,.T.);
#1173=EDGE_CURVE('',#943,#942,#54,.T.);
#1174=EDGE_CURVE('',#944,#933,#497,.T.);
#1175=EDGE_CURVE('',#943,#944,#498,.T.);
#1176=EDGE_CURVE('',#932,#945,#499,.T.);
#1177=EDGE_CURVE('',#945,#944,#55,.T.);
#1178=EDGE_CURVE('',#945,#931,#500,.T.);
#1179=EDGE_CURVE('',#946,#916,#501,.T.);
#1180=EDGE_CURVE('',#946,#940,#502,.T.);
#1181=EDGE_CURVE('',#947,#939,#503,.T.);
#1182=EDGE_CURVE('',#917,#947,#504,.T.);
#1183=EDGE_CURVE('',#948,#946,#505,.T.);
#1184=EDGE_CURVE('',#948,#937,#506,.T.);
#1185=EDGE_CURVE('',#947,#949,#507,.T.);
#1186=EDGE_CURVE('',#949,#938,#508,.T.);
#1187=EDGE_CURVE('',#949,#948,#509,.T.);
#1188=EDGE_CURVE('',#950,#950,#56,.T.);
#1189=EDGE_CURVE('',#950,#951,#510,.T.);
#1190=EDGE_CURVE('',#951,#951,#57,.T.);
#1191=EDGE_CURVE('',#952,#953,#58,.T.);
#1192=EDGE_CURVE('',#953,#954,#511,.T.);
#1193=EDGE_CURVE('',#954,#955,#59,.T.);
#1194=EDGE_CURVE('',#955,#952,#512,.T.);
#1195=EDGE_CURVE('',#956,#955,#513,.T.);
#1196=EDGE_CURVE('',#957,#956,#514,.T.);
#1197=EDGE_CURVE('',#952,#957,#515,.T.);
#1198=EDGE_CURVE('',#954,#958,#516,.T.);
#1199=EDGE_CURVE('',#959,#958,#60,.T.);
#1200=EDGE_CURVE('',#960,#959,#517,.T.);
#1201=EDGE_CURVE('',#961,#960,#61,.T.);
#1202=EDGE_CURVE('',#961,#962,#518,.T.);
#1203=EDGE_CURVE('',#956,#962,#62,.T.);
#1204=EDGE_CURVE('',#963,#964,#63,.T.);
#1205=EDGE_CURVE('',#964,#965,#519,.T.);
#1206=EDGE_CURVE('',#965,#966,#64,.T.);
#1207=EDGE_CURVE('',#966,#967,#520,.T.);
#1208=EDGE_CURVE('',#967,#968,#65,.T.);
#1209=EDGE_CURVE('',#968,#969,#521,.T.);
#1210=EDGE_CURVE('',#969,#970,#66,.T.);
#1211=EDGE_CURVE('',#970,#963,#522,.T.);
#1212=EDGE_CURVE('',#971,#972,#67,.T.);
#1213=EDGE_CURVE('',#972,#973,#523,.T.);
#1214=EDGE_CURVE('',#973,#974,#68,.T.);
#1215=EDGE_CURVE('',#974,#975,#524,.T.);
#1216=EDGE_CURVE('',#975,#976,#69,.T.);
#1217=EDGE_CURVE('',#976,#977,#525,.T.);
#1218=EDGE_CURVE('',#977,#978,#70,.T.);
#1219=EDGE_CURVE('',#978,#971,#526,.T.);
#1220=EDGE_CURVE('',#979,#980,#71,.T.);
#1221=EDGE_CURVE('',#980,#981,#527,.T.);
#1222=EDGE_CURVE('',#981,#982,#72,.T.);
#1223=EDGE_CURVE('',#982,#983,#528,.T.);
#1224=EDGE_CURVE('',#983,#984,#73,.T.);
#1225=EDGE_CURVE('',#984,#985,#529,.T.);
#1226=EDGE_CURVE('',#985,#986,#74,.T.);
#1227=EDGE_CURVE('',#986,#979,#530,.T.);
#1228=EDGE_CURVE('',#987,#988,#75,.T.);
#1229=EDGE_CURVE('',#988,#989,#531,.T.);
#1230=EDGE_CURVE('',#989,#990,#76,.T.);
#1231=EDGE_CURVE('',#990,#991,#532,.T.);
#1232=EDGE_CURVE('',#991,#992,#77,.T.);
#1233=EDGE_CURVE('',#992,#993,#533,.T.);
#1234=EDGE_CURVE('',#993,#994,#78,.T.);
#1235=EDGE_CURVE('',#994,#987,#534,.T.);
#1236=EDGE_CURVE('',#995,#996,#79,.T.);
#1237=EDGE_CURVE('',#996,#997,#535,.T.);
#1238=EDGE_CURVE('',#997,#998,#80,.T.);
#1239=EDGE_CURVE('',#998,#999,#536,.T.);
#1240=EDGE_CURVE('',#999,#1000,#81,.T.);
#1241=EDGE_CURVE('',#1000,#1001,#537,.T.);
#1242=EDGE_CURVE('',#1001,#1002,#82,.T.);
#1243=EDGE_CURVE('',#1002,#995,#538,.T.);
#1244=EDGE_CURVE('',#1003,#1004,#83,.T.);
#1245=EDGE_CURVE('',#1004,#1005,#539,.T.);
#1246=EDGE_CURVE('',#1005,#1006,#84,.T.);
#1247=EDGE_CURVE('',#1006,#1007,#540,.T.);
#1248=EDGE_CURVE('',#1007,#1008,#85,.T.);
#1249=EDGE_CURVE('',#1008,#1009,#541,.T.);
#1250=EDGE_CURVE('',#1009,#1010,#86,.T.);
#1251=EDGE_CURVE('',#1010,#1003,#542,.T.);
#1252=EDGE_CURVE('',#1011,#1012,#87,.T.);
#1253=EDGE_CURVE('',#1012,#1013,#543,.T.);
#1254=EDGE_CURVE('',#1013,#1014,#88,.T.);
#1255=EDGE_CURVE('',#1014,#1015,#544,.T.);
#1256=EDGE_CURVE('',#1015,#1016,#89,.T.);
#1257=EDGE_CURVE('',#1016,#1017,#545,.T.);
#1258=EDGE_CURVE('',#1017,#1018,#90,.T.);
#1259=EDGE_CURVE('',#1018,#1011,#546,.T.);
#1260=EDGE_CURVE('',#1019,#1020,#91,.T.);
#1261=EDGE_CURVE('',#1020,#1021,#547,.T.);
#1262=EDGE_CURVE('',#1021,#1022,#92,.T.);
#1263=EDGE_CURVE('',#1022,#1023,#548,.T.);
#1264=EDGE_CURVE('',#1023,#1024,#93,.T.);
#1265=EDGE_CURVE('',#1024,#1025,#549,.T.);
#1266=EDGE_CURVE('',#1025,#1026,#94,.T.);
#1267=EDGE_CURVE('',#1026,#1019,#550,.T.);
#1268=EDGE_CURVE('',#1027,#1027,#95,.T.);
#1269=EDGE_CURVE('',#1028,#1028,#96,.T.);
#1270=EDGE_CURVE('',#1029,#1029,#97,.T.);
#1271=EDGE_CURVE('',#1030,#1030,#98,.T.);
#1272=EDGE_CURVE('',#1031,#1032,#551,.T.);
#1273=EDGE_CURVE('',#1033,#1032,#99,.T.);
#1274=EDGE_CURVE('',#1033,#1034,#552,.T.);
#1275=EDGE_CURVE('',#1035,#1034,#100,.T.);
#1276=EDGE_CURVE('',#1035,#1036,#553,.T.);
#1277=EDGE_CURVE('',#1037,#1036,#101,.T.);
#1278=EDGE_CURVE('',#1037,#1038,#554,.T.);
#1279=EDGE_CURVE('',#1031,#1038,#102,.T.);
#1280=EDGE_CURVE('',#1039,#1040,#555,.T.);
#1281=EDGE_CURVE('',#1041,#1040,#103,.T.);
#1282=EDGE_CURVE('',#1041,#1042,#556,.T.);
#1283=EDGE_CURVE('',#1043,#1042,#104,.T.);
#1284=EDGE_CURVE('',#1043,#1044,#557,.T.);
#1285=EDGE_CURVE('',#1045,#1044,#105,.T.);
#1286=EDGE_CURVE('',#1045,#1046,#558,.T.);
#1287=EDGE_CURVE('',#1039,#1046,#106,.T.);
#1288=EDGE_CURVE('',#962,#1047,#559,.T.);
#1289=EDGE_CURVE('',#1047,#957,#107,.T.);
#1290=EDGE_CURVE('',#1048,#961,#560,.T.);
#1291=EDGE_CURVE('',#1047,#1048,#561,.T.);
#1292=EDGE_CURVE('',#960,#1049,#562,.T.);
#1293=EDGE_CURVE('',#1049,#1048,#108,.T.);
#1294=EDGE_CURVE('',#1050,#959,#563,.T.);
#1295=EDGE_CURVE('',#1050,#1049,#564,.T.);
#1296=EDGE_CURVE('',#1051,#1050,#109,.T.);
#1297=EDGE_CURVE('',#958,#1051,#565,.T.);
#1298=EDGE_CURVE('',#1042,#1052,#566,.T.);
#1299=EDGE_CURVE('',#1052,#1053,#110,.T.);
#1300=EDGE_CURVE('',#1053,#1043,#567,.T.);
#1301=EDGE_CURVE('',#1054,#1041,#568,.T.);
#1302=EDGE_CURVE('',#1052,#1054,#569,.T.);
#1303=EDGE_CURVE('',#1040,#1055,#570,.T.);
#1304=EDGE_CURVE('',#1055,#1054,#111,.T.);
#1305=EDGE_CURVE('',#1056,#1039,#571,.T.);
#1306=EDGE_CURVE('',#1055,#1056,#572,.T.);
#1307=EDGE_CURVE('',#1046,#1057,#573,.T.);
#1308=EDGE_CURVE('',#1057,#1056,#112,.T.);
#1309=EDGE_CURVE('',#1058,#1045,#574,.T.);
#1310=EDGE_CURVE('',#1057,#1058,#575,.T.);
#1311=EDGE_CURVE('',#1044,#1059,#576,.T.);
#1312=EDGE_CURVE('',#1059,#1058,#113,.T.);
#1313=EDGE_CURVE('',#1059,#1053,#577,.T.);
#1314=EDGE_CURVE('',#1036,#1060,#578,.T.);
#1315=EDGE_CURVE('',#1060,#1061,#114,.T.);
#1316=EDGE_CURVE('',#1061,#1037,#579,.T.);
#1317=EDGE_CURVE('',#1062,#1035,#580,.T.);
#1318=EDGE_CURVE('',#1060,#1062,#581,.T.);
#1319=EDGE_CURVE('',#1038,#1063,#582,.T.);
#1320=EDGE_CURVE('',#1063,#1064,#115,.T.);
#1321=EDGE_CURVE('',#1064,#1031,#583,.T.);
#1322=EDGE_CURVE('',#1063,#1061,#584,.T.);
#1323=EDGE_CURVE('',#1032,#1065,#585,.T.);
#1324=EDGE_CURVE('',#1065,#1066,#116,.T.);
#1325=EDGE_CURVE('',#1066,#1033,#586,.T.);
#1326=EDGE_CURVE('',#1065,#1064,#587,.T.);
#1327=EDGE_CURVE('',#1034,#1067,#588,.T.);
#1328=EDGE_CURVE('',#1067,#1062,#117,.T.);
#1329=EDGE_CURVE('',#1067,#1066,#589,.T.);
#1330=EDGE_CURVE('',#1068,#1068,#118,.T.);
#1331=EDGE_CURVE('',#1068,#1030,#590,.T.);
#1332=EDGE_CURVE('',#1069,#1069,#119,.T.);
#1333=EDGE_CURVE('',#1069,#1029,#591,.T.);
#1334=EDGE_CURVE('',#1070,#1070,#120,.T.);
#1335=EDGE_CURVE('',#1070,#1028,#592,.T.);
#1336=EDGE_CURVE('',#1071,#1071,#121,.T.);
#1337=EDGE_CURVE('',#1071,#1027,#593,.T.);
#1338=EDGE_CURVE('',#1051,#953,#594,.T.);
#1339=EDGE_CURVE('',#1072,#1073,#595,.T.);
#1340=EDGE_CURVE('',#1073,#1019,#596,.T.);
#1341=EDGE_CURVE('',#1072,#1026,#597,.T.);
#1342=EDGE_CURVE('',#1074,#1072,#122,.T.);
#1343=EDGE_CURVE('',#1074,#1025,#598,.T.);
#1344=EDGE_CURVE('',#1075,#1074,#599,.T.);
#1345=EDGE_CURVE('',#1075,#1024,#600,.T.);
#1346=EDGE_CURVE('',#1076,#1075,#123,.T.);
#1347=EDGE_CURVE('',#1076,#1023,#601,.T.);
#1348=EDGE_CURVE('',#1077,#1076,#602,.T.);
#1349=EDGE_CURVE('',#1077,#1022,#603,.T.);
#1350=EDGE_CURVE('',#1078,#1077,#124,.T.);
#1351=EDGE_CURVE('',#1078,#1021,#604,.T.);
#1352=EDGE_CURVE('',#1079,#1078,#605,.T.);
#1353=EDGE_CURVE('',#1079,#1020,#606,.T.);
#1354=EDGE_CURVE('',#1073,#1079,#125,.T.);
#1355=EDGE_CURVE('',#1080,#1081,#607,.T.);
#1356=EDGE_CURVE('',#1081,#1011,#608,.T.);
#1357=EDGE_CURVE('',#1080,#1018,#609,.T.);
#1358=EDGE_CURVE('',#1082,#1080,#126,.T.);
#1359=EDGE_CURVE('',#1082,#1017,#610,.T.);
#1360=EDGE_CURVE('',#1083,#1082,#611,.T.);
#1361=EDGE_CURVE('',#1083,#1016,#612,.T.);
#1362=EDGE_CURVE('',#1084,#1083,#127,.T.);
#1363=EDGE_CURVE('',#1084,#1015,#613,.T.);
#1364=EDGE_CURVE('',#1085,#1084,#614,.T.);
#1365=EDGE_CURVE('',#1085,#1014,#615,.T.);
#1366=EDGE_CURVE('',#1086,#1085,#128,.T.);
#1367=EDGE_CURVE('',#1086,#1013,#616,.T.);
#1368=EDGE_CURVE('',#1087,#1086,#617,.T.);
#1369=EDGE_CURVE('',#1087,#1012,#618,.T.);
#1370=EDGE_CURVE('',#1081,#1087,#129,.T.);
#1371=EDGE_CURVE('',#1088,#1089,#619,.T.);
#1372=EDGE_CURVE('',#1089,#1003,#620,.T.);
#1373=EDGE_CURVE('',#1088,#1010,#621,.T.);
#1374=EDGE_CURVE('',#1090,#1088,#130,.T.);
#1375=EDGE_CURVE('',#1090,#1009,#622,.T.);
#1376=EDGE_CURVE('',#1091,#1090,#623,.T.);
#1377=EDGE_CURVE('',#1091,#1008,#624,.T.);
#1378=EDGE_CURVE('',#1092,#1091,#131,.T.);
#1379=EDGE_CURVE('',#1092,#1007,#625,.T.);
#1380=EDGE_CURVE('',#1093,#1092,#626,.T.);
#1381=EDGE_CURVE('',#1093,#1006,#627,.T.);
#1382=EDGE_CURVE('',#1094,#1093,#132,.T.);
#1383=EDGE_CURVE('',#1094,#1005,#628,.T.);
#1384=EDGE_CURVE('',#1095,#1094,#629,.T.);
#1385=EDGE_CURVE('',#1095,#1004,#630,.T.);
#1386=EDGE_CURVE('',#1089,#1095,#133,.T.);
#1387=EDGE_CURVE('',#1096,#1097,#631,.T.);
#1388=EDGE_CURVE('',#1097,#995,#632,.T.);
#1389=EDGE_CURVE('',#1096,#1002,#633,.T.);
#1390=EDGE_CURVE('',#1098,#1096,#134,.T.);
#1391=EDGE_CURVE('',#1098,#1001,#634,.T.);
#1392=EDGE_CURVE('',#1099,#1098,#635,.T.);
#1393=EDGE_CURVE('',#1099,#1000,#636,.T.);
#1394=EDGE_CURVE('',#1100,#1099,#135,.T.);
#1395=EDGE_CURVE('',#1100,#999,#637,.T.);
#1396=EDGE_CURVE('',#1101,#1100,#638,.T.);
#1397=EDGE_CURVE('',#1101,#998,#639,.T.);
#1398=EDGE_CURVE('',#1102,#1101,#136,.T.);
#1399=EDGE_CURVE('',#1102,#997,#640,.T.);
#1400=EDGE_CURVE('',#1103,#1102,#641,.T.);
#1401=EDGE_CURVE('',#1103,#996,#642,.T.);
#1402=EDGE_CURVE('',#1097,#1103,#137,.T.);
#1403=EDGE_CURVE('',#1104,#1105,#643,.T.);
#1404=EDGE_CURVE('',#1105,#987,#644,.T.);
#1405=EDGE_CURVE('',#1104,#994,#645,.T.);
#1406=EDGE_CURVE('',#1106,#1104,#138,.T.);
#1407=EDGE_CURVE('',#1106,#993,#646,.T.);
#1408=EDGE_CURVE('',#1107,#1106,#647,.T.);
#1409=EDGE_CURVE('',#1107,#992,#648,.T.);
#1410=EDGE_CURVE('',#1108,#1107,#139,.T.);
#1411=EDGE_CURVE('',#1108,#991,#649,.T.);
#1412=EDGE_CURVE('',#1109,#1108,#650,.T.);
#1413=EDGE_CURVE('',#1109,#990,#651,.T.);
#1414=EDGE_CURVE('',#1110,#1109,#140,.T.);
#1415=EDGE_CURVE('',#1110,#989,#652,.T.);
#1416=EDGE_CURVE('',#1111,#1110,#653,.T.);
#1417=EDGE_CURVE('',#1111,#988,#654,.T.);
#1418=EDGE_CURVE('',#1105,#1111,#141,.T.);
#1419=EDGE_CURVE('',#1112,#1113,#655,.T.);
#1420=EDGE_CURVE('',#1113,#979,#656,.T.);
#1421=EDGE_CURVE('',#1112,#986,#657,.T.);
#1422=EDGE_CURVE('',#1114,#1112,#142,.T.);
#1423=EDGE_CURVE('',#1114,#985,#658,.T.);
#1424=EDGE_CURVE('',#1115,#1114,#659,.T.);
#1425=EDGE_CURVE('',#1115,#984,#660,.T.);
#1426=EDGE_CURVE('',#1116,#1115,#143,.T.);
#1427=EDGE_CURVE('',#1116,#983,#661,.T.);
#1428=EDGE_CURVE('',#1117,#1116,#662,.T.);
#1429=EDGE_CURVE('',#1117,#982,#663,.T.);
#1430=EDGE_CURVE('',#1118,#1117,#144,.T.);
#1431=EDGE_CURVE('',#1118,#981,#664,.T.);
#1432=EDGE_CURVE('',#1119,#1118,#665,.T.);
#1433=EDGE_CURVE('',#1119,#980,#666,.T.);
#1434=EDGE_CURVE('',#1113,#1119,#145,.T.);
#1435=EDGE_CURVE('',#1120,#1121,#667,.T.);
#1436=EDGE_CURVE('',#1121,#971,#668,.T.);
#1437=EDGE_CURVE('',#1120,#978,#669,.T.);
#1438=EDGE_CURVE('',#1122,#1120,#146,.T.);
#1439=EDGE_CURVE('',#1122,#977,#670,.T.);
#1440=EDGE_CURVE('',#1123,#1122,#671,.T.);
#1441=EDGE_CURVE('',#1123,#976,#672,.T.);
#1442=EDGE_CURVE('',#1124,#1123,#147,.T.);
#1443=EDGE_CURVE('',#1124,#975,#673,.T.);
#1444=EDGE_CURVE('',#1125,#1124,#674,.T.);
#1445=EDGE_CURVE('',#1125,#974,#675,.T.);
#1446=EDGE_CURVE('',#1126,#1125,#148,.T.);
#1447=EDGE_CURVE('',#1126,#973,#676,.T.);
#1448=EDGE_CURVE('',#1127,#1126,#677,.T.);
#1449=EDGE_CURVE('',#1127,#972,#678,.T.);
#1450=EDGE_CURVE('',#1121,#1127,#149,.T.);
#1451=EDGE_CURVE('',#1128,#1129,#679,.T.);
#1452=EDGE_CURVE('',#1129,#963,#680,.T.);
#1453=EDGE_CURVE('',#1128,#970,#681,.T.);
#1454=EDGE_CURVE('',#1130,#1128,#150,.T.);
#1455=EDGE_CURVE('',#1130,#969,#682,.T.);
#1456=EDGE_CURVE('',#1131,#1130,#683,.T.);
#1457=EDGE_CURVE('',#1131,#968,#684,.T.);
#1458=EDGE_CURVE('',#1132,#1131,#151,.T.);
#1459=EDGE_CURVE('',#1132,#967,#685,.T.);
#1460=EDGE_CURVE('',#1133,#1132,#686,.T.);
#1461=EDGE_CURVE('',#1133,#966,#687,.T.);
#1462=EDGE_CURVE('',#1134,#1133,#152,.T.);
#1463=EDGE_CURVE('',#1134,#965,#688,.T.);
#1464=EDGE_CURVE('',#1135,#1134,#689,.T.);
#1465=EDGE_CURVE('',#1135,#964,#690,.T.);
#1466=EDGE_CURVE('',#1129,#1135,#153,.T.);
#1467=ORIENTED_EDGE('',*,*,#1136,.F.);
#1468=ORIENTED_EDGE('',*,*,#1137,.F.);
#1469=ORIENTED_EDGE('',*,*,#1138,.F.);
#1470=ORIENTED_EDGE('',*,*,#1139,.F.);
#1471=ORIENTED_EDGE('',*,*,#1140,.F.);
#1472=ORIENTED_EDGE('',*,*,#1141,.T.);
#1473=ORIENTED_EDGE('',*,*,#1142,.F.);
#1474=ORIENTED_EDGE('',*,*,#1139,.T.);
#1475=ORIENTED_EDGE('',*,*,#1143,.F.);
#1476=ORIENTED_EDGE('',*,*,#1144,.F.);
#1477=ORIENTED_EDGE('',*,*,#1145,.T.);
#1478=ORIENTED_EDGE('',*,*,#1146,.F.);
#1479=ORIENTED_EDGE('',*,*,#1141,.F.);
#1480=ORIENTED_EDGE('',*,*,#1147,.F.);
#1481=ORIENTED_EDGE('',*,*,#1148,.F.);
#1482=ORIENTED_EDGE('',*,*,#1137,.T.);
#1483=ORIENTED_EDGE('',*,*,#1149,.F.);
#1484=ORIENTED_EDGE('',*,*,#1145,.F.);
#1485=ORIENTED_EDGE('',*,*,#1147,.T.);
#1486=ORIENTED_EDGE('',*,*,#1144,.T.);
#1487=ORIENTED_EDGE('',*,*,#1140,.T.);
#1488=ORIENTED_EDGE('',*,*,#1150,.F.);
#1489=ORIENTED_EDGE('',*,*,#1151,.F.);
#1490=ORIENTED_EDGE('',*,*,#1152,.F.);
#1491=ORIENTED_EDGE('',*,*,#1153,.F.);
#1492=ORIENTED_EDGE('',*,*,#1154,.F.);
#1493=ORIENTED_EDGE('',*,*,#1155,.T.);
#1494=ORIENTED_EDGE('',*,*,#1151,.T.);
#1495=ORIENTED_EDGE('',*,*,#1156,.T.);
#1496=ORIENTED_EDGE('',*,*,#1157,.T.);
#1497=ORIENTED_EDGE('',*,*,#1155,.F.);
#1498=ORIENTED_EDGE('',*,*,#1158,.T.);
#1499=ORIENTED_EDGE('',*,*,#1159,.F.);
#1500=ORIENTED_EDGE('',*,*,#1160,.T.);
#1501=ORIENTED_EDGE('',*,*,#1161,.F.);
#1502=ORIENTED_EDGE('',*,*,#1162,.T.);
#1503=ORIENTED_EDGE('',*,*,#1163,.F.);
#1504=ORIENTED_EDGE('',*,*,#1152,.T.);
#1505=ORIENTED_EDGE('',*,*,#1164,.T.);
#1506=ORIENTED_EDGE('',*,*,#1165,.T.);
#1507=ORIENTED_EDGE('',*,*,#1166,.T.);
#1508=ORIENTED_EDGE('',*,*,#1167,.T.);
#1509=ORIENTED_EDGE('',*,*,#1163,.T.);
#1510=ORIENTED_EDGE('',*,*,#1168,.T.);
#1511=ORIENTED_EDGE('',*,*,#1169,.T.);
#1512=ORIENTED_EDGE('',*,*,#1153,.T.);
#1513=ORIENTED_EDGE('',*,*,#1168,.F.);
#1514=ORIENTED_EDGE('',*,*,#1162,.F.);
#1515=ORIENTED_EDGE('',*,*,#1170,.F.);
#1516=ORIENTED_EDGE('',*,*,#1171,.F.);
#1517=ORIENTED_EDGE('',*,*,#1161,.T.);
#1518=ORIENTED_EDGE('',*,*,#1172,.T.);
#1519=ORIENTED_EDGE('',*,*,#1173,.T.);
#1520=ORIENTED_EDGE('',*,*,#1170,.T.);
#1521=ORIENTED_EDGE('',*,*,#1172,.F.);
#1522=ORIENTED_EDGE('',*,*,#1160,.F.);
#1523=ORIENTED_EDGE('',*,*,#1174,.F.);
#1524=ORIENTED_EDGE('',*,*,#1175,.F.);
#1525=ORIENTED_EDGE('',*,*,#1159,.T.);
#1526=ORIENTED_EDGE('',*,*,#1176,.T.);
#1527=ORIENTED_EDGE('',*,*,#1177,.T.);
#1528=ORIENTED_EDGE('',*,*,#1174,.T.);
#1529=ORIENTED_EDGE('',*,*,#1157,.F.);
#1530=ORIENTED_EDGE('',*,*,#1178,.F.);
#1531=ORIENTED_EDGE('',*,*,#1176,.F.);
#1532=ORIENTED_EDGE('',*,*,#1158,.F.);
#1533=ORIENTED_EDGE('',*,*,#1149,.T.);
#1534=ORIENTED_EDGE('',*,*,#1179,.F.);
#1535=ORIENTED_EDGE('',*,*,#1180,.T.);
#1536=ORIENTED_EDGE('',*,*,#1166,.F.);
#1537=ORIENTED_EDGE('',*,*,#1181,.F.);
#1538=ORIENTED_EDGE('',*,*,#1182,.F.);
#1539=ORIENTED_EDGE('',*,*,#1142,.T.);
#1540=ORIENTED_EDGE('',*,*,#1146,.T.);
#1541=ORIENTED_EDGE('',*,*,#1183,.F.);
#1542=ORIENTED_EDGE('',*,*,#1184,.T.);
#1543=ORIENTED_EDGE('',*,*,#1167,.F.);
#1544=ORIENTED_EDGE('',*,*,#1180,.F.);
#1545=ORIENTED_EDGE('',*,*,#1185,.F.);
#1546=ORIENTED_EDGE('',*,*,#1181,.T.);
#1547=ORIENTED_EDGE('',*,*,#1165,.F.);
#1548=ORIENTED_EDGE('',*,*,#1186,.F.);
#1549=ORIENTED_EDGE('',*,*,#1187,.F.);
#1550=ORIENTED_EDGE('',*,*,#1186,.T.);
#1551=ORIENTED_EDGE('',*,*,#1164,.F.);
#1552=ORIENTED_EDGE('',*,*,#1184,.F.);
#1553=ORIENTED_EDGE('',*,*,#1183,.T.);
#1554=ORIENTED_EDGE('',*,*,#1179,.T.);
#1555=ORIENTED_EDGE('',*,*,#1136,.T.);
#1556=ORIENTED_EDGE('',*,*,#1182,.T.);
#1557=ORIENTED_EDGE('',*,*,#1185,.T.);
#1558=ORIENTED_EDGE('',*,*,#1187,.T.);
#1559=ORIENTED_EDGE('',*,*,#1148,.T.);
#1560=ORIENTED_EDGE('',*,*,#1154,.T.);
#1561=ORIENTED_EDGE('',*,*,#1169,.F.);
#1562=ORIENTED_EDGE('',*,*,#1171,.T.);
#1563=ORIENTED_EDGE('',*,*,#1173,.F.);
#1564=ORIENTED_EDGE('',*,*,#1175,.T.);
#1565=ORIENTED_EDGE('',*,*,#1177,.F.);
#1566=ORIENTED_EDGE('',*,*,#1178,.T.);
#1567=ORIENTED_EDGE('',*,*,#1156,.F.);
#1568=ORIENTED_EDGE('',*,*,#1150,.T.);
#1569=ORIENTED_EDGE('',*,*,#1143,.T.);
#1570=ORIENTED_EDGE('',*,*,#1138,.T.);
#1571=ORIENTED_EDGE('',*,*,#1188,.F.);
#1572=ORIENTED_EDGE('',*,*,#1189,.T.);
#1573=ORIENTED_EDGE('',*,*,#1190,.F.);
#1574=ORIENTED_EDGE('',*,*,#1189,.F.);
#1575=ORIENTED_EDGE('',*,*,#1191,.T.);
#1576=ORIENTED_EDGE('',*,*,#1192,.T.);
#1577=ORIENTED_EDGE('',*,*,#1193,.T.);
#1578=ORIENTED_EDGE('',*,*,#1194,.T.);
#1579=ORIENTED_EDGE('',*,*,#1194,.F.);
#1580=ORIENTED_EDGE('',*,*,#1195,.F.);
#1581=ORIENTED_EDGE('',*,*,#1196,.F.);
#1582=ORIENTED_EDGE('',*,*,#1197,.F.);
#1583=ORIENTED_EDGE('',*,*,#1193,.F.);
#1584=ORIENTED_EDGE('',*,*,#1198,.T.);
#1585=ORIENTED_EDGE('',*,*,#1199,.F.);
#1586=ORIENTED_EDGE('',*,*,#1200,.F.);
#1587=ORIENTED_EDGE('',*,*,#1201,.F.);
#1588=ORIENTED_EDGE('',*,*,#1202,.T.);
#1589=ORIENTED_EDGE('',*,*,#1203,.F.);
#1590=ORIENTED_EDGE('',*,*,#1195,.T.);
#1591=ORIENTED_EDGE('',*,*,#1204,.T.);
#1592=ORIENTED_EDGE('',*,*,#1205,.T.);
#1593=ORIENTED_EDGE('',*,*,#1206,.T.);
#1594=ORIENTED_EDGE('',*,*,#1207,.T.);
#1595=ORIENTED_EDGE('',*,*,#1208,.T.);
#1596=ORIENTED_EDGE('',*,*,#1209,.T.);
#1597=ORIENTED_EDGE('',*,*,#1210,.T.);
#1598=ORIENTED_EDGE('',*,*,#1211,.T.);
#1599=ORIENTED_EDGE('',*,*,#1212,.T.);
#1600=ORIENTED_EDGE('',*,*,#1213,.T.);
#1601=ORIENTED_EDGE('',*,*,#1214,.T.);
#1602=ORIENTED_EDGE('',*,*,#1215,.T.);
#1603=ORIENTED_EDGE('',*,*,#1216,.T.);
#1604=ORIENTED_EDGE('',*,*,#1217,.T.);
#1605=ORIENTED_EDGE('',*,*,#1218,.T.);
#1606=ORIENTED_EDGE('',*,*,#1219,.T.);
#1607=ORIENTED_EDGE('',*,*,#1220,.T.);
#1608=ORIENTED_EDGE('',*,*,#1221,.T.);
#1609=ORIENTED_EDGE('',*,*,#1222,.T.);
#1610=ORIENTED_EDGE('',*,*,#1223,.T.);
#1611=ORIENTED_EDGE('',*,*,#1224,.T.);
#1612=ORIENTED_EDGE('',*,*,#1225,.T.);
#1613=ORIENTED_EDGE('',*,*,#1226,.T.);
#1614=ORIENTED_EDGE('',*,*,#1227,.T.);
#1615=ORIENTED_EDGE('',*,*,#1228,.T.);
#1616=ORIENTED_EDGE('',*,*,#1229,.T.);
#1617=ORIENTED_EDGE('',*,*,#1230,.T.);
#1618=ORIENTED_EDGE('',*,*,#1231,.T.);
#1619=ORIENTED_EDGE('',*,*,#1232,.T.);
#1620=ORIENTED_EDGE('',*,*,#1233,.T.);
#1621=ORIENTED_EDGE('',*,*,#1234,.T.);
#1622=ORIENTED_EDGE('',*,*,#1235,.T.);
#1623=ORIENTED_EDGE('',*,*,#1236,.T.);
#1624=ORIENTED_EDGE('',*,*,#1237,.T.);
#1625=ORIENTED_EDGE('',*,*,#1238,.T.);
#1626=ORIENTED_EDGE('',*,*,#1239,.T.);
#1627=ORIENTED_EDGE('',*,*,#1240,.T.);
#1628=ORIENTED_EDGE('',*,*,#1241,.T.);
#1629=ORIENTED_EDGE('',*,*,#1242,.T.);
#1630=ORIENTED_EDGE('',*,*,#1243,.T.);
#1631=ORIENTED_EDGE('',*,*,#1244,.T.);
#1632=ORIENTED_EDGE('',*,*,#1245,.T.);
#1633=ORIENTED_EDGE('',*,*,#1246,.T.);
#1634=ORIENTED_EDGE('',*,*,#1247,.T.);
#1635=ORIENTED_EDGE('',*,*,#1248,.T.);
#1636=ORIENTED_EDGE('',*,*,#1249,.T.);
#1637=ORIENTED_EDGE('',*,*,#1250,.T.);
#1638=ORIENTED_EDGE('',*,*,#1251,.T.);
#1639=ORIENTED_EDGE('',*,*,#1252,.T.);
#1640=ORIENTED_EDGE('',*,*,#1253,.T.);
#1641=ORIENTED_EDGE('',*,*,#1254,.T.);
#1642=ORIENTED_EDGE('',*,*,#1255,.T.);
#1643=ORIENTED_EDGE('',*,*,#1256,.T.);
#1644=ORIENTED_EDGE('',*,*,#1257,.T.);
#1645=ORIENTED_EDGE('',*,*,#1258,.T.);
#1646=ORIENTED_EDGE('',*,*,#1259,.T.);
#1647=ORIENTED_EDGE('',*,*,#1260,.T.);
#1648=ORIENTED_EDGE('',*,*,#1261,.T.);
#1649=ORIENTED_EDGE('',*,*,#1262,.T.);
#1650=ORIENTED_EDGE('',*,*,#1263,.T.);
#1651=ORIENTED_EDGE('',*,*,#1264,.T.);
#1652=ORIENTED_EDGE('',*,*,#1265,.T.);
#1653=ORIENTED_EDGE('',*,*,#1266,.T.);
#1654=ORIENTED_EDGE('',*,*,#1267,.T.);
#1655=ORIENTED_EDGE('',*,*,#1268,.T.);
#1656=ORIENTED_EDGE('',*,*,#1269,.T.);
#1657=ORIENTED_EDGE('',*,*,#1270,.T.);
#1658=ORIENTED_EDGE('',*,*,#1271,.T.);
#1659=ORIENTED_EDGE('',*,*,#1272,.T.);
#1660=ORIENTED_EDGE('',*,*,#1273,.F.);
#1661=ORIENTED_EDGE('',*,*,#1274,.T.);
#1662=ORIENTED_EDGE('',*,*,#1275,.F.);
#1663=ORIENTED_EDGE('',*,*,#1276,.T.);
#1664=ORIENTED_EDGE('',*,*,#1277,.F.);
#1665=ORIENTED_EDGE('',*,*,#1278,.T.);
#1666=ORIENTED_EDGE('',*,*,#1279,.F.);
#1667=ORIENTED_EDGE('',*,*,#1280,.T.);
#1668=ORIENTED_EDGE('',*,*,#1281,.F.);
#1669=ORIENTED_EDGE('',*,*,#1282,.T.);
#1670=ORIENTED_EDGE('',*,*,#1283,.F.);
#1671=ORIENTED_EDGE('',*,*,#1284,.T.);
#1672=ORIENTED_EDGE('',*,*,#1285,.F.);
#1673=ORIENTED_EDGE('',*,*,#1286,.T.);
#1674=ORIENTED_EDGE('',*,*,#1287,.F.);
#1675=ORIENTED_EDGE('',*,*,#1188,.T.);
#1676=ORIENTED_EDGE('',*,*,#1203,.T.);
#1677=ORIENTED_EDGE('',*,*,#1288,.T.);
#1678=ORIENTED_EDGE('',*,*,#1289,.T.);
#1679=ORIENTED_EDGE('',*,*,#1196,.T.);
#1680=ORIENTED_EDGE('',*,*,#1288,.F.);
#1681=ORIENTED_EDGE('',*,*,#1202,.F.);
#1682=ORIENTED_EDGE('',*,*,#1290,.F.);
#1683=ORIENTED_EDGE('',*,*,#1291,.F.);
#1684=ORIENTED_EDGE('',*,*,#1201,.T.);
#1685=ORIENTED_EDGE('',*,*,#1292,.T.);
#1686=ORIENTED_EDGE('',*,*,#1293,.T.);
#1687=ORIENTED_EDGE('',*,*,#1290,.T.);
#1688=ORIENTED_EDGE('',*,*,#1292,.F.);
#1689=ORIENTED_EDGE('',*,*,#1200,.T.);
#1690=ORIENTED_EDGE('',*,*,#1294,.F.);
#1691=ORIENTED_EDGE('',*,*,#1295,.T.);
#1692=ORIENTED_EDGE('',*,*,#1296,.T.);
#1693=ORIENTED_EDGE('',*,*,#1294,.T.);
#1694=ORIENTED_EDGE('',*,*,#1199,.T.);
#1695=ORIENTED_EDGE('',*,*,#1297,.T.);
#1696=ORIENTED_EDGE('',*,*,#1283,.T.);
#1697=ORIENTED_EDGE('',*,*,#1298,.T.);
#1698=ORIENTED_EDGE('',*,*,#1299,.T.);
#1699=ORIENTED_EDGE('',*,*,#1300,.T.);
#1700=ORIENTED_EDGE('',*,*,#1298,.F.);
#1701=ORIENTED_EDGE('',*,*,#1282,.F.);
#1702=ORIENTED_EDGE('',*,*,#1301,.F.);
#1703=ORIENTED_EDGE('',*,*,#1302,.F.);
#1704=ORIENTED_EDGE('',*,*,#1281,.T.);
#1705=ORIENTED_EDGE('',*,*,#1303,.T.);
#1706=ORIENTED_EDGE('',*,*,#1304,.T.);
#1707=ORIENTED_EDGE('',*,*,#1301,.T.);
#1708=ORIENTED_EDGE('',*,*,#1303,.F.);
#1709=ORIENTED_EDGE('',*,*,#1280,.F.);
#1710=ORIENTED_EDGE('',*,*,#1305,.F.);
#1711=ORIENTED_EDGE('',*,*,#1306,.F.);
#1712=ORIENTED_EDGE('',*,*,#1287,.T.);
#1713=ORIENTED_EDGE('',*,*,#1307,.T.);
#1714=ORIENTED_EDGE('',*,*,#1308,.T.);
#1715=ORIENTED_EDGE('',*,*,#1305,.T.);
#1716=ORIENTED_EDGE('',*,*,#1307,.F.);
#1717=ORIENTED_EDGE('',*,*,#1286,.F.);
#1718=ORIENTED_EDGE('',*,*,#1309,.F.);
#1719=ORIENTED_EDGE('',*,*,#1310,.F.);
#1720=ORIENTED_EDGE('',*,*,#1285,.T.);
#1721=ORIENTED_EDGE('',*,*,#1311,.T.);
#1722=ORIENTED_EDGE('',*,*,#1312,.T.);
#1723=ORIENTED_EDGE('',*,*,#1309,.T.);
#1724=ORIENTED_EDGE('',*,*,#1300,.F.);
#1725=ORIENTED_EDGE('',*,*,#1313,.F.);
#1726=ORIENTED_EDGE('',*,*,#1311,.F.);
#1727=ORIENTED_EDGE('',*,*,#1284,.F.);
#1728=ORIENTED_EDGE('',*,*,#1277,.T.);
#1729=ORIENTED_EDGE('',*,*,#1314,.T.);
#1730=ORIENTED_EDGE('',*,*,#1315,.T.);
#1731=ORIENTED_EDGE('',*,*,#1316,.T.);
#1732=ORIENTED_EDGE('',*,*,#1314,.F.);
#1733=ORIENTED_EDGE('',*,*,#1276,.F.);
#1734=ORIENTED_EDGE('',*,*,#1317,.F.);
#1735=ORIENTED_EDGE('',*,*,#1318,.F.);
#1736=ORIENTED_EDGE('',*,*,#1279,.T.);
#1737=ORIENTED_EDGE('',*,*,#1319,.T.);
#1738=ORIENTED_EDGE('',*,*,#1320,.T.);
#1739=ORIENTED_EDGE('',*,*,#1321,.T.);
#1740=ORIENTED_EDGE('',*,*,#1316,.F.);
#1741=ORIENTED_EDGE('',*,*,#1322,.F.);
#1742=ORIENTED_EDGE('',*,*,#1319,.F.);
#1743=ORIENTED_EDGE('',*,*,#1278,.F.);
#1744=ORIENTED_EDGE('',*,*,#1273,.T.);
#1745=ORIENTED_EDGE('',*,*,#1323,.T.);
#1746=ORIENTED_EDGE('',*,*,#1324,.T.);
#1747=ORIENTED_EDGE('',*,*,#1325,.T.);
#1748=ORIENTED_EDGE('',*,*,#1321,.F.);
#1749=ORIENTED_EDGE('',*,*,#1326,.F.);
#1750=ORIENTED_EDGE('',*,*,#1323,.F.);
#1751=ORIENTED_EDGE('',*,*,#1272,.F.);
#1752=ORIENTED_EDGE('',*,*,#1275,.T.);
#1753=ORIENTED_EDGE('',*,*,#1327,.T.);
#1754=ORIENTED_EDGE('',*,*,#1328,.T.);
#1755=ORIENTED_EDGE('',*,*,#1317,.T.);
#1756=ORIENTED_EDGE('',*,*,#1325,.F.);
#1757=ORIENTED_EDGE('',*,*,#1329,.F.);
#1758=ORIENTED_EDGE('',*,*,#1327,.F.);
#1759=ORIENTED_EDGE('',*,*,#1274,.F.);
#1760=ORIENTED_EDGE('',*,*,#1330,.F.);
#1761=ORIENTED_EDGE('',*,*,#1331,.T.);
#1762=ORIENTED_EDGE('',*,*,#1271,.F.);
#1763=ORIENTED_EDGE('',*,*,#1331,.F.);
#1764=ORIENTED_EDGE('',*,*,#1332,.F.);
#1765=ORIENTED_EDGE('',*,*,#1333,.T.);
#1766=ORIENTED_EDGE('',*,*,#1270,.F.);
#1767=ORIENTED_EDGE('',*,*,#1333,.F.);
#1768=ORIENTED_EDGE('',*,*,#1334,.F.);
#1769=ORIENTED_EDGE('',*,*,#1335,.T.);
#1770=ORIENTED_EDGE('',*,*,#1269,.F.);
#1771=ORIENTED_EDGE('',*,*,#1335,.F.);
#1772=ORIENTED_EDGE('',*,*,#1336,.F.);
#1773=ORIENTED_EDGE('',*,*,#1337,.T.);
#1774=ORIENTED_EDGE('',*,*,#1268,.F.);
#1775=ORIENTED_EDGE('',*,*,#1337,.F.);
#1776=ORIENTED_EDGE('',*,*,#1192,.F.);
#1777=ORIENTED_EDGE('',*,*,#1338,.F.);
#1778=ORIENTED_EDGE('',*,*,#1297,.F.);
#1779=ORIENTED_EDGE('',*,*,#1198,.F.);
#1780=ORIENTED_EDGE('',*,*,#1339,.T.);
#1781=ORIENTED_EDGE('',*,*,#1340,.T.);
#1782=ORIENTED_EDGE('',*,*,#1267,.F.);
#1783=ORIENTED_EDGE('',*,*,#1341,.F.);
#1784=ORIENTED_EDGE('',*,*,#1342,.T.);
#1785=ORIENTED_EDGE('',*,*,#1341,.T.);
#1786=ORIENTED_EDGE('',*,*,#1266,.F.);
#1787=ORIENTED_EDGE('',*,*,#1343,.F.);
#1788=ORIENTED_EDGE('',*,*,#1344,.T.);
#1789=ORIENTED_EDGE('',*,*,#1343,.T.);
#1790=ORIENTED_EDGE('',*,*,#1265,.F.);
#1791=ORIENTED_EDGE('',*,*,#1345,.F.);
#1792=ORIENTED_EDGE('',*,*,#1346,.T.);
#1793=ORIENTED_EDGE('',*,*,#1345,.T.);
#1794=ORIENTED_EDGE('',*,*,#1264,.F.);
#1795=ORIENTED_EDGE('',*,*,#1347,.F.);
#1796=ORIENTED_EDGE('',*,*,#1348,.T.);
#1797=ORIENTED_EDGE('',*,*,#1347,.T.);
#1798=ORIENTED_EDGE('',*,*,#1263,.F.);
#1799=ORIENTED_EDGE('',*,*,#1349,.F.);
#1800=ORIENTED_EDGE('',*,*,#1350,.T.);
#1801=ORIENTED_EDGE('',*,*,#1349,.T.);
#1802=ORIENTED_EDGE('',*,*,#1262,.F.);
#1803=ORIENTED_EDGE('',*,*,#1351,.F.);
#1804=ORIENTED_EDGE('',*,*,#1352,.T.);
#1805=ORIENTED_EDGE('',*,*,#1351,.T.);
#1806=ORIENTED_EDGE('',*,*,#1261,.F.);
#1807=ORIENTED_EDGE('',*,*,#1353,.F.);
#1808=ORIENTED_EDGE('',*,*,#1354,.T.);
#1809=ORIENTED_EDGE('',*,*,#1353,.T.);
#1810=ORIENTED_EDGE('',*,*,#1260,.F.);
#1811=ORIENTED_EDGE('',*,*,#1340,.F.);
#1812=ORIENTED_EDGE('',*,*,#1355,.T.);
#1813=ORIENTED_EDGE('',*,*,#1356,.T.);
#1814=ORIENTED_EDGE('',*,*,#1259,.F.);
#1815=ORIENTED_EDGE('',*,*,#1357,.F.);
#1816=ORIENTED_EDGE('',*,*,#1358,.T.);
#1817=ORIENTED_EDGE('',*,*,#1357,.T.);
#1818=ORIENTED_EDGE('',*,*,#1258,.F.);
#1819=ORIENTED_EDGE('',*,*,#1359,.F.);
#1820=ORIENTED_EDGE('',*,*,#1360,.T.);
#1821=ORIENTED_EDGE('',*,*,#1359,.T.);
#1822=ORIENTED_EDGE('',*,*,#1257,.F.);
#1823=ORIENTED_EDGE('',*,*,#1361,.F.);
#1824=ORIENTED_EDGE('',*,*,#1362,.T.);
#1825=ORIENTED_EDGE('',*,*,#1361,.T.);
#1826=ORIENTED_EDGE('',*,*,#1256,.F.);
#1827=ORIENTED_EDGE('',*,*,#1363,.F.);
#1828=ORIENTED_EDGE('',*,*,#1364,.T.);
#1829=ORIENTED_EDGE('',*,*,#1363,.T.);
#1830=ORIENTED_EDGE('',*,*,#1255,.F.);
#1831=ORIENTED_EDGE('',*,*,#1365,.F.);
#1832=ORIENTED_EDGE('',*,*,#1366,.T.);
#1833=ORIENTED_EDGE('',*,*,#1365,.T.);
#1834=ORIENTED_EDGE('',*,*,#1254,.F.);
#1835=ORIENTED_EDGE('',*,*,#1367,.F.);
#1836=ORIENTED_EDGE('',*,*,#1368,.T.);
#1837=ORIENTED_EDGE('',*,*,#1367,.T.);
#1838=ORIENTED_EDGE('',*,*,#1253,.F.);
#1839=ORIENTED_EDGE('',*,*,#1369,.F.);
#1840=ORIENTED_EDGE('',*,*,#1370,.T.);
#1841=ORIENTED_EDGE('',*,*,#1369,.T.);
#1842=ORIENTED_EDGE('',*,*,#1252,.F.);
#1843=ORIENTED_EDGE('',*,*,#1356,.F.);
#1844=ORIENTED_EDGE('',*,*,#1371,.T.);
#1845=ORIENTED_EDGE('',*,*,#1372,.T.);
#1846=ORIENTED_EDGE('',*,*,#1251,.F.);
#1847=ORIENTED_EDGE('',*,*,#1373,.F.);
#1848=ORIENTED_EDGE('',*,*,#1374,.T.);
#1849=ORIENTED_EDGE('',*,*,#1373,.T.);
#1850=ORIENTED_EDGE('',*,*,#1250,.F.);
#1851=ORIENTED_EDGE('',*,*,#1375,.F.);
#1852=ORIENTED_EDGE('',*,*,#1376,.T.);
#1853=ORIENTED_EDGE('',*,*,#1375,.T.);
#1854=ORIENTED_EDGE('',*,*,#1249,.F.);
#1855=ORIENTED_EDGE('',*,*,#1377,.F.);
#1856=ORIENTED_EDGE('',*,*,#1378,.T.);
#1857=ORIENTED_EDGE('',*,*,#1377,.T.);
#1858=ORIENTED_EDGE('',*,*,#1248,.F.);
#1859=ORIENTED_EDGE('',*,*,#1379,.F.);
#1860=ORIENTED_EDGE('',*,*,#1380,.T.);
#1861=ORIENTED_EDGE('',*,*,#1379,.T.);
#1862=ORIENTED_EDGE('',*,*,#1247,.F.);
#1863=ORIENTED_EDGE('',*,*,#1381,.F.);
#1864=ORIENTED_EDGE('',*,*,#1382,.T.);
#1865=ORIENTED_EDGE('',*,*,#1381,.T.);
#1866=ORIENTED_EDGE('',*,*,#1246,.F.);
#1867=ORIENTED_EDGE('',*,*,#1383,.F.);
#1868=ORIENTED_EDGE('',*,*,#1384,.T.);
#1869=ORIENTED_EDGE('',*,*,#1383,.T.);
#1870=ORIENTED_EDGE('',*,*,#1245,.F.);
#1871=ORIENTED_EDGE('',*,*,#1385,.F.);
#1872=ORIENTED_EDGE('',*,*,#1386,.T.);
#1873=ORIENTED_EDGE('',*,*,#1385,.T.);
#1874=ORIENTED_EDGE('',*,*,#1244,.F.);
#1875=ORIENTED_EDGE('',*,*,#1372,.F.);
#1876=ORIENTED_EDGE('',*,*,#1387,.T.);
#1877=ORIENTED_EDGE('',*,*,#1388,.T.);
#1878=ORIENTED_EDGE('',*,*,#1243,.F.);
#1879=ORIENTED_EDGE('',*,*,#1389,.F.);
#1880=ORIENTED_EDGE('',*,*,#1390,.T.);
#1881=ORIENTED_EDGE('',*,*,#1389,.T.);
#1882=ORIENTED_EDGE('',*,*,#1242,.F.);
#1883=ORIENTED_EDGE('',*,*,#1391,.F.);
#1884=ORIENTED_EDGE('',*,*,#1392,.T.);
#1885=ORIENTED_EDGE('',*,*,#1391,.T.);
#1886=ORIENTED_EDGE('',*,*,#1241,.F.);
#1887=ORIENTED_EDGE('',*,*,#1393,.F.);
#1888=ORIENTED_EDGE('',*,*,#1394,.T.);
#1889=ORIENTED_EDGE('',*,*,#1393,.T.);
#1890=ORIENTED_EDGE('',*,*,#1240,.F.);
#1891=ORIENTED_EDGE('',*,*,#1395,.F.);
#1892=ORIENTED_EDGE('',*,*,#1396,.T.);
#1893=ORIENTED_EDGE('',*,*,#1395,.T.);
#1894=ORIENTED_EDGE('',*,*,#1239,.F.);
#1895=ORIENTED_EDGE('',*,*,#1397,.F.);
#1896=ORIENTED_EDGE('',*,*,#1398,.T.);
#1897=ORIENTED_EDGE('',*,*,#1397,.T.);
#1898=ORIENTED_EDGE('',*,*,#1238,.F.);
#1899=ORIENTED_EDGE('',*,*,#1399,.F.);
#1900=ORIENTED_EDGE('',*,*,#1400,.T.);
#1901=ORIENTED_EDGE('',*,*,#1399,.T.);
#1902=ORIENTED_EDGE('',*,*,#1237,.F.);
#1903=ORIENTED_EDGE('',*,*,#1401,.F.);
#1904=ORIENTED_EDGE('',*,*,#1402,.T.);
#1905=ORIENTED_EDGE('',*,*,#1401,.T.);
#1906=ORIENTED_EDGE('',*,*,#1236,.F.);
#1907=ORIENTED_EDGE('',*,*,#1388,.F.);
#1908=ORIENTED_EDGE('',*,*,#1403,.T.);
#1909=ORIENTED_EDGE('',*,*,#1404,.T.);
#1910=ORIENTED_EDGE('',*,*,#1235,.F.);
#1911=ORIENTED_EDGE('',*,*,#1405,.F.);
#1912=ORIENTED_EDGE('',*,*,#1406,.T.);
#1913=ORIENTED_EDGE('',*,*,#1405,.T.);
#1914=ORIENTED_EDGE('',*,*,#1234,.F.);
#1915=ORIENTED_EDGE('',*,*,#1407,.F.);
#1916=ORIENTED_EDGE('',*,*,#1408,.T.);
#1917=ORIENTED_EDGE('',*,*,#1407,.T.);
#1918=ORIENTED_EDGE('',*,*,#1233,.F.);
#1919=ORIENTED_EDGE('',*,*,#1409,.F.);
#1920=ORIENTED_EDGE('',*,*,#1410,.T.);
#1921=ORIENTED_EDGE('',*,*,#1409,.T.);
#1922=ORIENTED_EDGE('',*,*,#1232,.F.);
#1923=ORIENTED_EDGE('',*,*,#1411,.F.);
#1924=ORIENTED_EDGE('',*,*,#1412,.T.);
#1925=ORIENTED_EDGE('',*,*,#1411,.T.);
#1926=ORIENTED_EDGE('',*,*,#1231,.F.);
#1927=ORIENTED_EDGE('',*,*,#1413,.F.);
#1928=ORIENTED_EDGE('',*,*,#1414,.T.);
#1929=ORIENTED_EDGE('',*,*,#1413,.T.);
#1930=ORIENTED_EDGE('',*,*,#1230,.F.);
#1931=ORIENTED_EDGE('',*,*,#1415,.F.);
#1932=ORIENTED_EDGE('',*,*,#1416,.T.);
#1933=ORIENTED_EDGE('',*,*,#1415,.T.);
#1934=ORIENTED_EDGE('',*,*,#1229,.F.);
#1935=ORIENTED_EDGE('',*,*,#1417,.F.);
#1936=ORIENTED_EDGE('',*,*,#1418,.T.);
#1937=ORIENTED_EDGE('',*,*,#1417,.T.);
#1938=ORIENTED_EDGE('',*,*,#1228,.F.);
#1939=ORIENTED_EDGE('',*,*,#1404,.F.);
#1940=ORIENTED_EDGE('',*,*,#1419,.T.);
#1941=ORIENTED_EDGE('',*,*,#1420,.T.);
#1942=ORIENTED_EDGE('',*,*,#1227,.F.);
#1943=ORIENTED_EDGE('',*,*,#1421,.F.);
#1944=ORIENTED_EDGE('',*,*,#1422,.T.);
#1945=ORIENTED_EDGE('',*,*,#1421,.T.);
#1946=ORIENTED_EDGE('',*,*,#1226,.F.);
#1947=ORIENTED_EDGE('',*,*,#1423,.F.);
#1948=ORIENTED_EDGE('',*,*,#1424,.T.);
#1949=ORIENTED_EDGE('',*,*,#1423,.T.);
#1950=ORIENTED_EDGE('',*,*,#1225,.F.);
#1951=ORIENTED_EDGE('',*,*,#1425,.F.);
#1952=ORIENTED_EDGE('',*,*,#1426,.T.);
#1953=ORIENTED_EDGE('',*,*,#1425,.T.);
#1954=ORIENTED_EDGE('',*,*,#1224,.F.);
#1955=ORIENTED_EDGE('',*,*,#1427,.F.);
#1956=ORIENTED_EDGE('',*,*,#1428,.T.);
#1957=ORIENTED_EDGE('',*,*,#1427,.T.);
#1958=ORIENTED_EDGE('',*,*,#1223,.F.);
#1959=ORIENTED_EDGE('',*,*,#1429,.F.);
#1960=ORIENTED_EDGE('',*,*,#1430,.T.);
#1961=ORIENTED_EDGE('',*,*,#1429,.T.);
#1962=ORIENTED_EDGE('',*,*,#1222,.F.);
#1963=ORIENTED_EDGE('',*,*,#1431,.F.);
#1964=ORIENTED_EDGE('',*,*,#1432,.T.);
#1965=ORIENTED_EDGE('',*,*,#1431,.T.);
#1966=ORIENTED_EDGE('',*,*,#1221,.F.);
#1967=ORIENTED_EDGE('',*,*,#1433,.F.);
#1968=ORIENTED_EDGE('',*,*,#1434,.T.);
#1969=ORIENTED_EDGE('',*,*,#1433,.T.);
#1970=ORIENTED_EDGE('',*,*,#1220,.F.);
#1971=ORIENTED_EDGE('',*,*,#1420,.F.);
#1972=ORIENTED_EDGE('',*,*,#1435,.T.);
#1973=ORIENTED_EDGE('',*,*,#1436,.T.);
#1974=ORIENTED_EDGE('',*,*,#1219,.F.);
#1975=ORIENTED_EDGE('',*,*,#1437,.F.);
#1976=ORIENTED_EDGE('',*,*,#1438,.T.);
#1977=ORIENTED_EDGE('',*,*,#1437,.T.);
#1978=ORIENTED_EDGE('',*,*,#1218,.F.);
#1979=ORIENTED_EDGE('',*,*,#1439,.F.);
#1980=ORIENTED_EDGE('',*,*,#1440,.T.);
#1981=ORIENTED_EDGE('',*,*,#1439,.T.);
#1982=ORIENTED_EDGE('',*,*,#1217,.F.);
#1983=ORIENTED_EDGE('',*,*,#1441,.F.);
#1984=ORIENTED_EDGE('',*,*,#1442,.T.);
#1985=ORIENTED_EDGE('',*,*,#1441,.T.);
#1986=ORIENTED_EDGE('',*,*,#1216,.F.);
#1987=ORIENTED_EDGE('',*,*,#1443,.F.);
#1988=ORIENTED_EDGE('',*,*,#1444,.T.);
#1989=ORIENTED_EDGE('',*,*,#1443,.T.);
#1990=ORIENTED_EDGE('',*,*,#1215,.F.);
#1991=ORIENTED_EDGE('',*,*,#1445,.F.);
#1992=ORIENTED_EDGE('',*,*,#1446,.T.);
#1993=ORIENTED_EDGE('',*,*,#1445,.T.);
#1994=ORIENTED_EDGE('',*,*,#1214,.F.);
#1995=ORIENTED_EDGE('',*,*,#1447,.F.);
#1996=ORIENTED_EDGE('',*,*,#1448,.T.);
#1997=ORIENTED_EDGE('',*,*,#1447,.T.);
#1998=ORIENTED_EDGE('',*,*,#1213,.F.);
#1999=ORIENTED_EDGE('',*,*,#1449,.F.);
#2000=ORIENTED_EDGE('',*,*,#1450,.T.);
#2001=ORIENTED_EDGE('',*,*,#1449,.T.);
#2002=ORIENTED_EDGE('',*,*,#1212,.F.);
#2003=ORIENTED_EDGE('',*,*,#1436,.F.);
#2004=ORIENTED_EDGE('',*,*,#1451,.T.);
#2005=ORIENTED_EDGE('',*,*,#1452,.T.);
#2006=ORIENTED_EDGE('',*,*,#1211,.F.);
#2007=ORIENTED_EDGE('',*,*,#1453,.F.);
#2008=ORIENTED_EDGE('',*,*,#1454,.T.);
#2009=ORIENTED_EDGE('',*,*,#1453,.T.);
#2010=ORIENTED_EDGE('',*,*,#1210,.F.);
#2011=ORIENTED_EDGE('',*,*,#1455,.F.);
#2012=ORIENTED_EDGE('',*,*,#1456,.T.);
#2013=ORIENTED_EDGE('',*,*,#1455,.T.);
#2014=ORIENTED_EDGE('',*,*,#1209,.F.);
#2015=ORIENTED_EDGE('',*,*,#1457,.F.);
#2016=ORIENTED_EDGE('',*,*,#1458,.T.);
#2017=ORIENTED_EDGE('',*,*,#1457,.T.);
#2018=ORIENTED_EDGE('',*,*,#1208,.F.);
#2019=ORIENTED_EDGE('',*,*,#1459,.F.);
#2020=ORIENTED_EDGE('',*,*,#1460,.T.);
#2021=ORIENTED_EDGE('',*,*,#1459,.T.);
#2022=ORIENTED_EDGE('',*,*,#1207,.F.);
#2023=ORIENTED_EDGE('',*,*,#1461,.F.);
#2024=ORIENTED_EDGE('',*,*,#1462,.T.);
#2025=ORIENTED_EDGE('',*,*,#1461,.T.);
#2026=ORIENTED_EDGE('',*,*,#1206,.F.);
#2027=ORIENTED_EDGE('',*,*,#1463,.F.);
#2028=ORIENTED_EDGE('',*,*,#1464,.T.);
#2029=ORIENTED_EDGE('',*,*,#1463,.T.);
#2030=ORIENTED_EDGE('',*,*,#1205,.F.);
#2031=ORIENTED_EDGE('',*,*,#1465,.F.);
#2032=ORIENTED_EDGE('',*,*,#1466,.T.);
#2033=ORIENTED_EDGE('',*,*,#1465,.T.);
#2034=ORIENTED_EDGE('',*,*,#1204,.F.);
#2035=ORIENTED_EDGE('',*,*,#1452,.F.);
#2036=ORIENTED_EDGE('',*,*,#1191,.F.);
#2037=ORIENTED_EDGE('',*,*,#1197,.T.);
#2038=ORIENTED_EDGE('',*,*,#1289,.F.);
#2039=ORIENTED_EDGE('',*,*,#1291,.T.);
#2040=ORIENTED_EDGE('',*,*,#1293,.F.);
#2041=ORIENTED_EDGE('',*,*,#1295,.F.);
#2042=ORIENTED_EDGE('',*,*,#1296,.F.);
#2043=ORIENTED_EDGE('',*,*,#1338,.T.);
#2044=ORIENTED_EDGE('',*,*,#1354,.F.);
#2045=ORIENTED_EDGE('',*,*,#1339,.F.);
#2046=ORIENTED_EDGE('',*,*,#1342,.F.);
#2047=ORIENTED_EDGE('',*,*,#1344,.F.);
#2048=ORIENTED_EDGE('',*,*,#1346,.F.);
#2049=ORIENTED_EDGE('',*,*,#1348,.F.);
#2050=ORIENTED_EDGE('',*,*,#1350,.F.);
#2051=ORIENTED_EDGE('',*,*,#1352,.F.);
#2052=ORIENTED_EDGE('',*,*,#1370,.F.);
#2053=ORIENTED_EDGE('',*,*,#1355,.F.);
#2054=ORIENTED_EDGE('',*,*,#1358,.F.);
#2055=ORIENTED_EDGE('',*,*,#1360,.F.);
#2056=ORIENTED_EDGE('',*,*,#1362,.F.);
#2057=ORIENTED_EDGE('',*,*,#1364,.F.);
#2058=ORIENTED_EDGE('',*,*,#1366,.F.);
#2059=ORIENTED_EDGE('',*,*,#1368,.F.);
#2060=ORIENTED_EDGE('',*,*,#1386,.F.);
#2061=ORIENTED_EDGE('',*,*,#1371,.F.);
#2062=ORIENTED_EDGE('',*,*,#1374,.F.);
#2063=ORIENTED_EDGE('',*,*,#1376,.F.);
#2064=ORIENTED_EDGE('',*,*,#1378,.F.);
#2065=ORIENTED_EDGE('',*,*,#1380,.F.);
#2066=ORIENTED_EDGE('',*,*,#1382,.F.);
#2067=ORIENTED_EDGE('',*,*,#1384,.F.);
#2068=ORIENTED_EDGE('',*,*,#1402,.F.);
#2069=ORIENTED_EDGE('',*,*,#1387,.F.);
#2070=ORIENTED_EDGE('',*,*,#1390,.F.);
#2071=ORIENTED_EDGE('',*,*,#1392,.F.);
#2072=ORIENTED_EDGE('',*,*,#1394,.F.);
#2073=ORIENTED_EDGE('',*,*,#1396,.F.);
#2074=ORIENTED_EDGE('',*,*,#1398,.F.);
#2075=ORIENTED_EDGE('',*,*,#1400,.F.);
#2076=ORIENTED_EDGE('',*,*,#1418,.F.);
#2077=ORIENTED_EDGE('',*,*,#1403,.F.);
#2078=ORIENTED_EDGE('',*,*,#1406,.F.);
#2079=ORIENTED_EDGE('',*,*,#1408,.F.);
#2080=ORIENTED_EDGE('',*,*,#1410,.F.);
#2081=ORIENTED_EDGE('',*,*,#1412,.F.);
#2082=ORIENTED_EDGE('',*,*,#1414,.F.);
#2083=ORIENTED_EDGE('',*,*,#1416,.F.);
#2084=ORIENTED_EDGE('',*,*,#1434,.F.);
#2085=ORIENTED_EDGE('',*,*,#1419,.F.);
#2086=ORIENTED_EDGE('',*,*,#1422,.F.);
#2087=ORIENTED_EDGE('',*,*,#1424,.F.);
#2088=ORIENTED_EDGE('',*,*,#1426,.F.);
#2089=ORIENTED_EDGE('',*,*,#1428,.F.);
#2090=ORIENTED_EDGE('',*,*,#1430,.F.);
#2091=ORIENTED_EDGE('',*,*,#1432,.F.);
#2092=ORIENTED_EDGE('',*,*,#1450,.F.);
#2093=ORIENTED_EDGE('',*,*,#1435,.F.);
#2094=ORIENTED_EDGE('',*,*,#1438,.F.);
#2095=ORIENTED_EDGE('',*,*,#1440,.F.);
#2096=ORIENTED_EDGE('',*,*,#1442,.F.);
#2097=ORIENTED_EDGE('',*,*,#1444,.F.);
#2098=ORIENTED_EDGE('',*,*,#1446,.F.);
#2099=ORIENTED_EDGE('',*,*,#1448,.F.);
#2100=ORIENTED_EDGE('',*,*,#1466,.F.);
#2101=ORIENTED_EDGE('',*,*,#1451,.F.);
#2102=ORIENTED_EDGE('',*,*,#1454,.F.);
#2103=ORIENTED_EDGE('',*,*,#1456,.F.);
#2104=ORIENTED_EDGE('',*,*,#1458,.F.);
#2105=ORIENTED_EDGE('',*,*,#1460,.F.);
#2106=ORIENTED_EDGE('',*,*,#1462,.F.);
#2107=ORIENTED_EDGE('',*,*,#1464,.F.);
#2108=ORIENTED_EDGE('',*,*,#1336,.T.);
#2109=ORIENTED_EDGE('',*,*,#1334,.T.);
#2110=ORIENTED_EDGE('',*,*,#1332,.T.);
#2111=ORIENTED_EDGE('',*,*,#1330,.T.);
#2112=ORIENTED_EDGE('',*,*,#1326,.T.);
#2113=ORIENTED_EDGE('',*,*,#1320,.F.);
#2114=ORIENTED_EDGE('',*,*,#1322,.T.);
#2115=ORIENTED_EDGE('',*,*,#1315,.F.);
#2116=ORIENTED_EDGE('',*,*,#1318,.T.);
#2117=ORIENTED_EDGE('',*,*,#1328,.F.);
#2118=ORIENTED_EDGE('',*,*,#1329,.T.);
#2119=ORIENTED_EDGE('',*,*,#1324,.F.);
#2120=ORIENTED_EDGE('',*,*,#1306,.T.);
#2121=ORIENTED_EDGE('',*,*,#1308,.F.);
#2122=ORIENTED_EDGE('',*,*,#1310,.T.);
#2123=ORIENTED_EDGE('',*,*,#1312,.F.);
#2124=ORIENTED_EDGE('',*,*,#1313,.T.);
#2125=ORIENTED_EDGE('',*,*,#1299,.F.);
#2126=ORIENTED_EDGE('',*,*,#1302,.T.);
#2127=ORIENTED_EDGE('',*,*,#1304,.F.);
#2128=ORIENTED_EDGE('',*,*,#1190,.T.);
#2129=PLANE('',#2319);
#2130=PLANE('',#2320);
#2131=PLANE('',#2321);
#2132=PLANE('',#2322);
#2133=PLANE('',#2323);
#2134=PLANE('',#2327);
#2135=PLANE('',#2333);
#2136=PLANE('',#2336);
#2137=PLANE('',#2339);
#2138=PLANE('',#2340);
#2139=PLANE('',#2341);
#2140=PLANE('',#2342);
#2141=PLANE('',#2343);
#2142=PLANE('',#2344);
#2143=PLANE('',#2345);
#2144=PLANE('',#2352);
#2145=PLANE('',#2353);
#2146=PLANE('',#2403);
#2147=PLANE('',#2406);
#2148=PLANE('',#2411);
#2149=PLANE('',#2414);
#2150=PLANE('',#2417);
#2151=PLANE('',#2420);
#2152=PLANE('',#2423);
#2153=PLANE('',#2426);
#2154=PLANE('',#2429);
#2155=PLANE('',#2432);
#2156=PLANE('',#2441);
#2157=PLANE('',#2442);
#2158=PLANE('',#2445);
#2159=PLANE('',#2448);
#2160=PLANE('',#2451);
#2161=PLANE('',#2454);
#2162=PLANE('',#2457);
#2163=PLANE('',#2460);
#2164=PLANE('',#2463);
#2165=PLANE('',#2466);
#2166=PLANE('',#2469);
#2167=PLANE('',#2472);
#2168=PLANE('',#2475);
#2169=PLANE('',#2478);
#2170=PLANE('',#2481);
#2171=PLANE('',#2484);
#2172=PLANE('',#2487);
#2173=PLANE('',#2490);
#2174=PLANE('',#2493);
#2175=PLANE('',#2496);
#2176=PLANE('',#2499);
#2177=PLANE('',#2502);
#2178=PLANE('',#2505);
#2179=PLANE('',#2508);
#2180=PLANE('',#2511);
#2181=PLANE('',#2514);
#2182=PLANE('',#2517);
#2183=PLANE('',#2520);
#2184=PLANE('',#2523);
#2185=PLANE('',#2526);
#2186=PLANE('',#2529);
#2187=PLANE('',#2532);
#2188=PLANE('',#2535);
#2189=PLANE('',#2538);
#2190=ADVANCED_FACE('',(#207),#2129,.F.);
#2191=ADVANCED_FACE('',(#208),#2130,.F.);
#2192=ADVANCED_FACE('',(#209),#2131,.F.);
#2193=ADVANCED_FACE('',(#210),#2132,.F.);
#2194=ADVANCED_FACE('',(#211),#2133,.T.);
#2195=ADVANCED_FACE('',(#212),#154,.T.);
#2196=ADVANCED_FACE('',(#213,#17),#2134,.T.);
#2197=ADVANCED_FACE('',(#214),#155,.T.);
#2198=ADVANCED_FACE('',(#215),#2135,.T.);
#2199=ADVANCED_FACE('',(#216),#156,.T.);
#2200=ADVANCED_FACE('',(#217),#2136,.T.);
#2201=ADVANCED_FACE('',(#218),#157,.T.);
#2202=ADVANCED_FACE('',(#219),#2137,.T.);
#2203=ADVANCED_FACE('',(#220),#2138,.T.);
#2204=ADVANCED_FACE('',(#221),#2139,.T.);
#2205=ADVANCED_FACE('',(#222),#2140,.T.);
#2206=ADVANCED_FACE('',(#223),#2141,.T.);
#2207=ADVANCED_FACE('',(#224),#2142,.T.);
#2208=ADVANCED_FACE('',(#225),#2143,.F.);
#2209=ADVANCED_FACE('',(#226),#158,.F.);
#2210=ADVANCED_FACE('',(#227),#159,.T.);
#2211=ADVANCED_FACE('',(#228),#2144,.F.);
#2212=ADVANCED_FACE('',(#229,#18,#19,#20,#21,#22,#23,#24,#25,#26,#27,#28,
#29,#30,#31,#32),#2145,.T.);
#2213=ADVANCED_FACE('',(#230),#160,.T.);
#2214=ADVANCED_FACE('',(#231),#2146,.T.);
#2215=ADVANCED_FACE('',(#232),#161,.T.);
#2216=ADVANCED_FACE('',(#233),#2147,.T.);
#2217=ADVANCED_FACE('',(#234),#162,.T.);
#2218=ADVANCED_FACE('',(#235),#163,.F.);
#2219=ADVANCED_FACE('',(#236),#2148,.F.);
#2220=ADVANCED_FACE('',(#237),#164,.F.);
#2221=ADVANCED_FACE('',(#238),#2149,.F.);
#2222=ADVANCED_FACE('',(#239),#165,.F.);
#2223=ADVANCED_FACE('',(#240),#2150,.F.);
#2224=ADVANCED_FACE('',(#241),#166,.F.);
#2225=ADVANCED_FACE('',(#242),#2151,.F.);
#2226=ADVANCED_FACE('',(#243),#167,.F.);
#2227=ADVANCED_FACE('',(#244),#2152,.F.);
#2228=ADVANCED_FACE('',(#245),#168,.F.);
#2229=ADVANCED_FACE('',(#246),#2153,.F.);
#2230=ADVANCED_FACE('',(#247),#169,.F.);
#2231=ADVANCED_FACE('',(#248),#2154,.F.);
#2232=ADVANCED_FACE('',(#249),#170,.F.);
#2233=ADVANCED_FACE('',(#250),#2155,.F.);
#2234=ADVANCED_FACE('',(#251),#171,.F.);
#2235=ADVANCED_FACE('',(#252),#172,.F.);
#2236=ADVANCED_FACE('',(#253),#173,.F.);
#2237=ADVANCED_FACE('',(#254),#174,.F.);
#2238=ADVANCED_FACE('',(#255),#2156,.T.);
#2239=ADVANCED_FACE('',(#256),#2157,.T.);
#2240=ADVANCED_FACE('',(#257),#175,.F.);
#2241=ADVANCED_FACE('',(#258),#2158,.T.);
#2242=ADVANCED_FACE('',(#259),#176,.F.);
#2243=ADVANCED_FACE('',(#260),#2159,.T.);
#2244=ADVANCED_FACE('',(#261),#177,.F.);
#2245=ADVANCED_FACE('',(#262),#2160,.T.);
#2246=ADVANCED_FACE('',(#263),#178,.F.);
#2247=ADVANCED_FACE('',(#264),#2161,.T.);
#2248=ADVANCED_FACE('',(#265),#179,.F.);
#2249=ADVANCED_FACE('',(#266),#2162,.T.);
#2250=ADVANCED_FACE('',(#267),#180,.F.);
#2251=ADVANCED_FACE('',(#268),#2163,.T.);
#2252=ADVANCED_FACE('',(#269),#181,.F.);
#2253=ADVANCED_FACE('',(#270),#2164,.T.);
#2254=ADVANCED_FACE('',(#271),#182,.F.);
#2255=ADVANCED_FACE('',(#272),#2165,.T.);
#2256=ADVANCED_FACE('',(#273),#183,.F.);
#2257=ADVANCED_FACE('',(#274),#2166,.T.);
#2258=ADVANCED_FACE('',(#275),#184,.F.);
#2259=ADVANCED_FACE('',(#276),#2167,.T.);
#2260=ADVANCED_FACE('',(#277),#185,.F.);
#2261=ADVANCED_FACE('',(#278),#2168,.T.);
#2262=ADVANCED_FACE('',(#279),#186,.F.);
#2263=ADVANCED_FACE('',(#280),#2169,.T.);
#2264=ADVANCED_FACE('',(#281),#187,.F.);
#2265=ADVANCED_FACE('',(#282),#2170,.T.);
#2266=ADVANCED_FACE('',(#283),#188,.F.);
#2267=ADVANCED_FACE('',(#284),#2171,.T.);
#2268=ADVANCED_FACE('',(#285),#189,.F.);
#2269=ADVANCED_FACE('',(#286),#2172,.T.);
#2270=ADVANCED_FACE('',(#287),#190,.F.);
#2271=ADVANCED_FACE('',(#288),#2173,.T.);
#2272=ADVANCED_FACE('',(#289),#191,.F.);
#2273=ADVANCED_FACE('',(#290),#2174,.T.);
#2274=ADVANCED_FACE('',(#291),#192,.F.);
#2275=ADVANCED_FACE('',(#292),#2175,.T.);
#2276=ADVANCED_FACE('',(#293),#193,.F.);
#2277=ADVANCED_FACE('',(#294),#2176,.T.);
#2278=ADVANCED_FACE('',(#295),#194,.F.);
#2279=ADVANCED_FACE('',(#296),#2177,.T.);
#2280=ADVANCED_FACE('',(#297),#195,.F.);
#2281=ADVANCED_FACE('',(#298),#2178,.T.);
#2282=ADVANCED_FACE('',(#299),#196,.F.);
#2283=ADVANCED_FACE('',(#300),#2179,.T.);
#2284=ADVANCED_FACE('',(#301),#197,.F.);
#2285=ADVANCED_FACE('',(#302),#2180,.T.);
#2286=ADVANCED_FACE('',(#303),#198,.F.);
#2287=ADVANCED_FACE('',(#304),#2181,.T.);
#2288=ADVANCED_FACE('',(#305),#199,.F.);
#2289=ADVANCED_FACE('',(#306),#2182,.T.);
#2290=ADVANCED_FACE('',(#307),#200,.F.);
#2291=ADVANCED_FACE('',(#308),#2183,.T.);
#2292=ADVANCED_FACE('',(#309),#201,.F.);
#2293=ADVANCED_FACE('',(#310),#2184,.T.);
#2294=ADVANCED_FACE('',(#311),#202,.F.);
#2295=ADVANCED_FACE('',(#312),#2185,.T.);
#2296=ADVANCED_FACE('',(#313),#203,.F.);
#2297=ADVANCED_FACE('',(#314),#2186,.T.);
#2298=ADVANCED_FACE('',(#315),#204,.F.);
#2299=ADVANCED_FACE('',(#316),#2187,.T.);
#2300=ADVANCED_FACE('',(#317),#205,.F.);
#2301=ADVANCED_FACE('',(#318),#2188,.T.);
#2302=ADVANCED_FACE('',(#319),#206,.F.);
#2303=ADVANCED_FACE('',(#320,#33,#34,#35,#36,#37,#38,#39,#40,#41,#42,#43,
#44,#45,#46,#47),#2189,.F.);
#2304=CLOSED_SHELL('',(#2190,#2191,#2192,#2193,#2194,#2195,#2196,#2197,
#2198,#2199,#2200,#2201,#2202,#2203,#2204,#2205,#2206,#2207,#2208));
#2305=CLOSED_SHELL('',(#2209,#2210,#2211,#2212,#2213,#2214,#2215,#2216,
#2217,#2218,#2219,#2220,#2221,#2222,#2223,#2224,#2225,#2226,#2227,#2228,
#2229,#2230,#2231,#2232,#2233,#2234,#2235,#2236,#2237,#2238,#2239,#2240,
#2241,#2242,#2243,#2244,#2245,#2246,#2247,#2248,#2249,#2250,#2251,#2252,
#2253,#2254,#2255,#2256,#2257,#2258,#2259,#2260,#2261,#2262,#2263,#2264,
#2265,#2266,#2267,#2268,#2269,#2270,#2271,#2272,#2273,#2274,#2275,#2276,
#2277,#2278,#2279,#2280,#2281,#2282,#2283,#2284,#2285,#2286,#2287,#2288,
#2289,#2290,#2291,#2292,#2293,#2294,#2295,#2296,#2297,#2298,#2299,#2300,
#2301,#2302,#2303));
#2306=DERIVED_UNIT_ELEMENT(#2308,1.);
#2307=DERIVED_UNIT_ELEMENT(#3877,-3.);
#2308=(
MASS_UNIT()
NAMED_UNIT(*)
SI_UNIT(.KILO.,.GRAM.)
);
#2309=DERIVED_UNIT((#2306,#2307));
#2310=MEASURE_REPRESENTATION_ITEM('density measure',
POSITIVE_RATIO_MEASURE(7850.),#2309);
#2311=PROPERTY_DEFINITION_REPRESENTATION(#2316,#2313);
#2312=PROPERTY_DEFINITION_REPRESENTATION(#2317,#2314);
#2313=REPRESENTATION('material name',(#2315),#3874);
#2314=REPRESENTATION('density',(#2310),#3874);
#2315=DESCRIPTIVE_REPRESENTATION_ITEM('Acero','Acero');
#2316=PROPERTY_DEFINITION('material property','material name',#3884);
#2317=PROPERTY_DEFINITION('material property','density of part',#3884);
#2318=AXIS2_PLACEMENT_3D('',#3206,#2539,#2540);
#2319=AXIS2_PLACEMENT_3D('',#3207,#2541,#2542);
#2320=AXIS2_PLACEMENT_3D('',#3216,#2547,#2548);
#2321=AXIS2_PLACEMENT_3D('',#3224,#2553,#2554);
#2322=AXIS2_PLACEMENT_3D('',#3230,#2558,#2559);
#2323=AXIS2_PLACEMENT_3D('',#3235,#2563,#2564);
#2324=AXIS2_PLACEMENT_3D('',#3245,#2570,#2571);
#2325=AXIS2_PLACEMENT_3D('',#3247,#2572,#2573);
#2326=AXIS2_PLACEMENT_3D('',#3249,#2574,#2575);
#2327=AXIS2_PLACEMENT_3D('',#3251,#2577,#2578);
#2328=AXIS2_PLACEMENT_3D('',#3255,#2580,#2581);
#2329=AXIS2_PLACEMENT_3D('',#3259,#2583,#2584);
#2330=AXIS2_PLACEMENT_3D('',#3262,#2586,#2587);
#2331=AXIS2_PLACEMENT_3D('',#3271,#2592,#2593);
#2332=AXIS2_PLACEMENT_3D('',#3274,#2595,#2596);
#2333=AXIS2_PLACEMENT_3D('',#3275,#2597,#2598);
#2334=AXIS2_PLACEMENT_3D('',#3279,#2601,#2602);
#2335=AXIS2_PLACEMENT_3D('',#3282,#2604,#2605);
#2336=AXIS2_PLACEMENT_3D('',#3283,#2606,#2607);
#2337=AXIS2_PLACEMENT_3D('',#3287,#2610,#2611);
#2338=AXIS2_PLACEMENT_3D('',#3290,#2613,#2614);
#2339=AXIS2_PLACEMENT_3D('',#3291,#2615,#2616);
#2340=AXIS2_PLACEMENT_3D('',#3293,#2618,#2619);
#2341=AXIS2_PLACEMENT_3D('',#3300,#2624,#2625);
#2342=AXIS2_PLACEMENT_3D('',#3304,#2628,#2629);
#2343=AXIS2_PLACEMENT_3D('',#3308,#2632,#2633);
#2344=AXIS2_PLACEMENT_3D('',#3310,#2635,#2636);
#2345=AXIS2_PLACEMENT_3D('',#3311,#2637,#2638);
#2346=AXIS2_PLACEMENT_3D('',#3312,#2639,#2640);
#2347=AXIS2_PLACEMENT_3D('',#3314,#2641,#2642);
#2348=AXIS2_PLACEMENT_3D('',#3317,#2644,#2645);
#2349=AXIS2_PLACEMENT_3D('',#3318,#2646,#2647);
#2350=AXIS2_PLACEMENT_3D('',#3321,#2648,#2649);
#2351=AXIS2_PLACEMENT_3D('',#3325,#2651,#2652);
#2352=AXIS2_PLACEMENT_3D('',#3327,#2654,#2655);
#2353=AXIS2_PLACEMENT_3D('',#3333,#2659,#2660);
#2354=AXIS2_PLACEMENT_3D('',#3337,#2662,#2663);
#2355=AXIS2_PLACEMENT_3D('',#3341,#2665,#2666);
#2356=AXIS2_PLACEMENT_3D('',#3344,#2668,#2669);
#2357=AXIS2_PLACEMENT_3D('',#3347,#2670,#2671);
#2358=AXIS2_PLACEMENT_3D('',#3351,#2673,#2674);
#2359=AXIS2_PLACEMENT_3D('',#3355,#2676,#2677);
#2360=AXIS2_PLACEMENT_3D('',#3359,#2679,#2680);
#2361=AXIS2_PLACEMENT_3D('',#3363,#2682,#2683);
#2362=AXIS2_PLACEMENT_3D('',#3367,#2685,#2686);
#2363=AXIS2_PLACEMENT_3D('',#3371,#2688,#2689);
#2364=AXIS2_PLACEMENT_3D('',#3375,#2691,#2692);
#2365=AXIS2_PLACEMENT_3D('',#3379,#2694,#2695);
#2366=AXIS2_PLACEMENT_3D('',#3383,#2697,#2698);
#2367=AXIS2_PLACEMENT_3D('',#3387,#2700,#2701);
#2368=AXIS2_PLACEMENT_3D('',#3391,#2703,#2704);
#2369=AXIS2_PLACEMENT_3D('',#3395,#2706,#2707);
#2370=AXIS2_PLACEMENT_3D('',#3399,#2709,#2710);
#2371=AXIS2_PLACEMENT_3D('',#3403,#2712,#2713);
#2372=AXIS2_PLACEMENT_3D('',#3407,#2715,#2716);
#2373=AXIS2_PLACEMENT_3D('',#3411,#2718,#2719);
#2374=AXIS2_PLACEMENT_3D('',#3415,#2721,#2722);
#2375=AXIS2_PLACEMENT_3D('',#3419,#2724,#2725);
#2376=AXIS2_PLACEMENT_3D('',#3423,#2727,#2728);
#2377=AXIS2_PLACEMENT_3D('',#3427,#2730,#2731);
#2378=AXIS2_PLACEMENT_3D('',#3431,#2733,#2734);
#2379=AXIS2_PLACEMENT_3D('',#3435,#2736,#2737);
#2380=AXIS2_PLACEMENT_3D('',#3439,#2739,#2740);
#2381=AXIS2_PLACEMENT_3D('',#3443,#2742,#2743);
#2382=AXIS2_PLACEMENT_3D('',#3447,#2745,#2746);
#2383=AXIS2_PLACEMENT_3D('',#3451,#2748,#2749);
#2384=AXIS2_PLACEMENT_3D('',#3455,#2751,#2752);
#2385=AXIS2_PLACEMENT_3D('',#3459,#2754,#2755);
#2386=AXIS2_PLACEMENT_3D('',#3463,#2757,#2758);
#2387=AXIS2_PLACEMENT_3D('',#3467,#2760,#2761);
#2388=AXIS2_PLACEMENT_3D('',#3471,#2763,#2764);
#2389=AXIS2_PLACEMENT_3D('',#3474,#2766,#2767);
#2390=AXIS2_PLACEMENT_3D('',#3476,#2768,#2769);
#2391=AXIS2_PLACEMENT_3D('',#3478,#2770,#2771);
#2392=AXIS2_PLACEMENT_3D('',#3480,#2772,#2773);
#2393=AXIS2_PLACEMENT_3D('',#3485,#2775,#2776);
#2394=AXIS2_PLACEMENT_3D('',#3489,#2778,#2779);
#2395=AXIS2_PLACEMENT_3D('',#3493,#2781,#2782);
#2396=AXIS2_PLACEMENT_3D('',#3496,#2784,#2785);
#2397=AXIS2_PLACEMENT_3D('',#3501,#2787,#2788);
#2398=AXIS2_PLACEMENT_3D('',#3505,#2790,#2791);
#2399=AXIS2_PLACEMENT_3D('',#3509,#2793,#2794);
#2400=AXIS2_PLACEMENT_3D('',#3512,#2796,#2797);
#2401=AXIS2_PLACEMENT_3D('',#3513,#2798,#2799);
#2402=AXIS2_PLACEMENT_3D('',#3516,#2801,#2802);
#2403=AXIS2_PLACEMENT_3D('',#3517,#2803,#2804);
#2404=AXIS2_PLACEMENT_3D('',#3521,#2807,#2808);
#2405=AXIS2_PLACEMENT_3D('',#3524,#2810,#2811);
#2406=AXIS2_PLACEMENT_3D('',#3525,#2812,#2813);
#2407=AXIS2_PLACEMENT_3D('',#3529,#2816,#2817);
#2408=AXIS2_PLACEMENT_3D('',#3531,#2818,#2819);
#2409=AXIS2_PLACEMENT_3D('',#3533,#2821,#2822);
#2410=AXIS2_PLACEMENT_3D('',#3537,#2824,#2825);
#2411=AXIS2_PLACEMENT_3D('',#3539,#2827,#2828);
#2412=AXIS2_PLACEMENT_3D('',#3543,#2831,#2832);
#2413=AXIS2_PLACEMENT_3D('',#3546,#2834,#2835);
#2414=AXIS2_PLACEMENT_3D('',#3547,#2836,#2837);
#2415=AXIS2_PLACEMENT_3D('',#3551,#2840,#2841);
#2416=AXIS2_PLACEMENT_3D('',#3554,#2843,#2844);
#2417=AXIS2_PLACEMENT_3D('',#3555,#2845,#2846);
#2418=AXIS2_PLACEMENT_3D('',#3559,#2849,#2850);
#2419=AXIS2_PLACEMENT_3D('',#3562,#2852,#2853);
#2420=AXIS2_PLACEMENT_3D('',#3563,#2854,#2855);
#2421=AXIS2_PLACEMENT_3D('',#3565,#2857,#2858);
#2422=AXIS2_PLACEMENT_3D('',#3569,#2860,#2861);
#2423=AXIS2_PLACEMENT_3D('',#3571,#2863,#2864);
#2424=AXIS2_PLACEMENT_3D('',#3575,#2867,#2868);
#2425=AXIS2_PLACEMENT_3D('',#3579,#2870,#2871);
#2426=AXIS2_PLACEMENT_3D('',#3581,#2873,#2874);
#2427=AXIS2_PLACEMENT_3D('',#3583,#2876,#2877);
#2428=AXIS2_PLACEMENT_3D('',#3587,#2879,#2880);
#2429=AXIS2_PLACEMENT_3D('',#3589,#2882,#2883);
#2430=AXIS2_PLACEMENT_3D('',#3591,#2885,#2886);
#2431=AXIS2_PLACEMENT_3D('',#3594,#2888,#2889);
#2432=AXIS2_PLACEMENT_3D('',#3595,#2890,#2891);
#2433=AXIS2_PLACEMENT_3D('',#3597,#2893,#2894);
#2434=AXIS2_PLACEMENT_3D('',#3599,#2895,#2896);
#2435=AXIS2_PLACEMENT_3D('',#3601,#2898,#2899);
#2436=AXIS2_PLACEMENT_3D('',#3603,#2900,#2901);
#2437=AXIS2_PLACEMENT_3D('',#3605,#2903,#2904);
#2438=AXIS2_PLACEMENT_3D('',#3607,#2905,#2906);
#2439=AXIS2_PLACEMENT_3D('',#3609,#2908,#2909);
#2440=AXIS2_PLACEMENT_3D('',#3611,#2910,#2911);
#2441=AXIS2_PLACEMENT_3D('',#3613,#2913,#2914);
#2442=AXIS2_PLACEMENT_3D('',#3615,#2916,#2917);
#2443=AXIS2_PLACEMENT_3D('',#3621,#2921,#2922);
#2444=AXIS2_PLACEMENT_3D('',#3623,#2923,#2924);
#2445=AXIS2_PLACEMENT_3D('',#3625,#2926,#2927);
#2446=AXIS2_PLACEMENT_3D('',#3629,#2930,#2931);
#2447=AXIS2_PLACEMENT_3D('',#3631,#2932,#2933);
#2448=AXIS2_PLACEMENT_3D('',#3633,#2935,#2936);
#2449=AXIS2_PLACEMENT_3D('',#3637,#2939,#2940);
#2450=AXIS2_PLACEMENT_3D('',#3639,#2941,#2942);
#2451=AXIS2_PLACEMENT_3D('',#3641,#2944,#2945);
#2452=AXIS2_PLACEMENT_3D('',#3645,#2948,#2949);
#2453=AXIS2_PLACEMENT_3D('',#3646,#2950,#2951);
#2454=AXIS2_PLACEMENT_3D('',#3647,#2952,#2953);
#2455=AXIS2_PLACEMENT_3D('',#3653,#2957,#2958);
#2456=AXIS2_PLACEMENT_3D('',#3655,#2959,#2960);
#2457=AXIS2_PLACEMENT_3D('',#3657,#2962,#2963);
#2458=AXIS2_PLACEMENT_3D('',#3661,#2966,#2967);
#2459=AXIS2_PLACEMENT_3D('',#3663,#2968,#2969);
#2460=AXIS2_PLACEMENT_3D('',#3665,#2971,#2972);
#2461=AXIS2_PLACEMENT_3D('',#3669,#2975,#2976);
#2462=AXIS2_PLACEMENT_3D('',#3671,#2977,#2978);
#2463=AXIS2_PLACEMENT_3D('',#3673,#2980,#2981);
#2464=AXIS2_PLACEMENT_3D('',#3677,#2984,#2985);
#2465=AXIS2_PLACEMENT_3D('',#3678,#2986,#2987);
#2466=AXIS2_PLACEMENT_3D('',#3679,#2988,#2989);
#2467=AXIS2_PLACEMENT_3D('',#3685,#2993,#2994);
#2468=AXIS2_PLACEMENT_3D('',#3687,#2995,#2996);
#2469=AXIS2_PLACEMENT_3D('',#3689,#2998,#2999);
#2470=AXIS2_PLACEMENT_3D('',#3693,#3002,#3003);
#2471=AXIS2_PLACEMENT_3D('',#3695,#3004,#3005);
#2472=AXIS2_PLACEMENT_3D('',#3697,#3007,#3008);
#2473=AXIS2_PLACEMENT_3D('',#3701,#3011,#3012);
#2474=AXIS2_PLACEMENT_3D('',#3703,#3013,#3014);
#2475=AXIS2_PLACEMENT_3D('',#3705,#3016,#3017);
#2476=AXIS2_PLACEMENT_3D('',#3709,#3020,#3021);
#2477=AXIS2_PLACEMENT_3D('',#3710,#3022,#3023);
#2478=AXIS2_PLACEMENT_3D('',#3711,#3024,#3025);
#2479=AXIS2_PLACEMENT_3D('',#3717,#3029,#3030);
#2480=AXIS2_PLACEMENT_3D('',#3719,#3031,#3032);
#2481=AXIS2_PLACEMENT_3D('',#3721,#3034,#3035);
#2482=AXIS2_PLACEMENT_3D('',#3725,#3038,#3039);
#2483=AXIS2_PLACEMENT_3D('',#3727,#3040,#3041);
#2484=AXIS2_PLACEMENT_3D('',#3729,#3043,#3044);
#2485=AXIS2_PLACEMENT_3D('',#3733,#3047,#3048);
#2486=AXIS2_PLACEMENT_3D('',#3735,#3049,#3050);
#2487=AXIS2_PLACEMENT_3D('',#3737,#3052,#3053);
#2488=AXIS2_PLACEMENT_3D('',#3741,#3056,#3057);
#2489=AXIS2_PLACEMENT_3D('',#3742,#3058,#3059);
#2490=AXIS2_PLACEMENT_3D('',#3743,#3060,#3061);
#2491=AXIS2_PLACEMENT_3D('',#3749,#3065,#3066);
#2492=AXIS2_PLACEMENT_3D('',#3751,#3067,#3068);
#2493=AXIS2_PLACEMENT_3D('',#3753,#3070,#3071);
#2494=AXIS2_PLACEMENT_3D('',#3757,#3074,#3075);
#2495=AXIS2_PLACEMENT_3D('',#3759,#3076,#3077);
#2496=AXIS2_PLACEMENT_3D('',#3761,#3079,#3080);
#2497=AXIS2_PLACEMENT_3D('',#3765,#3083,#3084);
#2498=AXIS2_PLACEMENT_3D('',#3767,#3085,#3086);
#2499=AXIS2_PLACEMENT_3D('',#3769,#3088,#3089);
#2500=AXIS2_PLACEMENT_3D('',#3773,#3092,#3093);
#2501=AXIS2_PLACEMENT_3D('',#3774,#3094,#3095);
#2502=AXIS2_PLACEMENT_3D('',#3775,#3096,#3097);
#2503=AXIS2_PLACEMENT_3D('',#3781,#3101,#3102);
#2504=AXIS2_PLACEMENT_3D('',#3783,#3103,#3104);
#2505=AXIS2_PLACEMENT_3D('',#3785,#3106,#3107);
#2506=AXIS2_PLACEMENT_3D('',#3789,#3110,#3111);
#2507=AXIS2_PLACEMENT_3D('',#3791,#3112,#3113);
#2508=AXIS2_PLACEMENT_3D('',#3793,#3115,#3116);
#2509=AXIS2_PLACEMENT_3D('',#3797,#3119,#3120);
#2510=AXIS2_PLACEMENT_3D('',#3799,#3121,#3122);
#2511=AXIS2_PLACEMENT_3D('',#3801,#3124,#3125);
#2512=AXIS2_PLACEMENT_3D('',#3805,#3128,#3129);
#2513=AXIS2_PLACEMENT_3D('',#3806,#3130,#3131);
#2514=AXIS2_PLACEMENT_3D('',#3807,#3132,#3133);
#2515=AXIS2_PLACEMENT_3D('',#3813,#3137,#3138);
#2516=AXIS2_PLACEMENT_3D('',#3815,#3139,#3140);
#2517=AXIS2_PLACEMENT_3D('',#3817,#3142,#3143);
#2518=AXIS2_PLACEMENT_3D('',#3821,#3146,#3147);
#2519=AXIS2_PLACEMENT_3D('',#3823,#3148,#3149);
#2520=AXIS2_PLACEMENT_3D('',#3825,#3151,#3152);
#2521=AXIS2_PLACEMENT_3D('',#3829,#3155,#3156);
#2522=AXIS2_PLACEMENT_3D('',#3831,#3157,#3158);
#2523=AXIS2_PLACEMENT_3D('',#3833,#3160,#3161);
#2524=AXIS2_PLACEMENT_3D('',#3837,#3164,#3165);
#2525=AXIS2_PLACEMENT_3D('',#3838,#3166,#3167);
#2526=AXIS2_PLACEMENT_3D('',#3839,#3168,#3169);
#2527=AXIS2_PLACEMENT_3D('',#3845,#3173,#3174);
#2528=AXIS2_PLACEMENT_3D('',#3847,#3175,#3176);
#2529=AXIS2_PLACEMENT_3D('',#3849,#3178,#3179);
#2530=AXIS2_PLACEMENT_3D('',#3853,#3182,#3183);
#2531=AXIS2_PLACEMENT_3D('',#3855,#3184,#3185);
#2532=AXIS2_PLACEMENT_3D('',#3857,#3187,#3188);
#2533=AXIS2_PLACEMENT_3D('',#3861,#3191,#3192);
#2534=AXIS2_PLACEMENT_3D('',#3863,#3193,#3194);
#2535=AXIS2_PLACEMENT_3D('',#3865,#3196,#3197);
#2536=AXIS2_PLACEMENT_3D('',#3869,#3200,#3201);
#2537=AXIS2_PLACEMENT_3D('',#3870,#3202,#3203);
#2538=AXIS2_PLACEMENT_3D('',#3871,#3204,#3205);
#2539=DIRECTION('axis',(0.,0.,1.));
#2540=DIRECTION('refdir',(1.,0.,0.));
#2541=DIRECTION('center_axis',(1.,0.,0.));
#2542=DIRECTION('ref_axis',(0.,0.,-1.));
#2543=DIRECTION('',(0.,-1.,0.));
#2544=DIRECTION('',(0.,0.,1.));
#2545=DIRECTION('',(0.,1.,0.));
#2546=DIRECTION('',(0.,0.,-1.));
#2547=DIRECTION('center_axis',(0.,-1.,0.));
#2548=DIRECTION('ref_axis',(0.,0.,-1.));
#2549=DIRECTION('',(0.,0.,-1.));
#2550=DIRECTION('',(1.,0.,0.));
#2551=DIRECTION('',(0.,0.,1.));
#2552=DIRECTION('',(1.,0.,0.));
#2553=DIRECTION('center_axis',(0.,0.,1.));
#2554=DIRECTION('ref_axis',(0.,-1.,0.));
#2555=DIRECTION('',(0.,-1.,0.));
#2556=DIRECTION('',(1.,0.,0.));
#2557=DIRECTION('',(0.,1.,0.));
#2558=DIRECTION('center_axis',(0.,1.,0.));
#2559=DIRECTION('ref_axis',(0.,0.,1.));
#2560=DIRECTION('',(0.,0.,1.));
#2561=DIRECTION('',(-1.,0.,0.));
#2562=DIRECTION('',(0.,0.,-1.));
#2563=DIRECTION('center_axis',(-1.,0.,0.));
#2564=DIRECTION('ref_axis',(0.,-1.,0.));
#2565=DIRECTION('',(0.,1.,0.));
#2566=DIRECTION('',(0.,0.,-1.));
#2567=DIRECTION('',(0.,-1.,0.));
#2568=DIRECTION('',(0.,0.,1.));
#2569=DIRECTION('',(0.,1.,0.));
#2570=DIRECTION('center_axis',(0.,0.,1.));
#2571=DIRECTION('ref_axis',(-0.707106781186554,-0.707106781186541,0.));
#2572=DIRECTION('center_axis',(0.,0.,-1.));
#2573=DIRECTION('ref_axis',(-0.707106781186554,-0.707106781186541,0.));
#2574=DIRECTION('center_axis',(0.,0.,1.));
#2575=DIRECTION('ref_axis',(-0.707106781186554,-0.707106781186541,0.));
#2576=DIRECTION('',(0.,0.,1.));
#2577=DIRECTION('center_axis',(0.,0.,1.));
#2578=DIRECTION('ref_axis',(1.,0.,0.));
#2579=DIRECTION('',(1.,0.,0.));
#2580=DIRECTION('center_axis',(0.,0.,-1.));
#2581=DIRECTION('ref_axis',(0.707106781186548,-0.707106781186548,0.));
#2582=DIRECTION('',(0.,1.,0.));
#2583=DIRECTION('center_axis',(0.,0.,-1.));
#2584=DIRECTION('ref_axis',(0.707106781186548,0.707106781186548,0.));
#2585=DIRECTION('',(-1.,0.,0.));
#2586=DIRECTION('center_axis',(0.,0.,-1.));
#2587=DIRECTION('ref_axis',(-0.70710678118654,0.707106781186555,0.));
#2588=DIRECTION('',(0.,-1.,0.));
#2589=DIRECTION('',(-1.,0.,0.));
#2590=DIRECTION('',(0.,1.,0.));
#2591=DIRECTION('',(1.,0.,0.));
#2592=DIRECTION('center_axis',(0.,0.,1.));
#2593=DIRECTION('ref_axis',(-0.70710678118654,0.707106781186555,0.));
#2594=DIRECTION('',(0.,0.,-1.));
#2595=DIRECTION('center_axis',(0.,0.,1.));
#2596=DIRECTION('ref_axis',(-0.70710678118654,0.707106781186555,0.));
#2597=DIRECTION('center_axis',(0.,1.,0.));
#2598=DIRECTION('ref_axis',(-1.,0.,0.));
#2599=DIRECTION('',(0.,0.,1.));
#2600=DIRECTION('',(1.,0.,0.));
#2601=DIRECTION('center_axis',(0.,0.,1.));
#2602=DIRECTION('ref_axis',(0.707106781186548,0.707106781186548,0.));
#2603=DIRECTION('',(0.,0.,-1.));
#2604=DIRECTION('center_axis',(0.,0.,1.));
#2605=DIRECTION('ref_axis',(0.707106781186548,0.707106781186548,0.));
#2606=DIRECTION('center_axis',(1.,0.,0.));
#2607=DIRECTION('ref_axis',(0.,1.,0.));
#2608=DIRECTION('',(0.,0.,1.));
#2609=DIRECTION('',(0.,-1.,0.));
#2610=DIRECTION('center_axis',(0.,0.,1.));
#2611=DIRECTION('ref_axis',(0.707106781186548,-0.707106781186548,0.));
#2612=DIRECTION('',(0.,0.,-1.));
#2613=DIRECTION('center_axis',(0.,0.,1.));
#2614=DIRECTION('ref_axis',(0.707106781186548,-0.707106781186548,0.));
#2615=DIRECTION('center_axis',(0.,-1.,0.));
#2616=DIRECTION('ref_axis',(1.,0.,0.));
#2617=DIRECTION('',(-1.,0.,0.));
#2618=DIRECTION('center_axis',(1.,0.,0.));
#2619=DIRECTION('ref_axis',(0.,1.,0.));
#2620=DIRECTION('',(0.,-1.,0.));
#2621=DIRECTION('',(0.,0.,1.));
#2622=DIRECTION('',(0.,0.,1.));
#2623=DIRECTION('',(0.,-1.,0.));
#2624=DIRECTION('center_axis',(0.,-1.,0.));
#2625=DIRECTION('ref_axis',(1.,0.,0.));
#2626=DIRECTION('',(-1.,0.,0.));
#2627=DIRECTION('',(0.,0.,1.));
#2628=DIRECTION('center_axis',(0.,1.,0.));
#2629=DIRECTION('ref_axis',(-1.,0.,0.));
#2630=DIRECTION('',(1.,0.,0.));
#2631=DIRECTION('',(0.,0.,1.));
#2632=DIRECTION('center_axis',(-1.,0.,0.));
#2633=DIRECTION('ref_axis',(0.,-1.,0.));
#2634=DIRECTION('',(0.,1.,0.));
#2635=DIRECTION('center_axis',(0.,0.,1.));
#2636=DIRECTION('ref_axis',(1.,0.,0.));
#2637=DIRECTION('center_axis',(0.,0.,1.));
#2638=DIRECTION('ref_axis',(1.,0.,0.));
#2639=DIRECTION('center_axis',(0.,0.,-1.));
#2640=DIRECTION('ref_axis',(1.,0.,0.));
#2641=DIRECTION('center_axis',(0.,0.,-1.));
#2642=DIRECTION('ref_axis',(1.,0.,0.));
#2643=DIRECTION('',(0.,0.,-1.));
#2644=DIRECTION('center_axis',(0.,0.,1.));
#2645=DIRECTION('ref_axis',(1.,0.,0.));
#2646=DIRECTION('center_axis',(0.,0.,-1.));
#2647=DIRECTION('ref_axis',(-0.707106781186554,-0.707106781186541,0.));
#2648=DIRECTION('center_axis',(0.,0.,1.));
#2649=DIRECTION('ref_axis',(-0.707106781186554,-0.707106781186541,0.));
#2650=DIRECTION('',(0.,0.,1.));
#2651=DIRECTION('center_axis',(0.,0.,-1.));
#2652=DIRECTION('ref_axis',(-0.707106781186554,-0.707106781186541,0.));
#2653=DIRECTION('',(0.,0.,-1.));
#2654=DIRECTION('center_axis',(1.,0.,0.));
#2655=DIRECTION('ref_axis',(0.,0.,-1.));
#2656=DIRECTION('',(0.,-1.,0.));
#2657=DIRECTION('',(0.,0.,1.));
#2658=DIRECTION('',(0.,1.,0.));
#2659=DIRECTION('center_axis',(0.,0.,1.));
#2660=DIRECTION('ref_axis',(1.,0.,0.));
#2661=DIRECTION('',(1.,0.,0.));
#2662=DIRECTION('center_axis',(0.,0.,-1.));
#2663=DIRECTION('ref_axis',(0.707106781186549,-0.707106781186546,0.));
#2664=DIRECTION('',(0.,-1.,0.));
#2665=DIRECTION('center_axis',(0.,0.,-1.));
#2666=DIRECTION('ref_axis',(0.707106781186548,0.707106781186548,0.));
#2667=DIRECTION('',(-1.,0.,0.));
#2668=DIRECTION('center_axis',(0.,0.,-1.));
#2669=DIRECTION('ref_axis',(-0.707106781186552,0.707106781186543,0.));
#2670=DIRECTION('center_axis',(0.,0.,-1.));
#2671=DIRECTION('ref_axis',(0.,1.,0.));
#2672=DIRECTION('',(1.,0.,0.));
#2673=DIRECTION('center_axis',(0.,0.,-1.));
#2674=DIRECTION('ref_axis',(1.,0.,0.));
#2675=DIRECTION('',(0.,-1.,0.));
#2676=DIRECTION('center_axis',(0.,0.,-1.));
#2677=DIRECTION('ref_axis',(0.,-1.,0.));
#2678=DIRECTION('',(-1.,0.,0.));
#2679=DIRECTION('center_axis',(0.,0.,-1.));
#2680=DIRECTION('ref_axis',(-1.,0.,0.));
#2681=DIRECTION('',(0.,1.,0.));
#2682=DIRECTION('center_axis',(0.,0.,-1.));
#2683=DIRECTION('ref_axis',(0.,1.,0.));
#2684=DIRECTION('',(1.,0.,0.));
#2685=DIRECTION('center_axis',(0.,0.,-1.));
#2686=DIRECTION('ref_axis',(1.,0.,0.));
#2687=DIRECTION('',(0.,-1.,0.));
#2688=DIRECTION('center_axis',(0.,0.,-1.));
#2689=DIRECTION('ref_axis',(0.,-1.,0.));
#2690=DIRECTION('',(-1.,0.,0.));
#2691=DIRECTION('center_axis',(0.,0.,-1.));
#2692=DIRECTION('ref_axis',(-1.,0.,0.));
#2693=DIRECTION('',(0.,1.,0.));
#2694=DIRECTION('center_axis',(0.,0.,-1.));
#2695=DIRECTION('ref_axis',(0.,1.,0.));
#2696=DIRECTION('',(1.,0.,0.));
#2697=DIRECTION('center_axis',(0.,0.,-1.));
#2698=DIRECTION('ref_axis',(1.,0.,0.));
#2699=DIRECTION('',(0.,-1.,0.));
#2700=DIRECTION('center_axis',(0.,0.,-1.));
#2701=DIRECTION('ref_axis',(0.,-1.,0.));
#2702=DIRECTION('',(-1.,0.,0.));
#2703=DIRECTION('center_axis',(0.,0.,-1.));
#2704=DIRECTION('ref_axis',(-1.,0.,0.));
#2705=DIRECTION('',(0.,1.,0.));
#2706=DIRECTION('center_axis',(0.,0.,-1.));
#2707=DIRECTION('ref_axis',(0.,1.,0.));
#2708=DIRECTION('',(1.,0.,0.));
#2709=DIRECTION('center_axis',(0.,0.,-1.));
#2710=DIRECTION('ref_axis',(1.,0.,0.));
#2711=DIRECTION('',(0.,-1.,0.));
#2712=DIRECTION('center_axis',(0.,0.,-1.));
#2713=DIRECTION('ref_axis',(0.,-1.,0.));
#2714=DIRECTION('',(-1.,0.,0.));
#2715=DIRECTION('center_axis',(0.,0.,-1.));
#2716=DIRECTION('ref_axis',(-1.,0.,0.));
#2717=DIRECTION('',(0.,1.,0.));
#2718=DIRECTION('center_axis',(0.,0.,-1.));
#2719=DIRECTION('ref_axis',(0.,1.,0.));
#2720=DIRECTION('',(1.,0.,0.));
#2721=DIRECTION('center_axis',(0.,0.,-1.));
#2722=DIRECTION('ref_axis',(1.,0.,0.));
#2723=DIRECTION('',(0.,-1.,0.));
#2724=DIRECTION('center_axis',(0.,0.,-1.));
#2725=DIRECTION('ref_axis',(0.,-1.,0.));
#2726=DIRECTION('',(-1.,0.,0.));
#2727=DIRECTION('center_axis',(0.,0.,-1.));
#2728=DIRECTION('ref_axis',(-1.,0.,0.));
#2729=DIRECTION('',(0.,1.,0.));
#2730=DIRECTION('center_axis',(0.,0.,-1.));
#2731=DIRECTION('ref_axis',(0.,1.,0.));
#2732=DIRECTION('',(1.,0.,0.));
#2733=DIRECTION('center_axis',(0.,0.,-1.));
#2734=DIRECTION('ref_axis',(1.,0.,0.));
#2735=DIRECTION('',(0.,-1.,0.));
#2736=DIRECTION('center_axis',(0.,0.,-1.));
#2737=DIRECTION('ref_axis',(0.,-1.,0.));
#2738=DIRECTION('',(-1.,0.,0.));
#2739=DIRECTION('center_axis',(0.,0.,-1.));
#2740=DIRECTION('ref_axis',(-1.,0.,0.));
#2741=DIRECTION('',(0.,1.,0.));
#2742=DIRECTION('center_axis',(0.,0.,-1.));
#2743=DIRECTION('ref_axis',(0.,1.,0.));
#2744=DIRECTION('',(1.,0.,0.));
#2745=DIRECTION('center_axis',(0.,0.,-1.));
#2746=DIRECTION('ref_axis',(1.,0.,0.));
#2747=DIRECTION('',(0.,-1.,0.));
#2748=DIRECTION('center_axis',(0.,0.,-1.));
#2749=DIRECTION('ref_axis',(0.,-1.,0.));
#2750=DIRECTION('',(-1.,0.,0.));
#2751=DIRECTION('center_axis',(0.,0.,-1.));
#2752=DIRECTION('ref_axis',(-1.,0.,0.));
#2753=DIRECTION('',(0.,1.,0.));
#2754=DIRECTION('center_axis',(0.,0.,-1.));
#2755=DIRECTION('ref_axis',(0.,1.,0.));
#2756=DIRECTION('',(1.,0.,0.));
#2757=DIRECTION('center_axis',(0.,0.,-1.));
#2758=DIRECTION('ref_axis',(1.,0.,0.));
#2759=DIRECTION('',(0.,-1.,0.));
#2760=DIRECTION('center_axis',(0.,0.,-1.));
#2761=DIRECTION('ref_axis',(0.,-1.,0.));
#2762=DIRECTION('',(-1.,0.,0.));
#2763=DIRECTION('center_axis',(0.,0.,-1.));
#2764=DIRECTION('ref_axis',(-1.,0.,0.));
#2765=DIRECTION('',(0.,1.,0.));
#2766=DIRECTION('center_axis',(0.,0.,-1.));
#2767=DIRECTION('ref_axis',(1.,0.,0.));
#2768=DIRECTION('center_axis',(0.,0.,-1.));
#2769=DIRECTION('ref_axis',(1.,0.,0.));
#2770=DIRECTION('center_axis',(0.,0.,-1.));
#2771=DIRECTION('ref_axis',(1.,0.,0.));
#2772=DIRECTION('center_axis',(0.,0.,-1.));
#2773=DIRECTION('ref_axis',(1.,0.,0.));
#2774=DIRECTION('',(0.,1.,0.));
#2775=DIRECTION('center_axis',(0.,0.,1.));
#2776=DIRECTION('ref_axis',(-0.70710678118654,0.707106781186555,0.));
#2777=DIRECTION('',(1.,0.,0.));
#2778=DIRECTION('center_axis',(0.,0.,1.));
#2779=DIRECTION('ref_axis',(0.707106781186546,0.707106781186549,0.));
#2780=DIRECTION('',(0.,-1.,0.));
#2781=DIRECTION('center_axis',(0.,0.,1.));
#2782=DIRECTION('ref_axis',(0.707106781186544,-0.707106781186551,0.));
#2783=DIRECTION('',(-1.,0.,0.));
#2784=DIRECTION('center_axis',(0.,0.,1.));
#2785=DIRECTION('ref_axis',(-0.707106781186551,-0.707106781186544,0.));
#2786=DIRECTION('',(0.,1.,0.));
#2787=DIRECTION('center_axis',(0.,0.,1.));
#2788=DIRECTION('ref_axis',(-0.707106781186551,0.707106781186544,0.));
#2789=DIRECTION('',(1.,0.,0.));
#2790=DIRECTION('center_axis',(0.,0.,1.));
#2791=DIRECTION('ref_axis',(0.707106781186544,0.707106781186551,0.));
#2792=DIRECTION('',(0.,-1.,0.));
#2793=DIRECTION('center_axis',(0.,0.,1.));
#2794=DIRECTION('ref_axis',(0.707106781186544,-0.707106781186551,0.));
#2795=DIRECTION('',(-1.,0.,0.));
#2796=DIRECTION('center_axis',(0.,0.,1.));
#2797=DIRECTION('ref_axis',(-0.707106781186551,-0.707106781186544,0.));
#2798=DIRECTION('center_axis',(0.,0.,1.));
#2799=DIRECTION('ref_axis',(-0.707106781186552,0.707106781186543,0.));
#2800=DIRECTION('',(0.,0.,-1.));
#2801=DIRECTION('center_axis',(0.,0.,1.));
#2802=DIRECTION('ref_axis',(-0.707106781186552,0.707106781186543,0.));
#2803=DIRECTION('center_axis',(0.,1.,0.));
#2804=DIRECTION('ref_axis',(0.,0.,1.));
#2805=DIRECTION('',(0.,0.,1.));
#2806=DIRECTION('',(1.,0.,0.));
#2807=DIRECTION('center_axis',(0.,0.,1.));
#2808=DIRECTION('ref_axis',(0.707106781186548,0.707106781186548,0.));
#2809=DIRECTION('',(0.,0.,-1.));
#2810=DIRECTION('center_axis',(0.,0.,1.));
#2811=DIRECTION('ref_axis',(0.707106781186548,0.707106781186548,0.));
#2812=DIRECTION('center_axis',(1.,0.,0.));
#2813=DIRECTION('ref_axis',(0.,0.,-1.));
#2814=DIRECTION('',(0.,0.,1.));
#2815=DIRECTION('',(0.,1.,0.));
#2816=DIRECTION('center_axis',(0.,0.,-1.));
#2817=DIRECTION('ref_axis',(0.707106781186549,-0.707106781186546,0.));
#2818=DIRECTION('center_axis',(0.,0.,1.));
#2819=DIRECTION('ref_axis',(0.707106781186549,-0.707106781186546,0.));
#2820=DIRECTION('',(0.,0.,-1.));
#2821=DIRECTION('center_axis',(0.,0.,-1.));
#2822=DIRECTION('ref_axis',(0.707106781186544,0.707106781186551,0.));
#2823=DIRECTION('',(0.,0.,-1.));
#2824=DIRECTION('center_axis',(0.,0.,-1.));
#2825=DIRECTION('ref_axis',(0.707106781186544,0.707106781186551,0.));
#2826=DIRECTION('',(0.,0.,1.));
#2827=DIRECTION('center_axis',(0.,1.,0.));
#2828=DIRECTION('ref_axis',(1.,0.,0.));
#2829=DIRECTION('',(0.,0.,1.));
#2830=DIRECTION('',(-1.,0.,0.));
#2831=DIRECTION('center_axis',(0.,0.,-1.));
#2832=DIRECTION('ref_axis',(-0.707106781186551,0.707106781186544,0.));
#2833=DIRECTION('',(0.,0.,-1.));
#2834=DIRECTION('center_axis',(0.,0.,-1.));
#2835=DIRECTION('ref_axis',(-0.707106781186551,0.707106781186544,0.));
#2836=DIRECTION('center_axis',(-1.,0.,0.));
#2837=DIRECTION('ref_axis',(0.,1.,0.));
#2838=DIRECTION('',(0.,0.,1.));
#2839=DIRECTION('',(0.,-1.,0.));
#2840=DIRECTION('center_axis',(0.,0.,-1.));
#2841=DIRECTION('ref_axis',(-0.707106781186551,-0.707106781186544,0.));
#2842=DIRECTION('',(0.,0.,-1.));
#2843=DIRECTION('center_axis',(0.,0.,-1.));
#2844=DIRECTION('ref_axis',(-0.707106781186551,-0.707106781186544,0.));
#2845=DIRECTION('center_axis',(0.,-1.,0.));
#2846=DIRECTION('ref_axis',(-1.,0.,0.));
#2847=DIRECTION('',(0.,0.,1.));
#2848=DIRECTION('',(1.,0.,0.));
#2849=DIRECTION('center_axis',(0.,0.,-1.));
#2850=DIRECTION('ref_axis',(0.707106781186544,-0.707106781186551,0.));
#2851=DIRECTION('',(0.,0.,-1.));
#2852=DIRECTION('center_axis',(0.,0.,-1.));
#2853=DIRECTION('ref_axis',(0.707106781186544,-0.707106781186551,0.));
#2854=DIRECTION('center_axis',(1.,0.,0.));
#2855=DIRECTION('ref_axis',(0.,-1.,0.));
#2856=DIRECTION('',(0.,1.,0.));
#2857=DIRECTION('center_axis',(0.,0.,-1.));
#2858=DIRECTION('ref_axis',(0.707106781186544,-0.707106781186551,0.));
#2859=DIRECTION('',(0.,0.,-1.));
#2860=DIRECTION('center_axis',(0.,0.,-1.));
#2861=DIRECTION('ref_axis',(0.707106781186544,-0.707106781186551,0.));
#2862=DIRECTION('',(0.,0.,1.));
#2863=DIRECTION('center_axis',(1.,0.,0.));
#2864=DIRECTION('ref_axis',(0.,-1.,0.));
#2865=DIRECTION('',(0.,0.,1.));
#2866=DIRECTION('',(0.,1.,0.));
#2867=DIRECTION('center_axis',(0.,0.,-1.));
#2868=DIRECTION('ref_axis',(-0.707106781186551,-0.707106781186544,0.));
#2869=DIRECTION('',(0.,0.,-1.));
#2870=DIRECTION('center_axis',(0.,0.,-1.));
#2871=DIRECTION('ref_axis',(-0.707106781186551,-0.707106781186544,0.));
#2872=DIRECTION('',(0.,0.,1.));
#2873=DIRECTION('center_axis',(0.,-1.,0.));
#2874=DIRECTION('ref_axis',(-1.,0.,0.));
#2875=DIRECTION('',(1.,0.,0.));
#2876=DIRECTION('center_axis',(0.,0.,-1.));
#2877=DIRECTION('ref_axis',(-0.70710678118654,0.707106781186555,0.));
#2878=DIRECTION('',(0.,0.,-1.));
#2879=DIRECTION('center_axis',(0.,0.,-1.));
#2880=DIRECTION('ref_axis',(-0.70710678118654,0.707106781186555,0.));
#2881=DIRECTION('',(0.,0.,1.));
#2882=DIRECTION('center_axis',(-1.,0.,0.));
#2883=DIRECTION('ref_axis',(0.,1.,0.));
#2884=DIRECTION('',(0.,-1.,0.));
#2885=DIRECTION('center_axis',(0.,0.,-1.));
#2886=DIRECTION('ref_axis',(0.707106781186546,0.707106781186549,0.));
#2887=DIRECTION('',(0.,0.,-1.));
#2888=DIRECTION('center_axis',(0.,0.,-1.));
#2889=DIRECTION('ref_axis',(0.707106781186546,0.707106781186549,0.));
#2890=DIRECTION('center_axis',(0.,1.,0.));
#2891=DIRECTION('ref_axis',(1.,0.,0.));
#2892=DIRECTION('',(-1.,0.,0.));
#2893=DIRECTION('center_axis',(0.,0.,1.));
#2894=DIRECTION('ref_axis',(1.,0.,0.));
#2895=DIRECTION('center_axis',(0.,0.,1.));
#2896=DIRECTION('ref_axis',(1.,0.,0.));
#2897=DIRECTION('',(0.,0.,1.));
#2898=DIRECTION('center_axis',(0.,0.,1.));
#2899=DIRECTION('ref_axis',(1.,0.,0.));
#2900=DIRECTION('center_axis',(0.,0.,1.));
#2901=DIRECTION('ref_axis',(1.,0.,0.));
#2902=DIRECTION('',(0.,0.,1.));
#2903=DIRECTION('center_axis',(0.,0.,1.));
#2904=DIRECTION('ref_axis',(1.,0.,0.));
#2905=DIRECTION('center_axis',(0.,0.,1.));
#2906=DIRECTION('ref_axis',(1.,0.,0.));
#2907=DIRECTION('',(0.,0.,1.));
#2908=DIRECTION('center_axis',(0.,0.,1.));
#2909=DIRECTION('ref_axis',(1.,0.,0.));
#2910=DIRECTION('center_axis',(0.,0.,1.));
#2911=DIRECTION('ref_axis',(1.,0.,0.));
#2912=DIRECTION('',(0.,0.,1.));
#2913=DIRECTION('center_axis',(0.,-1.,0.));
#2914=DIRECTION('ref_axis',(0.,0.,-1.));
#2915=DIRECTION('',(-1.,0.,0.));
#2916=DIRECTION('center_axis',(1.,0.,0.));
#2917=DIRECTION('ref_axis',(0.,1.,0.));
#2918=DIRECTION('',(0.,1.,0.));
#2919=DIRECTION('',(0.,0.,1.));
#2920=DIRECTION('',(0.,0.,1.));
#2921=DIRECTION('center_axis',(0.,0.,1.));
#2922=DIRECTION('ref_axis',(-1.,0.,0.));
#2923=DIRECTION('center_axis',(0.,0.,-1.));
#2924=DIRECTION('ref_axis',(-1.,0.,0.));
#2925=DIRECTION('',(0.,0.,1.));
#2926=DIRECTION('center_axis',(0.,1.,0.));
#2927=DIRECTION('ref_axis',(-1.,0.,0.));
#2928=DIRECTION('',(-1.,0.,0.));
#2929=DIRECTION('',(0.,0.,1.));
#2930=DIRECTION('center_axis',(0.,0.,1.));
#2931=DIRECTION('ref_axis',(0.,-1.,0.));
#2932=DIRECTION('center_axis',(0.,0.,-1.));
#2933=DIRECTION('ref_axis',(0.,-1.,0.));
#2934=DIRECTION('',(0.,0.,1.));
#2935=DIRECTION('center_axis',(-1.,0.,0.));
#2936=DIRECTION('ref_axis',(0.,-1.,0.));
#2937=DIRECTION('',(0.,-1.,0.));
#2938=DIRECTION('',(0.,0.,1.));
#2939=DIRECTION('center_axis',(0.,0.,1.));
#2940=DIRECTION('ref_axis',(1.,0.,0.));
#2941=DIRECTION('center_axis',(0.,0.,-1.));
#2942=DIRECTION('ref_axis',(1.,0.,0.));
#2943=DIRECTION('',(0.,0.,1.));
#2944=DIRECTION('center_axis',(0.,-1.,0.));
#2945=DIRECTION('ref_axis',(1.,0.,0.));
#2946=DIRECTION('',(1.,0.,0.));
#2947=DIRECTION('',(0.,0.,1.));
#2948=DIRECTION('center_axis',(0.,0.,1.));
#2949=DIRECTION('ref_axis',(0.,1.,0.));
#2950=DIRECTION('center_axis',(0.,0.,-1.));
#2951=DIRECTION('ref_axis',(0.,1.,0.));
#2952=DIRECTION('center_axis',(1.,0.,0.));
#2953=DIRECTION('ref_axis',(0.,1.,0.));
#2954=DIRECTION('',(0.,1.,0.));
#2955=DIRECTION('',(0.,0.,1.));
#2956=DIRECTION('',(0.,0.,1.));
#2957=DIRECTION('center_axis',(0.,0.,1.));
#2958=DIRECTION('ref_axis',(-1.,0.,0.));
#2959=DIRECTION('center_axis',(0.,0.,-1.));
#2960=DIRECTION('ref_axis',(-1.,0.,0.));
#2961=DIRECTION('',(0.,0.,1.));
#2962=DIRECTION('center_axis',(0.,1.,0.));
#2963=DIRECTION('ref_axis',(-1.,0.,0.));
#2964=DIRECTION('',(-1.,0.,0.));
#2965=DIRECTION('',(0.,0.,1.));
#2966=DIRECTION('center_axis',(0.,0.,1.));
#2967=DIRECTION('ref_axis',(0.,-1.,0.));
#2968=DIRECTION('center_axis',(0.,0.,-1.));
#2969=DIRECTION('ref_axis',(0.,-1.,0.));
#2970=DIRECTION('',(0.,0.,1.));
#2971=DIRECTION('center_axis',(-1.,0.,0.));
#2972=DIRECTION('ref_axis',(0.,-1.,0.));
#2973=DIRECTION('',(0.,-1.,0.));
#2974=DIRECTION('',(0.,0.,1.));
#2975=DIRECTION('center_axis',(0.,0.,1.));
#2976=DIRECTION('ref_axis',(1.,0.,0.));
#2977=DIRECTION('center_axis',(0.,0.,-1.));
#2978=DIRECTION('ref_axis',(1.,0.,0.));
#2979=DIRECTION('',(0.,0.,1.));
#2980=DIRECTION('center_axis',(0.,-1.,0.));
#2981=DIRECTION('ref_axis',(1.,0.,0.));
#2982=DIRECTION('',(1.,0.,0.));
#2983=DIRECTION('',(0.,0.,1.));
#2984=DIRECTION('center_axis',(0.,0.,1.));
#2985=DIRECTION('ref_axis',(0.,1.,0.));
#2986=DIRECTION('center_axis',(0.,0.,-1.));
#2987=DIRECTION('ref_axis',(0.,1.,0.));
#2988=DIRECTION('center_axis',(1.,0.,0.));
#2989=DIRECTION('ref_axis',(0.,1.,0.));
#2990=DIRECTION('',(0.,1.,0.));
#2991=DIRECTION('',(0.,0.,1.));
#2992=DIRECTION('',(0.,0.,1.));
#2993=DIRECTION('center_axis',(0.,0.,1.));
#2994=DIRECTION('ref_axis',(-1.,0.,0.));
#2995=DIRECTION('center_axis',(0.,0.,-1.));
#2996=DIRECTION('ref_axis',(-1.,0.,0.));
#2997=DIRECTION('',(0.,0.,1.));
#2998=DIRECTION('center_axis',(0.,1.,0.));
#2999=DIRECTION('ref_axis',(-1.,0.,0.));
#3000=DIRECTION('',(-1.,0.,0.));
#3001=DIRECTION('',(0.,0.,1.));
#3002=DIRECTION('center_axis',(0.,0.,1.));
#3003=DIRECTION('ref_axis',(0.,-1.,0.));
#3004=DIRECTION('center_axis',(0.,0.,-1.));
#3005=DIRECTION('ref_axis',(0.,-1.,0.));
#3006=DIRECTION('',(0.,0.,1.));
#3007=DIRECTION('center_axis',(-1.,0.,0.));
#3008=DIRECTION('ref_axis',(0.,-1.,0.));
#3009=DIRECTION('',(0.,-1.,0.));
#3010=DIRECTION('',(0.,0.,1.));
#3011=DIRECTION('center_axis',(0.,0.,1.));
#3012=DIRECTION('ref_axis',(1.,0.,0.));
#3013=DIRECTION('center_axis',(0.,0.,-1.));
#3014=DIRECTION('ref_axis',(1.,0.,0.));
#3015=DIRECTION('',(0.,0.,1.));
#3016=DIRECTION('center_axis',(0.,-1.,0.));
#3017=DIRECTION('ref_axis',(1.,0.,0.));
#3018=DIRECTION('',(1.,0.,0.));
#3019=DIRECTION('',(0.,0.,1.));
#3020=DIRECTION('center_axis',(0.,0.,1.));
#3021=DIRECTION('ref_axis',(0.,1.,0.));
#3022=DIRECTION('center_axis',(0.,0.,-1.));
#3023=DIRECTION('ref_axis',(0.,1.,0.));
#3024=DIRECTION('center_axis',(1.,0.,0.));
#3025=DIRECTION('ref_axis',(0.,1.,0.));
#3026=DIRECTION('',(0.,1.,0.));
#3027=DIRECTION('',(0.,0.,1.));
#3028=DIRECTION('',(0.,0.,1.));
#3029=DIRECTION('center_axis',(0.,0.,1.));
#3030=DIRECTION('ref_axis',(-1.,0.,0.));
#3031=DIRECTION('center_axis',(0.,0.,-1.));
#3032=DIRECTION('ref_axis',(-1.,0.,0.));
#3033=DIRECTION('',(0.,0.,1.));
#3034=DIRECTION('center_axis',(0.,1.,0.));
#3035=DIRECTION('ref_axis',(-1.,0.,0.));
#3036=DIRECTION('',(-1.,0.,0.));
#3037=DIRECTION('',(0.,0.,1.));
#3038=DIRECTION('center_axis',(0.,0.,1.));
#3039=DIRECTION('ref_axis',(0.,-1.,0.));
#3040=DIRECTION('center_axis',(0.,0.,-1.));
#3041=DIRECTION('ref_axis',(0.,-1.,0.));
#3042=DIRECTION('',(0.,0.,1.));
#3043=DIRECTION('center_axis',(-1.,0.,0.));
#3044=DIRECTION('ref_axis',(0.,-1.,0.));
#3045=DIRECTION('',(0.,-1.,0.));
#3046=DIRECTION('',(0.,0.,1.));
#3047=DIRECTION('center_axis',(0.,0.,1.));
#3048=DIRECTION('ref_axis',(1.,0.,0.));
#3049=DIRECTION('center_axis',(0.,0.,-1.));
#3050=DIRECTION('ref_axis',(1.,0.,0.));
#3051=DIRECTION('',(0.,0.,1.));
#3052=DIRECTION('center_axis',(0.,-1.,0.));
#3053=DIRECTION('ref_axis',(1.,0.,0.));
#3054=DIRECTION('',(1.,0.,0.));
#3055=DIRECTION('',(0.,0.,1.));
#3056=DIRECTION('center_axis',(0.,0.,1.));
#3057=DIRECTION('ref_axis',(0.,1.,0.));
#3058=DIRECTION('center_axis',(0.,0.,-1.));
#3059=DIRECTION('ref_axis',(0.,1.,0.));
#3060=DIRECTION('center_axis',(1.,0.,0.));
#3061=DIRECTION('ref_axis',(0.,1.,0.));
#3062=DIRECTION('',(0.,1.,0.));
#3063=DIRECTION('',(0.,0.,1.));
#3064=DIRECTION('',(0.,0.,1.));
#3065=DIRECTION('center_axis',(0.,0.,1.));
#3066=DIRECTION('ref_axis',(-1.,0.,0.));
#3067=DIRECTION('center_axis',(0.,0.,-1.));
#3068=DIRECTION('ref_axis',(-1.,0.,0.));
#3069=DIRECTION('',(0.,0.,1.));
#3070=DIRECTION('center_axis',(0.,1.,0.));
#3071=DIRECTION('ref_axis',(-1.,0.,0.));
#3072=DIRECTION('',(-1.,0.,0.));
#3073=DIRECTION('',(0.,0.,1.));
#3074=DIRECTION('center_axis',(0.,0.,1.));
#3075=DIRECTION('ref_axis',(0.,-1.,0.));
#3076=DIRECTION('center_axis',(0.,0.,-1.));
#3077=DIRECTION('ref_axis',(0.,-1.,0.));
#3078=DIRECTION('',(0.,0.,1.));
#3079=DIRECTION('center_axis',(-1.,0.,0.));
#3080=DIRECTION('ref_axis',(0.,-1.,0.));
#3081=DIRECTION('',(0.,-1.,0.));
#3082=DIRECTION('',(0.,0.,1.));
#3083=DIRECTION('center_axis',(0.,0.,1.));
#3084=DIRECTION('ref_axis',(1.,0.,0.));
#3085=DIRECTION('center_axis',(0.,0.,-1.));
#3086=DIRECTION('ref_axis',(1.,0.,0.));
#3087=DIRECTION('',(0.,0.,1.));
#3088=DIRECTION('center_axis',(0.,-1.,0.));
#3089=DIRECTION('ref_axis',(1.,0.,0.));
#3090=DIRECTION('',(1.,0.,0.));
#3091=DIRECTION('',(0.,0.,1.));
#3092=DIRECTION('center_axis',(0.,0.,1.));
#3093=DIRECTION('ref_axis',(0.,1.,0.));
#3094=DIRECTION('center_axis',(0.,0.,-1.));
#3095=DIRECTION('ref_axis',(0.,1.,0.));
#3096=DIRECTION('center_axis',(1.,0.,0.));
#3097=DIRECTION('ref_axis',(0.,1.,0.));
#3098=DIRECTION('',(0.,1.,0.));
#3099=DIRECTION('',(0.,0.,1.));
#3100=DIRECTION('',(0.,0.,1.));
#3101=DIRECTION('center_axis',(0.,0.,1.));
#3102=DIRECTION('ref_axis',(-1.,0.,0.));
#3103=DIRECTION('center_axis',(0.,0.,-1.));
#3104=DIRECTION('ref_axis',(-1.,0.,0.));
#3105=DIRECTION('',(0.,0.,1.));
#3106=DIRECTION('center_axis',(0.,1.,0.));
#3107=DIRECTION('ref_axis',(-1.,0.,0.));
#3108=DIRECTION('',(-1.,0.,0.));
#3109=DIRECTION('',(0.,0.,1.));
#3110=DIRECTION('center_axis',(0.,0.,1.));
#3111=DIRECTION('ref_axis',(0.,-1.,0.));
#3112=DIRECTION('center_axis',(0.,0.,-1.));
#3113=DIRECTION('ref_axis',(0.,-1.,0.));
#3114=DIRECTION('',(0.,0.,1.));
#3115=DIRECTION('center_axis',(-1.,0.,0.));
#3116=DIRECTION('ref_axis',(0.,-1.,0.));
#3117=DIRECTION('',(0.,-1.,0.));
#3118=DIRECTION('',(0.,0.,1.));
#3119=DIRECTION('center_axis',(0.,0.,1.));
#3120=DIRECTION('ref_axis',(1.,0.,0.));
#3121=DIRECTION('center_axis',(0.,0.,-1.));
#3122=DIRECTION('ref_axis',(1.,0.,0.));
#3123=DIRECTION('',(0.,0.,1.));
#3124=DIRECTION('center_axis',(0.,-1.,0.));
#3125=DIRECTION('ref_axis',(1.,0.,0.));
#3126=DIRECTION('',(1.,0.,0.));
#3127=DIRECTION('',(0.,0.,1.));
#3128=DIRECTION('center_axis',(0.,0.,1.));
#3129=DIRECTION('ref_axis',(0.,1.,0.));
#3130=DIRECTION('center_axis',(0.,0.,-1.));
#3131=DIRECTION('ref_axis',(0.,1.,0.));
#3132=DIRECTION('center_axis',(1.,0.,0.));
#3133=DIRECTION('ref_axis',(0.,1.,0.));
#3134=DIRECTION('',(0.,1.,0.));
#3135=DIRECTION('',(0.,0.,1.));
#3136=DIRECTION('',(0.,0.,1.));
#3137=DIRECTION('center_axis',(0.,0.,1.));
#3138=DIRECTION('ref_axis',(-1.,0.,0.));
#3139=DIRECTION('center_axis',(0.,0.,-1.));
#3140=DIRECTION('ref_axis',(-1.,0.,0.));
#3141=DIRECTION('',(0.,0.,1.));
#3142=DIRECTION('center_axis',(0.,1.,0.));
#3143=DIRECTION('ref_axis',(-1.,0.,0.));
#3144=DIRECTION('',(-1.,0.,0.));
#3145=DIRECTION('',(0.,0.,1.));
#3146=DIRECTION('center_axis',(0.,0.,1.));
#3147=DIRECTION('ref_axis',(0.,-1.,0.));
#3148=DIRECTION('center_axis',(0.,0.,-1.));
#3149=DIRECTION('ref_axis',(0.,-1.,0.));
#3150=DIRECTION('',(0.,0.,1.));
#3151=DIRECTION('center_axis',(-1.,0.,0.));
#3152=DIRECTION('ref_axis',(0.,-1.,0.));
#3153=DIRECTION('',(0.,-1.,0.));
#3154=DIRECTION('',(0.,0.,1.));
#3155=DIRECTION('center_axis',(0.,0.,1.));
#3156=DIRECTION('ref_axis',(1.,0.,0.));
#3157=DIRECTION('center_axis',(0.,0.,-1.));
#3158=DIRECTION('ref_axis',(1.,0.,0.));
#3159=DIRECTION('',(0.,0.,1.));
#3160=DIRECTION('center_axis',(0.,-1.,0.));
#3161=DIRECTION('ref_axis',(1.,0.,0.));
#3162=DIRECTION('',(1.,0.,0.));
#3163=DIRECTION('',(0.,0.,1.));
#3164=DIRECTION('center_axis',(0.,0.,1.));
#3165=DIRECTION('ref_axis',(0.,1.,0.));
#3166=DIRECTION('center_axis',(0.,0.,-1.));
#3167=DIRECTION('ref_axis',(0.,1.,0.));
#3168=DIRECTION('center_axis',(1.,0.,0.));
#3169=DIRECTION('ref_axis',(0.,1.,0.));
#3170=DIRECTION('',(0.,1.,0.));
#3171=DIRECTION('',(0.,0.,1.));
#3172=DIRECTION('',(0.,0.,1.));
#3173=DIRECTION('center_axis',(0.,0.,1.));
#3174=DIRECTION('ref_axis',(-1.,0.,0.));
#3175=DIRECTION('center_axis',(0.,0.,-1.));
#3176=DIRECTION('ref_axis',(-1.,0.,0.));
#3177=DIRECTION('',(0.,0.,1.));
#3178=DIRECTION('center_axis',(0.,1.,0.));
#3179=DIRECTION('ref_axis',(-1.,0.,0.));
#3180=DIRECTION('',(-1.,0.,0.));
#3181=DIRECTION('',(0.,0.,1.));
#3182=DIRECTION('center_axis',(0.,0.,1.));
#3183=DIRECTION('ref_axis',(0.,-1.,0.));
#3184=DIRECTION('center_axis',(0.,0.,-1.));
#3185=DIRECTION('ref_axis',(0.,-1.,0.));
#3186=DIRECTION('',(0.,0.,1.));
#3187=DIRECTION('center_axis',(-1.,0.,0.));
#3188=DIRECTION('ref_axis',(0.,-1.,0.));
#3189=DIRECTION('',(0.,-1.,0.));
#3190=DIRECTION('',(0.,0.,1.));
#3191=DIRECTION('center_axis',(0.,0.,1.));
#3192=DIRECTION('ref_axis',(1.,0.,0.));
#3193=DIRECTION('center_axis',(0.,0.,-1.));
#3194=DIRECTION('ref_axis',(1.,0.,0.));
#3195=DIRECTION('',(0.,0.,1.));
#3196=DIRECTION('center_axis',(0.,-1.,0.));
#3197=DIRECTION('ref_axis',(1.,0.,0.));
#3198=DIRECTION('',(1.,0.,0.));
#3199=DIRECTION('',(0.,0.,1.));
#3200=DIRECTION('center_axis',(0.,0.,1.));
#3201=DIRECTION('ref_axis',(0.,1.,0.));
#3202=DIRECTION('center_axis',(0.,0.,-1.));
#3203=DIRECTION('ref_axis',(0.,1.,0.));
#3204=DIRECTION('center_axis',(0.,0.,1.));
#3205=DIRECTION('ref_axis',(1.,0.,0.));
#3206=CARTESIAN_POINT('',(0.,0.,0.));
#3207=CARTESIAN_POINT('Origin',(-124.000001847744,-13.5000002011657,5.00000007450581));
#3208=CARTESIAN_POINT('',(-124.000001847744,-2.00000002980232,3.));
#3209=CARTESIAN_POINT('',(-124.000001847744,-25.000000372529,3.));
#3210=CARTESIAN_POINT('',(-124.000001847744,-31.5000004693866,3.));
#3211=CARTESIAN_POINT('',(-124.000001847744,-2.00000002980232,0.));
#3212=CARTESIAN_POINT('',(-124.000001847744,-2.00000002980232,10.0000001490116));
#3213=CARTESIAN_POINT('',(-124.000001847744,-25.000000372529,0.));
#3214=CARTESIAN_POINT('',(-124.000001847744,-17.250000257045,0.));
#3215=CARTESIAN_POINT('',(-124.000001847744,-25.000000372529,0.));
#3216=CARTESIAN_POINT('Origin',(-134.000001847744,-25.000000372529,10.0000001490116));
#3217=CARTESIAN_POINT('',(-134.000001847744,-25.000000372529,10.0000001490116));
#3218=CARTESIAN_POINT('',(-134.000001847744,-25.000000372529,0.));
#3219=CARTESIAN_POINT('',(-134.000001847744,-25.000000372529,5.00000007450581));
#3220=CARTESIAN_POINT('',(-124.000001847744,-25.000000372529,10.0000001490116));
#3221=CARTESIAN_POINT('',(-134.000001847744,-25.000000372529,10.0000001490116));
#3222=CARTESIAN_POINT('',(-124.000001847744,-25.000000372529,5.00000007450581));
#3223=CARTESIAN_POINT('',(-98.000001385808,-25.000000372529,0.));
#3224=CARTESIAN_POINT('Origin',(-134.000001847744,-2.00000002980232,10.0000001490116));
#3225=CARTESIAN_POINT('',(-134.000001847744,-2.00000002980232,10.0000001490116));
#3226=CARTESIAN_POINT('',(-134.000001847744,3.99999998509884,10.0000001490116));
#3227=CARTESIAN_POINT('',(-124.000001847744,-2.00000002980232,10.0000001490116));
#3228=CARTESIAN_POINT('',(-134.000001847744,-2.00000002980232,10.0000001490116));
#3229=CARTESIAN_POINT('',(-124.000001847744,-22.0000003278255,10.0000001490116));
#3230=CARTESIAN_POINT('Origin',(-134.000001847744,-2.00000002980232,0.));
#3231=CARTESIAN_POINT('',(-134.000001847744,-2.00000002980232,0.));
#3232=CARTESIAN_POINT('',(-134.000001847744,-2.00000002980232,0.));
#3233=CARTESIAN_POINT('',(-98.000001385808,-2.00000002980232,0.));
#3234=CARTESIAN_POINT('',(-124.000001847744,-2.00000002980232,0.));
#3235=CARTESIAN_POINT('Origin',(-134.000001847744,10.,0.));
#3236=CARTESIAN_POINT('',(-134.000001847744,-51.0000006258488,0.));
#3237=CARTESIAN_POINT('',(-134.000001847744,-52.0000006258488,0.));
#3238=CARTESIAN_POINT('',(-134.000001847744,-51.0000006258488,13.));
#3239=CARTESIAN_POINT('',(-134.000001847744,-51.0000006258488,0.));
#3240=CARTESIAN_POINT('',(-134.000001847744,9.,13.));
#3241=CARTESIAN_POINT('',(-134.000001847744,-52.0000006258488,13.));
#3242=CARTESIAN_POINT('',(-134.000001847744,9.,0.));
#3243=CARTESIAN_POINT('',(-134.000001847744,9.,0.));
#3244=CARTESIAN_POINT('',(-134.000001847744,-52.0000006258488,0.));
#3245=CARTESIAN_POINT('Origin',(-133.000001847744,-51.0000006258488,0.));
#3246=CARTESIAN_POINT('',(-133.000001847744,-52.0000006258488,13.));
#3247=CARTESIAN_POINT('Origin',(-133.000001847744,-51.0000006258488,13.));
#3248=CARTESIAN_POINT('',(-133.000001847744,-52.0000006258488,0.));
#3249=CARTESIAN_POINT('Origin',(-133.000001847744,-51.0000006258488,0.));
#3250=CARTESIAN_POINT('',(-133.000001847744,-52.0000006258488,0.));
#3251=CARTESIAN_POINT('Origin',(-62.000000923872,-21.0000003129244,13.));
#3252=CARTESIAN_POINT('',(9.,-52.0000006258488,13.));
#3253=CARTESIAN_POINT('',(10.,-52.0000006258488,13.));
#3254=CARTESIAN_POINT('',(10.,-51.0000006258488,13.));
#3255=CARTESIAN_POINT('Origin',(9.,-51.0000006258488,13.));
#3256=CARTESIAN_POINT('',(10.,9.,13.));
#3257=CARTESIAN_POINT('',(10.,10.,13.));
#3258=CARTESIAN_POINT('',(9.,10.,13.));
#3259=CARTESIAN_POINT('Origin',(9.,9.,13.));
#3260=CARTESIAN_POINT('',(-133.000001847744,10.,13.));
#3261=CARTESIAN_POINT('',(-134.000001847744,10.,13.));
#3262=CARTESIAN_POINT('Origin',(-133.000001847744,9.,13.));
#3263=CARTESIAN_POINT('',(0.,0.,13.));
#3264=CARTESIAN_POINT('',(0.,-42.0000006258488,13.));
#3265=CARTESIAN_POINT('',(0.,-42.0000006258488,13.));
#3266=CARTESIAN_POINT('',(-124.000001847744,-42.0000006258488,13.));
#3267=CARTESIAN_POINT('',(-124.000001847744,-42.0000006258488,13.));
#3268=CARTESIAN_POINT('',(-124.000001847744,0.,13.));
#3269=CARTESIAN_POINT('',(-124.000001847744,0.,13.));
#3270=CARTESIAN_POINT('',(0.,0.,13.));
#3271=CARTESIAN_POINT('Origin',(-133.000001847744,9.,0.));
#3272=CARTESIAN_POINT('',(-133.000001847744,10.,0.));
#3273=CARTESIAN_POINT('',(-133.000001847744,10.,0.));
#3274=CARTESIAN_POINT('Origin',(-133.000001847744,9.,0.));
#3275=CARTESIAN_POINT('Origin',(10.,10.,0.));
#3276=CARTESIAN_POINT('',(9.,10.,0.));
#3277=CARTESIAN_POINT('',(9.,10.,0.));
#3278=CARTESIAN_POINT('',(-134.000001847744,10.,0.));
#3279=CARTESIAN_POINT('Origin',(9.,9.,0.));
#3280=CARTESIAN_POINT('',(10.,9.,0.));
#3281=CARTESIAN_POINT('',(10.,9.,0.));
#3282=CARTESIAN_POINT('Origin',(9.,9.,0.));
#3283=CARTESIAN_POINT('Origin',(10.,-52.0000006258488,0.));
#3284=CARTESIAN_POINT('',(10.,-51.0000006258488,0.));
#3285=CARTESIAN_POINT('',(10.,-51.0000006258488,0.));
#3286=CARTESIAN_POINT('',(10.,10.,0.));
#3287=CARTESIAN_POINT('Origin',(9.,-51.0000006258488,0.));
#3288=CARTESIAN_POINT('',(9.,-52.0000006258488,0.));
#3289=CARTESIAN_POINT('',(9.,-52.0000006258488,0.));
#3290=CARTESIAN_POINT('Origin',(9.,-51.0000006258488,0.));
#3291=CARTESIAN_POINT('Origin',(-134.000001847744,-52.0000006258488,0.));
#3292=CARTESIAN_POINT('',(10.,-52.0000006258488,0.));
#3293=CARTESIAN_POINT('Origin',(-124.000001847744,-42.0000006258488,0.));
#3294=CARTESIAN_POINT('',(-124.000001847744,0.,3.));
#3295=CARTESIAN_POINT('',(-124.000001847744,-31.5000004693866,3.));
#3296=CARTESIAN_POINT('',(-124.000001847744,0.,0.));
#3297=CARTESIAN_POINT('',(-124.000001847744,-42.0000006258488,3.));
#3298=CARTESIAN_POINT('',(-124.000001847744,-42.0000006258488,0.));
#3299=CARTESIAN_POINT('',(-124.000001847744,-31.5000004693866,3.));
#3300=CARTESIAN_POINT('Origin',(-124.000001847744,0.,0.));
#3301=CARTESIAN_POINT('',(0.,0.,3.));
#3302=CARTESIAN_POINT('',(-93.000001385808,0.,3.));
#3303=CARTESIAN_POINT('',(0.,0.,0.));
#3304=CARTESIAN_POINT('Origin',(0.,-42.0000006258488,0.));
#3305=CARTESIAN_POINT('',(0.,-42.0000006258488,3.));
#3306=CARTESIAN_POINT('',(-31.000000461936,-42.0000006258488,3.));
#3307=CARTESIAN_POINT('',(0.,-42.0000006258488,0.));
#3308=CARTESIAN_POINT('Origin',(0.,0.,0.));
#3309=CARTESIAN_POINT('',(0.,-10.5000001564622,3.));
#3310=CARTESIAN_POINT('Origin',(-62.000000923872,-21.0000003129244,3.));
#3311=CARTESIAN_POINT('Origin',(-62.000000923872,-21.0000003129244,0.));
#3312=CARTESIAN_POINT('Origin',(-104.000001400709,-14.0000002086163,13.5));
#3313=CARTESIAN_POINT('',(-108.000001400709,-14.0000002086163,20.));
#3314=CARTESIAN_POINT('Origin',(-104.000001400709,-14.0000002086163,20.));
#3315=CARTESIAN_POINT('',(-108.000001400709,-14.0000002086163,17.));
#3316=CARTESIAN_POINT('',(-108.000001400709,-14.0000002086163,13.5));
#3317=CARTESIAN_POINT('Origin',(-104.000001400709,-14.0000002086163,17.));
#3318=CARTESIAN_POINT('Origin',(-133.,-51.1,17.));
#3319=CARTESIAN_POINT('',(-134.,-51.1,17.));
#3320=CARTESIAN_POINT('',(-133.,-52.1,17.));
#3321=CARTESIAN_POINT('Origin',(-133.,-51.1,17.));
#3322=CARTESIAN_POINT('',(-133.,-52.1,20.));
#3323=CARTESIAN_POINT('',(-133.,-52.1,17.));
#3324=CARTESIAN_POINT('',(-134.,-51.1,20.));
#3325=CARTESIAN_POINT('Origin',(-133.,-51.1,20.));
#3326=CARTESIAN_POINT('',(-134.,-51.1,17.));
#3327=CARTESIAN_POINT('Origin',(-134.,-2.,17.));
#3328=CARTESIAN_POINT('',(-134.,9.,20.));
#3329=CARTESIAN_POINT('',(-134.,-11.525,20.));
#3330=CARTESIAN_POINT('',(-134.,9.,17.));
#3331=CARTESIAN_POINT('',(-134.,9.,17.));
#3332=CARTESIAN_POINT('',(-134.,-11.525,17.));
#3333=CARTESIAN_POINT('Origin',(-38.4,-21.05,20.));
#3334=CARTESIAN_POINT('',(8.81000000000001,-52.1,20.));
#3335=CARTESIAN_POINT('',(-0.299999999999994,-52.1,20.));
#3336=CARTESIAN_POINT('',(9.81000000000001,-51.1,20.));
#3337=CARTESIAN_POINT('Origin',(8.81000000000001,-51.1,20.));
#3338=CARTESIAN_POINT('',(9.81000000000001,9.,20.));
#3339=CARTESIAN_POINT('',(9.81000000000001,-40.1,20.));
#3340=CARTESIAN_POINT('',(8.81,10.,20.));
#3341=CARTESIAN_POINT('Origin',(8.81000000000001,9.,20.));
#3342=CARTESIAN_POINT('',(-133.,10.,20.));
#3343=CARTESIAN_POINT('',(-76.5,10.,20.));
#3344=CARTESIAN_POINT('Origin',(-133.,9.,20.));
#3345=CARTESIAN_POINT('',(-73.975,-24.075,20.));
#3346=CARTESIAN_POINT('',(-73.475,-23.575,20.));
#3347=CARTESIAN_POINT('Origin',(-73.475,-24.075,20.));
#3348=CARTESIAN_POINT('',(-60.475,-23.575,20.));
#3349=CARTESIAN_POINT('',(-73.475,-23.575,20.));
#3350=CARTESIAN_POINT('',(-59.975,-24.075,20.));
#3351=CARTESIAN_POINT('Origin',(-60.475,-24.075,20.));
#3352=CARTESIAN_POINT('',(-59.975,-37.075,20.));
#3353=CARTESIAN_POINT('',(-59.975,-24.075,20.));
#3354=CARTESIAN_POINT('',(-60.475,-37.575,20.));
#3355=CARTESIAN_POINT('Origin',(-60.475,-37.075,20.));
#3356=CARTESIAN_POINT('',(-73.475,-37.575,20.));
#3357=CARTESIAN_POINT('',(-73.475,-37.575,20.));
#3358=CARTESIAN_POINT('',(-73.975,-37.075,20.));
#3359=CARTESIAN_POINT('Origin',(-73.475,-37.075,20.));
#3360=CARTESIAN_POINT('',(-73.975,-24.075,20.));
#3361=CARTESIAN_POINT('',(-54.925,-5.025,20.));
#3362=CARTESIAN_POINT('',(-54.425,-4.525,20.));
#3363=CARTESIAN_POINT('Origin',(-54.425,-5.025,20.));
#3364=CARTESIAN_POINT('',(-41.425,-4.52499999999999,20.));
#3365=CARTESIAN_POINT('',(-54.425,-4.525,20.));
#3366=CARTESIAN_POINT('',(-40.925,-5.025,20.));
#3367=CARTESIAN_POINT('Origin',(-41.425,-5.025,20.));
#3368=CARTESIAN_POINT('',(-40.925,-18.025,20.));
#3369=CARTESIAN_POINT('',(-40.925,-5.025,20.));
#3370=CARTESIAN_POINT('',(-41.425,-18.525,20.));
#3371=CARTESIAN_POINT('Origin',(-41.425,-18.025,20.));
#3372=CARTESIAN_POINT('',(-54.425,-18.525,20.));
#3373=CARTESIAN_POINT('',(-54.425,-18.525,20.));
#3374=CARTESIAN_POINT('',(-54.925,-18.025,20.));
#3375=CARTESIAN_POINT('Origin',(-54.425,-18.025,20.));
#3376=CARTESIAN_POINT('',(-54.925,-5.025,20.));
#3377=CARTESIAN_POINT('',(-35.875,-24.075,20.));
#3378=CARTESIAN_POINT('',(-35.375,-23.575,20.));
#3379=CARTESIAN_POINT('Origin',(-35.375,-24.075,20.));
#3380=CARTESIAN_POINT('',(-22.375,-23.575,20.));
#3381=CARTESIAN_POINT('',(-35.375,-23.575,20.));
#3382=CARTESIAN_POINT('',(-21.875,-24.075,20.));
#3383=CARTESIAN_POINT('Origin',(-22.375,-24.075,20.));
#3384=CARTESIAN_POINT('',(-21.875,-37.075,20.));
#3385=CARTESIAN_POINT('',(-21.875,-24.075,20.));
#3386=CARTESIAN_POINT('',(-22.375,-37.575,20.));
#3387=CARTESIAN_POINT('Origin',(-22.375,-37.075,20.));
#3388=CARTESIAN_POINT('',(-35.375,-37.575,20.));
#3389=CARTESIAN_POINT('',(-35.375,-37.575,20.));
#3390=CARTESIAN_POINT('',(-35.875,-37.075,20.));
#3391=CARTESIAN_POINT('Origin',(-35.375,-37.075,20.));
#3392=CARTESIAN_POINT('',(-35.875,-24.075,20.));
#3393=CARTESIAN_POINT('',(-16.825,-5.025,20.));
#3394=CARTESIAN_POINT('',(-16.325,-4.525,20.));
#3395=CARTESIAN_POINT('Origin',(-16.325,-5.025,20.));
#3396=CARTESIAN_POINT('',(-3.325,-4.525,20.));
#3397=CARTESIAN_POINT('',(-16.325,-4.525,20.));
#3398=CARTESIAN_POINT('',(-2.82500000000001,-5.025,20.));
#3399=CARTESIAN_POINT('Origin',(-3.325,-5.025,20.));
#3400=CARTESIAN_POINT('',(-2.82500000000001,-18.025,20.));
#3401=CARTESIAN_POINT('',(-2.82500000000001,-5.025,20.));
#3402=CARTESIAN_POINT('',(-3.325,-18.525,20.));
#3403=CARTESIAN_POINT('Origin',(-3.325,-18.025,20.));
#3404=CARTESIAN_POINT('',(-16.325,-18.525,20.));
#3405=CARTESIAN_POINT('',(-16.325,-18.525,20.));
#3406=CARTESIAN_POINT('',(-16.825,-18.025,20.));
#3407=CARTESIAN_POINT('Origin',(-16.325,-18.025,20.));
#3408=CARTESIAN_POINT('',(-16.825,-5.025,20.));
#3409=CARTESIAN_POINT('',(-35.875,-5.025,20.));
#3410=CARTESIAN_POINT('',(-35.375,-4.525,20.));
#3411=CARTESIAN_POINT('Origin',(-35.375,-5.025,20.));
#3412=CARTESIAN_POINT('',(-22.375,-4.525,20.));
#3413=CARTESIAN_POINT('',(-35.375,-4.525,20.));
#3414=CARTESIAN_POINT('',(-21.875,-5.025,20.));
#3415=CARTESIAN_POINT('Origin',(-22.375,-5.025,20.));
#3416=CARTESIAN_POINT('',(-21.875,-18.025,20.));
#3417=CARTESIAN_POINT('',(-21.875,-5.025,20.));
#3418=CARTESIAN_POINT('',(-22.375,-18.525,20.));
#3419=CARTESIAN_POINT('Origin',(-22.375,-18.025,20.));
#3420=CARTESIAN_POINT('',(-35.375,-18.525,20.));
#3421=CARTESIAN_POINT('',(-35.375,-18.525,20.));
#3422=CARTESIAN_POINT('',(-35.875,-18.025,20.));
#3423=CARTESIAN_POINT('Origin',(-35.375,-18.025,20.));
#3424=CARTESIAN_POINT('',(-35.875,-5.025,20.));
#3425=CARTESIAN_POINT('',(-73.975,-5.025,20.));
#3426=CARTESIAN_POINT('',(-73.475,-4.525,20.));
#3427=CARTESIAN_POINT('Origin',(-73.475,-5.025,20.));
#3428=CARTESIAN_POINT('',(-60.475,-4.525,20.));
#3429=CARTESIAN_POINT('',(-73.475,-4.525,20.));
#3430=CARTESIAN_POINT('',(-59.975,-5.025,20.));
#3431=CARTESIAN_POINT('Origin',(-60.475,-5.025,20.));
#3432=CARTESIAN_POINT('',(-59.975,-18.025,20.));
#3433=CARTESIAN_POINT('',(-59.975,-5.025,20.));
#3434=CARTESIAN_POINT('',(-60.475,-18.525,20.));
#3435=CARTESIAN_POINT('Origin',(-60.475,-18.025,20.));
#3436=CARTESIAN_POINT('',(-73.475,-18.525,20.));
#3437=CARTESIAN_POINT('',(-73.475,-18.525,20.));
#3438=CARTESIAN_POINT('',(-73.975,-18.025,20.));
#3439=CARTESIAN_POINT('Origin',(-73.475,-18.025,20.));
#3440=CARTESIAN_POINT('',(-73.975,-5.025,20.));
#3441=CARTESIAN_POINT('',(-16.825,-24.075,20.));
#3442=CARTESIAN_POINT('',(-16.325,-23.575,20.));
#3443=CARTESIAN_POINT('Origin',(-16.325,-24.075,20.));
#3444=CARTESIAN_POINT('',(-3.325,-23.575,20.));
#3445=CARTESIAN_POINT('',(-16.325,-23.575,20.));
#3446=CARTESIAN_POINT('',(-2.82500000000001,-24.075,20.));
#3447=CARTESIAN_POINT('Origin',(-3.325,-24.075,20.));
#3448=CARTESIAN_POINT('',(-2.82500000000001,-37.075,20.));
#3449=CARTESIAN_POINT('',(-2.82500000000001,-24.075,20.));
#3450=CARTESIAN_POINT('',(-3.325,-37.575,20.));
#3451=CARTESIAN_POINT('Origin',(-3.325,-37.075,20.));
#3452=CARTESIAN_POINT('',(-16.325,-37.575,20.));
#3453=CARTESIAN_POINT('',(-16.325,-37.575,20.));
#3454=CARTESIAN_POINT('',(-16.825,-37.075,20.));
#3455=CARTESIAN_POINT('Origin',(-16.325,-37.075,20.));
#3456=CARTESIAN_POINT('',(-16.825,-24.075,20.));
#3457=CARTESIAN_POINT('',(-54.925,-24.075,20.));
#3458=CARTESIAN_POINT('',(-54.425,-23.575,20.));
#3459=CARTESIAN_POINT('Origin',(-54.425,-24.075,20.));
#3460=CARTESIAN_POINT('',(-41.425,-23.575,20.));
#3461=CARTESIAN_POINT('',(-54.425,-23.575,20.));
#3462=CARTESIAN_POINT('',(-40.925,-24.075,20.));
#3463=CARTESIAN_POINT('Origin',(-41.425,-24.075,20.));
#3464=CARTESIAN_POINT('',(-40.925,-37.075,20.));
#3465=CARTESIAN_POINT('',(-40.925,-24.075,20.));
#3466=CARTESIAN_POINT('',(-41.425,-37.575,20.));
#3467=CARTESIAN_POINT('Origin',(-41.425,-37.075,20.));
#3468=CARTESIAN_POINT('',(-54.425,-37.575,20.));
#3469=CARTESIAN_POINT('',(-54.425,-37.575,20.));
#3470=CARTESIAN_POINT('',(-54.925,-37.075,20.));
#3471=CARTESIAN_POINT('Origin',(-54.425,-37.075,20.));
#3472=CARTESIAN_POINT('',(-54.925,-24.075,20.));
#3473=CARTESIAN_POINT('',(-130.449999925494,-47.0000006258488,20.));
#3474=CARTESIAN_POINT('Origin',(-128.999999925494,-47.0000006258488,20.));
#3475=CARTESIAN_POINT('',(3.55000007450581,-47.0000006258488,20.));
#3476=CARTESIAN_POINT('Origin',(5.00000007450581,-47.0000006258488,20.));
#3477=CARTESIAN_POINT('',(3.55000007450581,5.99999928474427,20.));
#3478=CARTESIAN_POINT('Origin',(5.00000007450581,5.99999928474427,20.));
#3479=CARTESIAN_POINT('',(-130.449999925494,5.,20.));
#3480=CARTESIAN_POINT('Origin',(-128.999999925494,5.,20.));
#3481=CARTESIAN_POINT('',(-94.0000014007092,-23.0000003576279,20.));
#3482=CARTESIAN_POINT('',(-94.0000014007092,-5.00000005960465,20.));
#3483=CARTESIAN_POINT('',(-94.0000014007092,-22.5250001788139,20.));
#3484=CARTESIAN_POINT('',(-93.0000014007092,-4.00000005960464,20.));
#3485=CARTESIAN_POINT('Origin',(-93.0000014007092,-5.00000005960465,20.));
#3486=CARTESIAN_POINT('',(-79.0000011622906,-4.00000005960464,20.));
#3487=CARTESIAN_POINT('',(-66.2000007003546,-4.00000005960464,20.));
#3488=CARTESIAN_POINT('',(-78.0000011622906,-5.00000005960464,20.));
#3489=CARTESIAN_POINT('Origin',(-79.0000011622906,-5.00000005960464,20.));
#3490=CARTESIAN_POINT('',(-78.0000011622906,-23.0000003576279,20.));
#3491=CARTESIAN_POINT('',(-78.0000011622906,-12.5250000298023,20.));
#3492=CARTESIAN_POINT('',(-79.0000011622906,-24.0000003576279,20.));
#3493=CARTESIAN_POINT('Origin',(-79.0000011622906,-23.0000003576279,20.));
#3494=CARTESIAN_POINT('',(-93.0000014007091,-24.0000003576279,20.));
#3495=CARTESIAN_POINT('',(-58.2000005811453,-24.0000003576279,20.));
#3496=CARTESIAN_POINT('Origin',(-93.0000014007091,-23.0000003576279,20.));
#3497=CARTESIAN_POINT('',(-112.475,-36.575,20.));
#3498=CARTESIAN_POINT('',(-112.475,-26.575,20.));
#3499=CARTESIAN_POINT('',(-112.475,-29.3125,20.));
#3500=CARTESIAN_POINT('',(-111.475,-25.575,20.));
#3501=CARTESIAN_POINT('Origin',(-111.475,-26.575,20.));
#3502=CARTESIAN_POINT('',(-78.975,-25.575,20.));
#3503=CARTESIAN_POINT('',(-75.4375,-25.575,20.));
#3504=CARTESIAN_POINT('',(-77.975,-26.575,20.));
#3505=CARTESIAN_POINT('Origin',(-78.975,-26.575,20.));
#3506=CARTESIAN_POINT('',(-77.975,-36.575,20.));
#3507=CARTESIAN_POINT('',(-77.975,-23.3125,20.));
#3508=CARTESIAN_POINT('',(-78.975,-37.575,20.));
#3509=CARTESIAN_POINT('Origin',(-78.975,-36.575,20.));
#3510=CARTESIAN_POINT('',(-111.475,-37.575,20.));
#3511=CARTESIAN_POINT('',(-58.1875,-37.575,20.));
#3512=CARTESIAN_POINT('Origin',(-111.475,-36.575,20.));
#3513=CARTESIAN_POINT('Origin',(-133.,9.,17.));
#3514=CARTESIAN_POINT('',(-133.,10.,17.));
#3515=CARTESIAN_POINT('',(-133.,10.,17.));
#3516=CARTESIAN_POINT('Origin',(-133.,9.,17.));
#3517=CARTESIAN_POINT('Origin',(-0.299999999999994,10.,17.));
#3518=CARTESIAN_POINT('',(8.81000000000001,10.,17.));
#3519=CARTESIAN_POINT('',(8.81000000000001,10.,17.));
#3520=CARTESIAN_POINT('',(-0.299999999999994,10.,17.));
#3521=CARTESIAN_POINT('Origin',(8.81000000000001,9.,17.));
#3522=CARTESIAN_POINT('',(9.81000000000001,9.,17.));
#3523=CARTESIAN_POINT('',(9.81000000000001,9.,17.));
#3524=CARTESIAN_POINT('Origin',(8.81000000000001,9.,17.));
#3525=CARTESIAN_POINT('Origin',(9.81000000000001,-40.1,17.));
#3526=CARTESIAN_POINT('',(9.81000000000001,-51.1,17.));
#3527=CARTESIAN_POINT('',(9.81000000000001,-51.1,17.));
#3528=CARTESIAN_POINT('',(9.81000000000001,-40.1,17.));
#3529=CARTESIAN_POINT('Origin',(8.81000000000001,-51.1,17.));
#3530=CARTESIAN_POINT('',(8.81,-52.1,17.));
#3531=CARTESIAN_POINT('Origin',(8.81000000000001,-51.1,17.));
#3532=CARTESIAN_POINT('',(8.81000000000001,-52.1,17.));
#3533=CARTESIAN_POINT('Origin',(-78.975,-26.575,20.));
#3534=CARTESIAN_POINT('',(-78.975,-25.575,17.));
#3535=CARTESIAN_POINT('',(-78.975,-25.575,20.));
#3536=CARTESIAN_POINT('',(-77.975,-26.575,17.));
#3537=CARTESIAN_POINT('Origin',(-78.975,-26.575,17.));
#3538=CARTESIAN_POINT('',(-77.975,-26.575,20.));
#3539=CARTESIAN_POINT('Origin',(-112.475,-25.575,20.));
#3540=CARTESIAN_POINT('',(-111.475,-25.575,17.));
#3541=CARTESIAN_POINT('',(-111.475,-25.575,20.));
#3542=CARTESIAN_POINT('',(-75.4375,-25.575,17.));
#3543=CARTESIAN_POINT('Origin',(-111.475,-26.575,20.));
#3544=CARTESIAN_POINT('',(-112.475,-26.575,17.));
#3545=CARTESIAN_POINT('',(-112.475,-26.575,20.));
#3546=CARTESIAN_POINT('Origin',(-111.475,-26.575,17.));
#3547=CARTESIAN_POINT('Origin',(-112.475,-37.575,20.));
#3548=CARTESIAN_POINT('',(-112.475,-36.575,17.));
#3549=CARTESIAN_POINT('',(-112.475,-36.575,20.));
#3550=CARTESIAN_POINT('',(-112.475,-29.3125,17.));
#3551=CARTESIAN_POINT('Origin',(-111.475,-36.575,20.));
#3552=CARTESIAN_POINT('',(-111.475,-37.575,17.));
#3553=CARTESIAN_POINT('',(-111.475,-37.575,20.));
#3554=CARTESIAN_POINT('Origin',(-111.475,-36.575,17.));
#3555=CARTESIAN_POINT('Origin',(-77.975,-37.575,20.));
#3556=CARTESIAN_POINT('',(-78.975,-37.575,17.));
#3557=CARTESIAN_POINT('',(-78.975,-37.575,20.));
#3558=CARTESIAN_POINT('',(-58.1875,-37.575,17.));
#3559=CARTESIAN_POINT('Origin',(-78.975,-36.575,20.));
#3560=CARTESIAN_POINT('',(-77.975,-36.575,17.));
#3561=CARTESIAN_POINT('',(-77.975,-36.575,20.));
#3562=CARTESIAN_POINT('Origin',(-78.975,-36.575,17.));
#3563=CARTESIAN_POINT('Origin',(-77.975,-25.575,20.));
#3564=CARTESIAN_POINT('',(-77.975,-23.3125,17.));
#3565=CARTESIAN_POINT('Origin',(-79.0000011622906,-23.0000003576279,20.));
#3566=CARTESIAN_POINT('',(-78.0000011622906,-23.0000003576279,17.));
#3567=CARTESIAN_POINT('',(-78.0000011622906,-23.0000003576279,20.));
#3568=CARTESIAN_POINT('',(-79.0000011622906,-24.0000003576279,17.));
#3569=CARTESIAN_POINT('Origin',(-79.0000011622906,-23.0000003576279,17.));
#3570=CARTESIAN_POINT('',(-79.0000011622906,-24.0000003576279,20.));
#3571=CARTESIAN_POINT('Origin',(-78.0000011622906,-4.00000005960464,20.));
#3572=CARTESIAN_POINT('',(-78.0000011622906,-5.00000005960464,17.));
#3573=CARTESIAN_POINT('',(-78.0000011622906,-5.00000005960464,20.));
#3574=CARTESIAN_POINT('',(-78.0000011622906,-12.5250000298023,17.));
#3575=CARTESIAN_POINT('Origin',(-93.0000014007091,-23.0000003576279,20.));
#3576=CARTESIAN_POINT('',(-93.0000014007091,-24.0000003576279,17.));
#3577=CARTESIAN_POINT('',(-93.0000014007091,-24.0000003576279,20.));
#3578=CARTESIAN_POINT('',(-94.0000014007092,-23.0000003576279,17.));
#3579=CARTESIAN_POINT('Origin',(-93.0000014007091,-23.0000003576279,17.));
#3580=CARTESIAN_POINT('',(-94.0000014007092,-23.0000003576279,20.));
#3581=CARTESIAN_POINT('Origin',(-78.0000011622906,-24.0000003576279,20.));
#3582=CARTESIAN_POINT('',(-58.2000005811453,-24.0000003576279,17.));
#3583=CARTESIAN_POINT('Origin',(-93.0000014007092,-5.00000005960465,20.));
#3584=CARTESIAN_POINT('',(-94.0000014007092,-5.00000005960465,17.));
#3585=CARTESIAN_POINT('',(-94.0000014007092,-5.00000005960465,20.));
#3586=CARTESIAN_POINT('',(-93.0000014007092,-4.00000005960464,17.));
#3587=CARTESIAN_POINT('Origin',(-93.0000014007092,-5.00000005960465,17.));
#3588=CARTESIAN_POINT('',(-93.0000014007092,-4.00000005960464,20.));
#3589=CARTESIAN_POINT('Origin',(-94.0000014007092,-24.0000003576279,20.));
#3590=CARTESIAN_POINT('',(-94.0000014007092,-22.5250001788139,17.));
#3591=CARTESIAN_POINT('Origin',(-79.0000011622906,-5.00000005960464,20.));
#3592=CARTESIAN_POINT('',(-79.0000011622906,-4.00000005960464,17.));
#3593=CARTESIAN_POINT('',(-79.0000011622906,-4.00000005960464,20.));
#3594=CARTESIAN_POINT('Origin',(-79.0000011622906,-5.00000005960464,17.));
#3595=CARTESIAN_POINT('Origin',(-94.0000014007092,-4.00000005960464,20.));
#3596=CARTESIAN_POINT('',(-66.2000007003546,-4.00000005960464,17.));
#3597=CARTESIAN_POINT('Origin',(-128.999999925494,5.,0.));
#3598=CARTESIAN_POINT('',(-130.449999925494,5.,17.));
#3599=CARTESIAN_POINT('Origin',(-128.999999925494,5.,17.));
#3600=CARTESIAN_POINT('',(-130.449999925494,5.,0.));
#3601=CARTESIAN_POINT('Origin',(5.00000007450581,5.99999928474427,0.));
#3602=CARTESIAN_POINT('',(3.55000007450581,5.99999928474427,17.));
#3603=CARTESIAN_POINT('Origin',(5.00000007450581,5.99999928474427,17.));
#3604=CARTESIAN_POINT('',(3.55000007450581,5.99999928474427,0.));
#3605=CARTESIAN_POINT('Origin',(5.00000007450581,-47.0000006258488,0.));
#3606=CARTESIAN_POINT('',(3.55000007450581,-47.0000006258488,17.));
#3607=CARTESIAN_POINT('Origin',(5.00000007450581,-47.0000006258488,17.));
#3608=CARTESIAN_POINT('',(3.55000007450581,-47.0000006258488,0.));
#3609=CARTESIAN_POINT('Origin',(-128.999999925494,-47.0000006258488,0.));
#3610=CARTESIAN_POINT('',(-130.449999925494,-47.0000006258488,17.));
#3611=CARTESIAN_POINT('Origin',(-128.999999925494,-47.0000006258488,17.));
#3612=CARTESIAN_POINT('',(-130.449999925494,-47.0000006258488,0.));
#3613=CARTESIAN_POINT('Origin',(-76.5,-52.1,17.));
#3614=CARTESIAN_POINT('',(-76.5,-52.1,17.));
#3615=CARTESIAN_POINT('Origin',(-54.925,-37.075,17.));
#3616=CARTESIAN_POINT('',(-54.925,-37.075,17.));
#3617=CARTESIAN_POINT('',(-54.925,-24.075,17.));
#3618=CARTESIAN_POINT('',(-54.925,-24.075,17.));
#3619=CARTESIAN_POINT('',(-54.925,-24.075,17.));
#3620=CARTESIAN_POINT('',(-54.925,-37.075,17.));
#3621=CARTESIAN_POINT('Origin',(-54.425,-37.075,17.));
#3622=CARTESIAN_POINT('',(-54.425,-37.575,17.));
#3623=CARTESIAN_POINT('Origin',(-54.425,-37.075,17.));
#3624=CARTESIAN_POINT('',(-54.425,-37.575,17.));
#3625=CARTESIAN_POINT('Origin',(-41.425,-37.575,17.));
#3626=CARTESIAN_POINT('',(-41.425,-37.575,17.));
#3627=CARTESIAN_POINT('',(-54.425,-37.575,17.));
#3628=CARTESIAN_POINT('',(-41.425,-37.575,17.));
#3629=CARTESIAN_POINT('Origin',(-41.425,-37.075,17.));
#3630=CARTESIAN_POINT('',(-40.925,-37.075,17.));
#3631=CARTESIAN_POINT('Origin',(-41.425,-37.075,17.));
#3632=CARTESIAN_POINT('',(-40.925,-37.075,17.));
#3633=CARTESIAN_POINT('Origin',(-40.925,-24.075,17.));
#3634=CARTESIAN_POINT('',(-40.925,-24.075,17.));
#3635=CARTESIAN_POINT('',(-40.925,-24.075,17.));
#3636=CARTESIAN_POINT('',(-40.925,-24.075,17.));
#3637=CARTESIAN_POINT('Origin',(-41.425,-24.075,17.));
#3638=CARTESIAN_POINT('',(-41.425,-23.575,17.));
#3639=CARTESIAN_POINT('Origin',(-41.425,-24.075,17.));
#3640=CARTESIAN_POINT('',(-41.425,-23.575,17.));
#3641=CARTESIAN_POINT('Origin',(-54.425,-23.575,17.));
#3642=CARTESIAN_POINT('',(-54.425,-23.575,17.));
#3643=CARTESIAN_POINT('',(-54.425,-23.575,17.));
#3644=CARTESIAN_POINT('',(-54.425,-23.575,17.));
#3645=CARTESIAN_POINT('Origin',(-54.425,-24.075,17.));
#3646=CARTESIAN_POINT('Origin',(-54.425,-24.075,17.));
#3647=CARTESIAN_POINT('Origin',(-16.825,-37.075,17.));
#3648=CARTESIAN_POINT('',(-16.825,-37.075,17.));
#3649=CARTESIAN_POINT('',(-16.825,-24.075,17.));
#3650=CARTESIAN_POINT('',(-16.825,-24.075,17.));
#3651=CARTESIAN_POINT('',(-16.825,-24.075,17.));
#3652=CARTESIAN_POINT('',(-16.825,-37.075,17.));
#3653=CARTESIAN_POINT('Origin',(-16.325,-37.075,17.));
#3654=CARTESIAN_POINT('',(-16.325,-37.575,17.));
#3655=CARTESIAN_POINT('Origin',(-16.325,-37.075,17.));
#3656=CARTESIAN_POINT('',(-16.325,-37.575,17.));
#3657=CARTESIAN_POINT('Origin',(-3.325,-37.575,17.));
#3658=CARTESIAN_POINT('',(-3.325,-37.575,17.));
#3659=CARTESIAN_POINT('',(-16.325,-37.575,17.));
#3660=CARTESIAN_POINT('',(-3.325,-37.575,17.));
#3661=CARTESIAN_POINT('Origin',(-3.325,-37.075,17.));
#3662=CARTESIAN_POINT('',(-2.825,-37.075,17.));
#3663=CARTESIAN_POINT('Origin',(-3.325,-37.075,17.));
#3664=CARTESIAN_POINT('',(-2.825,-37.075,17.));
#3665=CARTESIAN_POINT('Origin',(-2.82500000000001,-24.075,17.));
#3666=CARTESIAN_POINT('',(-2.82500000000001,-24.075,17.));
#3667=CARTESIAN_POINT('',(-2.82500000000001,-24.075,17.));
#3668=CARTESIAN_POINT('',(-2.82500000000001,-24.075,17.));
#3669=CARTESIAN_POINT('Origin',(-3.325,-24.075,17.));
#3670=CARTESIAN_POINT('',(-3.325,-23.575,17.));
#3671=CARTESIAN_POINT('Origin',(-3.325,-24.075,17.));
#3672=CARTESIAN_POINT('',(-3.325,-23.575,17.));
#3673=CARTESIAN_POINT('Origin',(-16.325,-23.575,17.));
#3674=CARTESIAN_POINT('',(-16.325,-23.575,17.));
#3675=CARTESIAN_POINT('',(-16.325,-23.575,17.));
#3676=CARTESIAN_POINT('',(-16.325,-23.575,17.));
#3677=CARTESIAN_POINT('Origin',(-16.325,-24.075,17.));
#3678=CARTESIAN_POINT('Origin',(-16.325,-24.075,17.));
#3679=CARTESIAN_POINT('Origin',(-73.975,-18.025,17.));
#3680=CARTESIAN_POINT('',(-73.975,-18.025,17.));
#3681=CARTESIAN_POINT('',(-73.975,-5.025,17.));
#3682=CARTESIAN_POINT('',(-73.975,-5.025,17.));
#3683=CARTESIAN_POINT('',(-73.975,-5.025,17.));
#3684=CARTESIAN_POINT('',(-73.975,-18.025,17.));
#3685=CARTESIAN_POINT('Origin',(-73.475,-18.025,17.));
#3686=CARTESIAN_POINT('',(-73.475,-18.525,17.));
#3687=CARTESIAN_POINT('Origin',(-73.475,-18.025,17.));
#3688=CARTESIAN_POINT('',(-73.475,-18.525,17.));
#3689=CARTESIAN_POINT('Origin',(-60.475,-18.525,17.));
#3690=CARTESIAN_POINT('',(-60.475,-18.525,17.));
#3691=CARTESIAN_POINT('',(-73.475,-18.525,17.));
#3692=CARTESIAN_POINT('',(-60.475,-18.525,17.));
#3693=CARTESIAN_POINT('Origin',(-60.475,-18.025,17.));
#3694=CARTESIAN_POINT('',(-59.975,-18.025,17.));
#3695=CARTESIAN_POINT('Origin',(-60.475,-18.025,17.));
#3696=CARTESIAN_POINT('',(-59.975,-18.025,17.));
#3697=CARTESIAN_POINT('Origin',(-59.975,-5.025,17.));
#3698=CARTESIAN_POINT('',(-59.975,-5.025,17.));
#3699=CARTESIAN_POINT('',(-59.975,-5.025,17.));
#3700=CARTESIAN_POINT('',(-59.975,-5.025,17.));
#3701=CARTESIAN_POINT('Origin',(-60.475,-5.025,17.));
#3702=CARTESIAN_POINT('',(-60.475,-4.525,17.));
#3703=CARTESIAN_POINT('Origin',(-60.475,-5.025,17.));
#3704=CARTESIAN_POINT('',(-60.475,-4.525,17.));
#3705=CARTESIAN_POINT('Origin',(-73.475,-4.525,17.));
#3706=CARTESIAN_POINT('',(-73.475,-4.525,17.));
#3707=CARTESIAN_POINT('',(-73.475,-4.525,17.));
#3708=CARTESIAN_POINT('',(-73.475,-4.525,17.));
#3709=CARTESIAN_POINT('Origin',(-73.475,-5.025,17.));
#3710=CARTESIAN_POINT('Origin',(-73.475,-5.025,17.));
#3711=CARTESIAN_POINT('Origin',(-35.875,-18.025,17.));
#3712=CARTESIAN_POINT('',(-35.875,-18.025,17.));
#3713=CARTESIAN_POINT('',(-35.875,-5.025,17.));
#3714=CARTESIAN_POINT('',(-35.875,-5.025,17.));
#3715=CARTESIAN_POINT('',(-35.875,-5.025,17.));
#3716=CARTESIAN_POINT('',(-35.875,-18.025,17.));
#3717=CARTESIAN_POINT('Origin',(-35.375,-18.025,17.));
#3718=CARTESIAN_POINT('',(-35.375,-18.525,17.));
#3719=CARTESIAN_POINT('Origin',(-35.375,-18.025,17.));
#3720=CARTESIAN_POINT('',(-35.375,-18.525,17.));
#3721=CARTESIAN_POINT('Origin',(-22.375,-18.525,17.));
#3722=CARTESIAN_POINT('',(-22.375,-18.525,17.));
#3723=CARTESIAN_POINT('',(-35.375,-18.525,17.));
#3724=CARTESIAN_POINT('',(-22.375,-18.525,17.));
#3725=CARTESIAN_POINT('Origin',(-22.375,-18.025,17.));
#3726=CARTESIAN_POINT('',(-21.875,-18.025,17.));
#3727=CARTESIAN_POINT('Origin',(-22.375,-18.025,17.));
#3728=CARTESIAN_POINT('',(-21.875,-18.025,17.));
#3729=CARTESIAN_POINT('Origin',(-21.875,-5.025,17.));
#3730=CARTESIAN_POINT('',(-21.875,-5.025,17.));
#3731=CARTESIAN_POINT('',(-21.875,-5.025,17.));
#3732=CARTESIAN_POINT('',(-21.875,-5.025,17.));
#3733=CARTESIAN_POINT('Origin',(-22.375,-5.025,17.));
#3734=CARTESIAN_POINT('',(-22.375,-4.525,17.));
#3735=CARTESIAN_POINT('Origin',(-22.375,-5.025,17.));
#3736=CARTESIAN_POINT('',(-22.375,-4.525,17.));
#3737=CARTESIAN_POINT('Origin',(-35.375,-4.525,17.));
#3738=CARTESIAN_POINT('',(-35.375,-4.525,17.));
#3739=CARTESIAN_POINT('',(-35.375,-4.525,17.));
#3740=CARTESIAN_POINT('',(-35.375,-4.525,17.));
#3741=CARTESIAN_POINT('Origin',(-35.375,-5.025,17.));
#3742=CARTESIAN_POINT('Origin',(-35.375,-5.025,17.));
#3743=CARTESIAN_POINT('Origin',(-16.825,-18.025,17.));
#3744=CARTESIAN_POINT('',(-16.825,-18.025,17.));
#3745=CARTESIAN_POINT('',(-16.825,-5.025,17.));
#3746=CARTESIAN_POINT('',(-16.825,-5.025,17.));
#3747=CARTESIAN_POINT('',(-16.825,-5.025,17.));
#3748=CARTESIAN_POINT('',(-16.825,-18.025,17.));
#3749=CARTESIAN_POINT('Origin',(-16.325,-18.025,17.));
#3750=CARTESIAN_POINT('',(-16.325,-18.525,17.));
#3751=CARTESIAN_POINT('Origin',(-16.325,-18.025,17.));
#3752=CARTESIAN_POINT('',(-16.325,-18.525,17.));
#3753=CARTESIAN_POINT('Origin',(-3.325,-18.525,17.));
#3754=CARTESIAN_POINT('',(-3.325,-18.525,17.));
#3755=CARTESIAN_POINT('',(-16.325,-18.525,17.));
#3756=CARTESIAN_POINT('',(-3.325,-18.525,17.));
#3757=CARTESIAN_POINT('Origin',(-3.325,-18.025,17.));
#3758=CARTESIAN_POINT('',(-2.82500000000001,-18.025,17.));
#3759=CARTESIAN_POINT('Origin',(-3.325,-18.025,17.));
#3760=CARTESIAN_POINT('',(-2.82500000000001,-18.025,17.));
#3761=CARTESIAN_POINT('Origin',(-2.82500000000001,-5.025,17.));
#3762=CARTESIAN_POINT('',(-2.82500000000001,-5.025,17.));
#3763=CARTESIAN_POINT('',(-2.82500000000001,-5.025,17.));
#3764=CARTESIAN_POINT('',(-2.82500000000001,-5.025,17.));
#3765=CARTESIAN_POINT('Origin',(-3.325,-5.025,17.));
#3766=CARTESIAN_POINT('',(-3.325,-4.525,17.));
#3767=CARTESIAN_POINT('Origin',(-3.325,-5.025,17.));
#3768=CARTESIAN_POINT('',(-3.325,-4.525,17.));
#3769=CARTESIAN_POINT('Origin',(-16.325,-4.525,17.));
#3770=CARTESIAN_POINT('',(-16.325,-4.525,17.));
#3771=CARTESIAN_POINT('',(-16.325,-4.525,17.));
#3772=CARTESIAN_POINT('',(-16.325,-4.525,17.));
#3773=CARTESIAN_POINT('Origin',(-16.325,-5.025,17.));
#3774=CARTESIAN_POINT('Origin',(-16.325,-5.025,17.));
#3775=CARTESIAN_POINT('Origin',(-35.875,-37.075,17.));
#3776=CARTESIAN_POINT('',(-35.875,-37.075,17.));
#3777=CARTESIAN_POINT('',(-35.875,-24.075,17.));
#3778=CARTESIAN_POINT('',(-35.875,-24.075,17.));
#3779=CARTESIAN_POINT('',(-35.875,-24.075,17.));
#3780=CARTESIAN_POINT('',(-35.875,-37.075,17.));
#3781=CARTESIAN_POINT('Origin',(-35.375,-37.075,17.));
#3782=CARTESIAN_POINT('',(-35.375,-37.575,17.));
#3783=CARTESIAN_POINT('Origin',(-35.375,-37.075,17.));
#3784=CARTESIAN_POINT('',(-35.375,-37.575,17.));
#3785=CARTESIAN_POINT('Origin',(-22.375,-37.575,17.));
#3786=CARTESIAN_POINT('',(-22.375,-37.575,17.));
#3787=CARTESIAN_POINT('',(-35.375,-37.575,17.));
#3788=CARTESIAN_POINT('',(-22.375,-37.575,17.));
#3789=CARTESIAN_POINT('Origin',(-22.375,-37.075,17.));
#3790=CARTESIAN_POINT('',(-21.875,-37.075,17.));
#3791=CARTESIAN_POINT('Origin',(-22.375,-37.075,17.));
#3792=CARTESIAN_POINT('',(-21.875,-37.075,17.));
#3793=CARTESIAN_POINT('Origin',(-21.875,-24.075,17.));
#3794=CARTESIAN_POINT('',(-21.875,-24.075,17.));
#3795=CARTESIAN_POINT('',(-21.875,-24.075,17.));
#3796=CARTESIAN_POINT('',(-21.875,-24.075,17.));
#3797=CARTESIAN_POINT('Origin',(-22.375,-24.075,17.));
#3798=CARTESIAN_POINT('',(-22.375,-23.575,17.));
#3799=CARTESIAN_POINT('Origin',(-22.375,-24.075,17.));
#3800=CARTESIAN_POINT('',(-22.375,-23.575,17.));
#3801=CARTESIAN_POINT('Origin',(-35.375,-23.575,17.));
#3802=CARTESIAN_POINT('',(-35.375,-23.575,17.));
#3803=CARTESIAN_POINT('',(-35.375,-23.575,17.));
#3804=CARTESIAN_POINT('',(-35.375,-23.575,17.));
#3805=CARTESIAN_POINT('Origin',(-35.375,-24.075,17.));
#3806=CARTESIAN_POINT('Origin',(-35.375,-24.075,17.));
#3807=CARTESIAN_POINT('Origin',(-54.925,-18.025,17.));
#3808=CARTESIAN_POINT('',(-54.925,-18.025,17.));
#3809=CARTESIAN_POINT('',(-54.925,-5.025,17.));
#3810=CARTESIAN_POINT('',(-54.925,-5.025,17.));
#3811=CARTESIAN_POINT('',(-54.925,-5.025,17.));
#3812=CARTESIAN_POINT('',(-54.925,-18.025,17.));
#3813=CARTESIAN_POINT('Origin',(-54.425,-18.025,17.));
#3814=CARTESIAN_POINT('',(-54.425,-18.525,17.));
#3815=CARTESIAN_POINT('Origin',(-54.425,-18.025,17.));
#3816=CARTESIAN_POINT('',(-54.425,-18.525,17.));
#3817=CARTESIAN_POINT('Origin',(-41.425,-18.525,17.));
#3818=CARTESIAN_POINT('',(-41.425,-18.525,17.));
#3819=CARTESIAN_POINT('',(-54.425,-18.525,17.));
#3820=CARTESIAN_POINT('',(-41.425,-18.525,17.));
#3821=CARTESIAN_POINT('Origin',(-41.425,-18.025,17.));
#3822=CARTESIAN_POINT('',(-40.925,-18.025,17.));
#3823=CARTESIAN_POINT('Origin',(-41.425,-18.025,17.));
#3824=CARTESIAN_POINT('',(-40.925,-18.025,17.));
#3825=CARTESIAN_POINT('Origin',(-40.925,-5.025,17.));
#3826=CARTESIAN_POINT('',(-40.925,-5.025,17.));
#3827=CARTESIAN_POINT('',(-40.925,-5.025,17.));
#3828=CARTESIAN_POINT('',(-40.925,-5.025,17.));
#3829=CARTESIAN_POINT('Origin',(-41.425,-5.025,17.));
#3830=CARTESIAN_POINT('',(-41.425,-4.52499999999999,17.));
#3831=CARTESIAN_POINT('Origin',(-41.425,-5.025,17.));
#3832=CARTESIAN_POINT('',(-41.425,-4.52499999999999,17.));
#3833=CARTESIAN_POINT('Origin',(-54.425,-4.525,17.));
#3834=CARTESIAN_POINT('',(-54.425,-4.525,17.));
#3835=CARTESIAN_POINT('',(-54.425,-4.525,17.));
#3836=CARTESIAN_POINT('',(-54.425,-4.525,17.));
#3837=CARTESIAN_POINT('Origin',(-54.425,-5.025,17.));
#3838=CARTESIAN_POINT('Origin',(-54.425,-5.025,17.));
#3839=CARTESIAN_POINT('Origin',(-73.975,-37.075,17.));
#3840=CARTESIAN_POINT('',(-73.975,-37.075,17.));
#3841=CARTESIAN_POINT('',(-73.975,-24.075,17.));
#3842=CARTESIAN_POINT('',(-73.975,-24.075,17.));
#3843=CARTESIAN_POINT('',(-73.975,-24.075,17.));
#3844=CARTESIAN_POINT('',(-73.975,-37.075,17.));
#3845=CARTESIAN_POINT('Origin',(-73.475,-37.075,17.));
#3846=CARTESIAN_POINT('',(-73.475,-37.575,17.));
#3847=CARTESIAN_POINT('Origin',(-73.475,-37.075,17.));
#3848=CARTESIAN_POINT('',(-73.475,-37.575,17.));
#3849=CARTESIAN_POINT('Origin',(-60.475,-37.575,17.));
#3850=CARTESIAN_POINT('',(-60.475,-37.575,17.));
#3851=CARTESIAN_POINT('',(-73.475,-37.575,17.));
#3852=CARTESIAN_POINT('',(-60.475,-37.575,17.));
#3853=CARTESIAN_POINT('Origin',(-60.475,-37.075,17.));
#3854=CARTESIAN_POINT('',(-59.975,-37.075,17.));
#3855=CARTESIAN_POINT('Origin',(-60.475,-37.075,17.));
#3856=CARTESIAN_POINT('',(-59.975,-37.075,17.));
#3857=CARTESIAN_POINT('Origin',(-59.975,-24.075,17.));
#3858=CARTESIAN_POINT('',(-59.975,-24.075,17.));
#3859=CARTESIAN_POINT('',(-59.975,-24.075,17.));
#3860=CARTESIAN_POINT('',(-59.975,-24.075,17.));
#3861=CARTESIAN_POINT('Origin',(-60.475,-24.075,17.));
#3862=CARTESIAN_POINT('',(-60.475,-23.575,17.));
#3863=CARTESIAN_POINT('Origin',(-60.475,-24.075,17.));
#3864=CARTESIAN_POINT('',(-60.475,-23.575,17.));
#3865=CARTESIAN_POINT('Origin',(-73.475,-23.575,17.));
#3866=CARTESIAN_POINT('',(-73.475,-23.575,17.));
#3867=CARTESIAN_POINT('',(-73.475,-23.575,17.));
#3868=CARTESIAN_POINT('',(-73.475,-23.575,17.));
#3869=CARTESIAN_POINT('Origin',(-73.475,-24.075,17.));
#3870=CARTESIAN_POINT('Origin',(-73.475,-24.075,17.));
#3871=CARTESIAN_POINT('Origin',(-38.4,-21.05,17.));
#3872=UNCERTAINTY_MEASURE_WITH_UNIT(LENGTH_MEASURE(0.01),#3876,
'DISTANCE_ACCURACY_VALUE',
'Maximum model space distance between geometric entities at asserted c
onnectivities');
#3873=UNCERTAINTY_MEASURE_WITH_UNIT(LENGTH_MEASURE(0.01),#3876,
'DISTANCE_ACCURACY_VALUE',
'Maximum model space distance between geometric entities at asserted c
onnectivities');
#3874=(
GEOMETRIC_REPRESENTATION_CONTEXT(3)
GLOBAL_UNCERTAINTY_ASSIGNED_CONTEXT((#3872))
GLOBAL_UNIT_ASSIGNED_CONTEXT((#3876,#3878,#3879))
REPRESENTATION_CONTEXT('','3D')
);
#3875=(
GEOMETRIC_REPRESENTATION_CONTEXT(3)
GLOBAL_UNCERTAINTY_ASSIGNED_CONTEXT((#3873))
GLOBAL_UNIT_ASSIGNED_CONTEXT((#3876,#3878,#3879))
REPRESENTATION_CONTEXT('','3D')
);
#3876=(
LENGTH_UNIT()
NAMED_UNIT(*)
SI_UNIT(.MILLI.,.METRE.)
);
#3877=(
LENGTH_UNIT()
NAMED_UNIT(*)
SI_UNIT($,.METRE.)
);
#3878=(
NAMED_UNIT(*)
PLANE_ANGLE_UNIT()
SI_UNIT($,.RADIAN.)
);
#3879=(
NAMED_UNIT(*)
SI_UNIT($,.STERADIAN.)
SOLID_ANGLE_UNIT()
);
#3880=SHAPE_DEFINITION_REPRESENTATION(#3881,#3882);
#3881=PRODUCT_DEFINITION_SHAPE('',$,#3884);
#3882=SHAPE_REPRESENTATION('',(#2318),#3874);
#3883=PRODUCT_DEFINITION_CONTEXT('part definition',#3888,'design');
#3884=PRODUCT_DEFINITION('2026-07-09-19-41-59-376','XacPAD v2 case',#3885,
#3883);
#3885=PRODUCT_DEFINITION_FORMATION('',$,#3890);
#3886=PRODUCT_RELATED_PRODUCT_CATEGORY('XacPAD v2 case',
'XacPAD v2 case',(#3890));
#3887=APPLICATION_PROTOCOL_DEFINITION('international standard',
'automotive_design',2009,#3888);
#3888=APPLICATION_CONTEXT(
'Core Data for Automotive Mechanical Design Process');
#3889=PRODUCT_CONTEXT('part definition',#3888,'mechanical');
#3890=PRODUCT('2026-07-09-19-41-59-376','XacPAD v2 case',$,(#3889));
#3891=PRESENTATION_STYLE_ASSIGNMENT((#3892));
#3892=SURFACE_STYLE_USAGE(.BOTH.,#3893);
#3893=SURFACE_SIDE_STYLE('',(#3894));
#3894=SURFACE_STYLE_FILL_AREA(#3895);
#3895=FILL_AREA_STYLE('Acero - Satinado',(#3896));
#3896=FILL_AREA_STYLE_COLOUR('Acero - Satinado',#3897);
#3897=COLOUR_RGB('Acero - Satinado',0.627450980392157,0.627450980392157,
0.627450980392157);
ENDSEC;
END-ISO-10303-21;
